label,f0,f1,f2,f3,f4,f5,f6,f7,f8,f9,f10,f11,f12,f13,f14,f15,f16,f17,f18,f19,f20,f21,f22,f23,f24,f25,f26,f27,f28,f29,f30,f31,f32,f33,f34,f35,f36,f37,f38,f39,f40,f41,f42,f43,f44,f45,f46,f47,f48,f49,f50,f51,f52,f53,f54,f55,f56,f57,f58,f59,f60,f61,f62,f63,f64,f65,f66,f67,f68,f69,f70,f71,f72,f73,f74,f75,f76,f77,f78,f79,f80,f81,f82,f83,f84,f85,f86,f87,f88,f89,f90,f91,f92,f93,f94,f95,f96,f97,f98,f99,f100,f101,f102,f103,f104,f105,f106,f107,f108,f109,f110,f111,f112,f113,f114,f115,f116,f117,f118,f119,f120,f121,f122,f123,f124,f125
HELLO,0.3415178060531616,0.8674483299255371,6.34296384305344e-07,0.41731879115104675,0.8218994736671448,-0.03220033273100853,0.46468421816825867,0.7271141409873962,-0.04331757873296738,0.4985867142677307,0.6447809934616089,-0.05070614442229271,0.5347052216529846,0.5976054668426514,-0.057987894862890244,0.4135596752166748,0.6034995913505554,-0.0331093966960907,0.4442710280418396,0.5033583641052246,-0.04987935349345207,0.4620533287525177,0.4348996877670288,-0.061670415103435516,0.4748520851135254,0.3806236982345581,-0.07132725417613983,0.361632764339447,0.5893251895904541,-0.032719776034355164,0.3723141551017761,0.48093846440315247,-0.04533781856298447,0.38030359148979187,0.41063934564590454,-0.054280929267406464,0.3856727182865143,0.3516477048397064,-0.06137773394584656,0.31295913457870483,0.6035642623901367,-0.036718521267175674,0.30092138051986694,0.5009715557098389,-0.05699927359819412,0.29655560851097107,0.4289567768573761,-0.07517662644386292,0.2939556837081909,0.37334805727005005,-0.08776716142892838,0.26872944831848145,0.6456606388092041,-0.043144796043634415,0.2146313637495041,0.5853465795516968,-0.07073139399290085,0.17815299332141876,0.542029619216919,-0.088459312915802,0.14963574707508087,0.4998059570789337,-0.09899000823497772,0.0,0.0,0.0,0.0,0.0,0.0,0.0,0.0,0.0,0.0,0.0,0.0,0.0,0.0,0.0,0.0,0.0,0.0,0.0,0.0,0.0,0.0,0.0,0.0,0.0,0.0,0.0,0.0,0.0,0.0,0.0,0.0,0.0,0.0,0.0,0.0,0.0,0.0,0.0,0.0,0.0,0.0,0.0,0.0,0.0,0.0,0.0,0.0,0.0,0.0,0.0,0.0,0.0,0.0,0.0,0.0,0.0,0.0,0.0,0.0,0.0,0.0,0.0
HELLO,0.31633177399635315,0.7607417106628418,3.364252165738435e-07,0.36882245540618896,0.7768754959106445,-0.01779239997267723,0.41450372338294983,0.7478718757629395,-0.020327046513557434,0.4280172288417816,0.6908077001571655,-0.020874762907624245,0.4189174473285675,0.650835394859314,-0.021360285580158234,0.4216943681240082,0.6903420090675354,-0.006139496807008982,0.4606572985649109,0.6472658514976501,-0.01576896570622921,0.4844552278518677,0.6166760921478271,-0.025029383599758148,0.5039147138595581,0.5890852808952332,-0.03179521486163139,0.4052641987800598,0.6630392074584961,-0.004456738941371441,0.4472660720348358,0.6156383752822876,-0.011968971230089664,0.47576940059661865,0.5844406485557556,-0.020627696067094803,0.49851059913635254,0.559440016746521,-0.026577161625027657,0.3848394453525543,0.6462557911872864,-0.0054894438944756985,0.42187702655792236,0.5999956727027893,-0.014178537763655186,0.44871699810028076,0.5736624002456665,-0.022423140704631805,0.4692836105823517,0.5538387894630432,-0.02742418460547924,0.3577781319618225,0.6351379156112671,-0.008299245499074459,0.38435253500938416,0.6000094413757324,-0.016230497509241104,0.4047969877719879,0.5790870189666748,-0.02007044106721878,0.4223829507827759,0.5610557794570923,-0.022290587425231934,0.0,0.0,0.0,0.0,0.0,0.0,0.0,0.0,0.0,0.0,0.0,0.0,0.0,0.0,0.0,0.0,0.0,0.0,0.0,0.0,0.0,0.0,0.0,0.0,0.0,0.0,0.0,0.0,0.0,0.0,0.0,0.0,0.0,0.0,0.0,0.0,0.0,0.0,0.0,0.0,0.0,0.0,0.0,0.0,0.0,0.0,0.0,0.0,0.0,0.0,0.0,0.0,0.0,0.0,0.0,0.0,0.0,0.0,0.0,0.0,0.0,0.0,0.0
HELLO,0.32513532042503357,0.7927696704864502,2.578889279902796e-07,0.3772144317626953,0.7967570424079895,-0.014815968461334705,0.42070460319519043,0.7617843151092529,-0.01695070043206215,0.4369771480560303,0.7098217606544495,-0.018488798290491104,0.4414474070072174,0.6691380143165588,-0.019812287762761116,0.4265018105506897,0.6915357708930969,-0.0025931466370821,0.4596441388130188,0.6424707174301147,-0.01339908316731453,0.4787781238555908,0.608378529548645,-0.023303113877773285,0.4945431053638458,0.5770571231842041,-0.03053130768239498,0.4089381694793701,0.6694656610488892,-0.003763705724850297,0.4463489055633545,0.6176123023033142,-0.013191812671720982,0.4711938500404358,0.5812551379203796,-0.022974325343966484,0.4905846118927002,0.5510864853858948,-0.02973167970776558,0.38740792870521545,0.6578611731529236,-0.007885928265750408,0.42217761278152466,0.6062301993370056,-0.018572235479950905,0.4451761543750763,0.575170636177063,-0.027087660506367683,0.46314698457717896,0.5504882335662842,-0.032251305878162384,0.36004483699798584,0.6539771556854248,-0.013657733798027039,0.3823658525943756,0.613135039806366,-0.024171659722924232,0.4008362293243408,0.5871366858482361,-0.029509300366044044,0.41826799511909485,0.5640562772750854,-0.032599397003650665,0.0,0.0,0.0,0.0,0.0,0.0,0.0,0.0,0.0,0.0,0.0,0.0,0.0,0.0,0.0,0.0,0.0,0.0,0.0,0.0,0.0,0.0,0.0,0.0,0.0,0.0,0.0,0.0,0.0,0.0,0.0,0.0,0.0,0.0,0.0,0.0,0.0,0.0,0.0,0.0,0.0,0.0,0.0,0.0,0.0,0.0,0.0,0.0,0.0,0.0,0.0,0.0,0.0,0.0,0.0,0.0,0.0,0.0,0.0,0.0,0.0,0.0,0.0
HELLO,0.17648747563362122,0.5711094737052917,4.1426432062507956e-07,0.24074670672416687,0.5930856466293335,-0.022309448570013046,0.30331113934516907,0.5491394996643066,-0.025083046406507492,0.32200634479522705,0.47734302282333374,-0.02512323670089245,0.3170042932033539,0.42139774560928345,-0.025712380185723305,0.31548547744750977,0.47108811140060425,-0.013543701730668545,0.3633919954299927,0.4089456796646118,-0.02772500365972519,0.3925878703594208,0.36408597230911255,-0.03978096321225166,0.41574934124946594,0.32475942373275757,-0.048879705369472504,0.2927837669849396,0.4395543932914734,-0.013485513627529144,0.3462275266647339,0.3710276782512665,-0.02642657421529293,0.3828829824924469,0.32514500617980957,-0.03943929448723793,0.4126800000667572,0.28784751892089844,-0.048357997089624405,0.2639341652393341,0.4216976761817932,-0.016539976000785828,0.31536227464675903,0.3543340861797333,-0.03252146765589714,0.35086116194725037,0.31529709696769714,-0.04570047929883003,0.3801591992378235,0.2833918333053589,-0.053597643971443176,0.22567813098430634,0.41164708137512207,-0.021328099071979523,0.262315571308136,0.36164242029190063,-0.03841765224933624,0.29074394702911377,0.3313562572002411,-0.047329653054475784,0.3163590729236603,0.303984671831131,-0.052371732890605927,0.0,0.0,0.0,0.0,0.0,0.0,0.0,0.0,0.0,0.0,0.0,0.0,0.0,0.0,0.0,0.0,0.0,0.0,0.0,0.0,0.0,0.0,0.0,0.0,0.0,0.0,0.0,0.0,0.0,0.0,0.0,0.0,0.0,0.0,0.0,0.0,0.0,0.0,0.0,0.0,0.0,0.0,0.0,0.0,0.0,0.0,0.0,0.0,0.0,0.0,0.0,0.0,0.0,0.0,0.0,0.0,0.0,0.0,0.0,0.0,0.0,0.0,0.0
HELLO,0.4172250032424927,0.7821421027183533,2.2700216106841253e-07,0.4476146399974823,0.794968843460083,-0.010141072794795036,0.4769010841846466,0.7758581042289734,-0.010830255225300789,0.48555952310562134,0.7409458160400391,-0.010477113537490368,0.4872366189956665,0.7146574854850769,-0.010428168810904026,0.48128464818000793,0.7407196164131165,-0.003992349375039339,0.5053833723068237,0.7138208150863647,-0.010950964875519276,0.522100031375885,0.6925792694091797,-0.016887765377759933,0.534915030002594,0.674644947052002,-0.021044382825493813,0.47192469239234924,0.7242213487625122,-0.003631982021033764,0.4990816116333008,0.6953861117362976,-0.009856072254478931,0.5179309248924255,0.6737786531448364,-0.016159266233444214,0.5339811444282532,0.6562614440917969,-0.02033413015305996,0.45980891585350037,0.7129967212677002,-0.004898449871689081,0.486657977104187,0.683510959148407,-0.012358641251921654,0.5048344135284424,0.6643660664558411,-0.018472129479050636,0.5198783278465271,0.6489973068237305,-0.022043732926249504,0.44302988052368164,0.7047491669654846,-0.006922220345586538,0.4622029960155487,0.6825813055038452,-0.014295067638158798,0.47632482647895813,0.6680586338043213,-0.017940416932106018,0.4890700876712799,0.6554519534111023,-0.0199265293776989,0.0,0.0,0.0,0.0,0.0,0.0,0.0,0.0,0.0,0.0,0.0,0.0,0.0,0.0,0.0,0.0,0.0,0.0,0.0,0.0,0.0,0.0,0.0,0.0,0.0,0.0,0.0,0.0,0.0,0.0,0.0,0.0,0.0,0.0,0.0,0.0,0.0,0.0,0.0,0.0,0.0,0.0,0.0,0.0,0.0,0.0,0.0,0.0,0.0,0.0,0.0,0.0,0.0,0.0,0.0,0.0,0.0,0.0,0.0,0.0,0.0,0.0,0.0
HELLO,0.30919092893600464,0.763282299041748,2.8669916218859726e-07,0.35451242327690125,0.7715766429901123,-0.01437112595885992,0.39284321665763855,0.7381378412246704,-0.017143551260232925,0.40492382645606995,0.6892752647399902,-0.018832484260201454,0.4082871079444885,0.651127815246582,-0.020593196153640747,0.40153005719184875,0.6874632239341736,-0.007537635508924723,0.4369939863681793,0.645911455154419,-0.018877558410167694,0.45999276638031006,0.6176743507385254,-0.027964984998106956,0.47864997386932373,0.5923458337783813,-0.03431972488760948,0.3874925971031189,0.6681047081947327,-0.00834270566701889,0.42686909437179565,0.6239712238311768,-0.018105054274201393,0.4536530673503876,0.5959149599075317,-0.026593605056405067,0.47553008794784546,0.5726971626281738,-0.032276030629873276,0.3694361448287964,0.6570777297019958,-0.011653519235551357,0.4060930609703064,0.6115390658378601,-0.022657617926597595,0.4317685663700104,0.5853936672210693,-0.030671682208776474,0.45237213373184204,0.5649477243423462,-0.035274919122457504,0.345757395029068,0.651097297668457,-0.01630832627415657,0.37166014313697815,0.6163173317909241,-0.027105063199996948,0.39211493730545044,0.5948519110679626,-0.03251691535115242,0.40982356667518616,0.5760250091552734,-0.03555212542414665,0.0,0.0,0.0,0.0,0.0,0.0,0.0,0.0,0.0,0.0,0.0,0.0,0.0,0.0,0.0,0.0,0.0,0.0,0.0,0.0,0.0,0.0,0.0,0.0,0.0,0.0,0.0,0.0,0.0,0.0,0.0,0.0,0.0,0.0,0.0,0.0,0.0,0.0,0.0,0.0,0.0,0.0,0.0,0.0,0.0,0.0,0.0,0.0,0.0,0.0,0.0,0.0,0.0,0.0,0.0,0.0,0.0,0.0,0.0,0.0,0.0,0.0,0.0
HELLO,0.32925787568092346,0.7234740257263184,4.048153812163946e-07,0.3879249393939972,0.7273040413856506,-0.011061658151447773,0.4341524541378021,0.7016815543174744,-0.00947821419686079,0.45304447412490845,0.6514362096786499,-0.008769459091126919,0.46136772632598877,0.6105685234069824,-0.007121433038264513,0.4426930844783783,0.656761646270752,0.017306258901953697,0.4766542613506317,0.6229339838027954,0.0115324342623353,0.49984779953956604,0.6002185344696045,0.0030234293080866337,0.5219301581382751,0.5796377062797546,-0.003335308749228716,0.43010804057121277,0.632354199886322,0.015848757699131966,0.46772301197052,0.5959242582321167,0.01121281087398529,0.4932597279548645,0.573441207408905,0.001500484417192638,0.5180177092552185,0.5554479360580444,-0.005285035818815231,0.4152567386627197,0.6136702299118042,0.010601433925330639,0.44981691241264343,0.5784209966659546,0.002631278010085225,0.47589749097824097,0.5556807518005371,-0.006279653869569302,0.5006901025772095,0.5376551151275635,-0.011363387107849121,0.394122838973999,0.5985583662986755,0.003711782628670335,0.42441487312316895,0.5678343772888184,-0.0030223645735532045,0.4457365870475769,0.5502186417579651,-0.006444713566452265,0.46735912561416626,0.5348835587501526,-0.008112085051834583,0.0,0.0,0.0,0.0,0.0,0.0,0.0,0.0,0.0,0.0,0.0,0.0,0.0,0.0,0.0,0.0,0.0,0.0,0.0,0.0,0.0,0.0,0.0,0.0,0.0,0.0,0.0,0.0,0.0,0.0,0.0,0.0,0.0,0.0,0.0,0.0,0.0,0.0,0.0,0.0,0.0,0.0,0.0,0.0,0.0,0.0,0.0,0.0,0.0,0.0,0.0,0.0,0.0,0.0,0.0,0.0,0.0,0.0,0.0,0.0,0.0,0.0,0.0
HELLO,0.11431809514760971,0.759697437286377,3.011675744346576e-07,0.15875689685344696,0.7650314569473267,-0.013917051255702972,0.19384588301181793,0.7304515838623047,-0.017853794619441032,0.19914637506008148,0.6800526976585388,-0.02021898329257965,0.19403496384620667,0.6445799469947815,-0.023276353254914284,0.2010802924633026,0.680940568447113,-0.014942782931029797,0.23295184969902039,0.63218092918396,-0.026990916579961777,0.25204333662986755,0.5975328087806702,-0.03618508577346802,0.2670176029205322,0.5668818950653076,-0.04251301288604736,0.18275709450244904,0.6607023477554321,-0.01624367944896221,0.21761129796504974,0.6086630821228027,-0.026532845571637154,0.2416309267282486,0.5723192095756531,-0.035532448440790176,0.2617344558238983,0.543040931224823,-0.04153420031070709,0.1607278734445572,0.6511386632919312,-0.019097087904810905,0.19277986884117126,0.6000407934188843,-0.03010762296617031,0.21578773856163025,0.5688313245773315,-0.03849586099386215,0.2348700761795044,0.5449439883232117,-0.043424591422080994,0.13285410404205322,0.6485985517501831,-0.02292678877711296,0.15466904640197754,0.6099950671195984,-0.033969052135944366,0.17243582010269165,0.5855614542961121,-0.03887264057993889,0.18837490677833557,0.5644415616989136,-0.04134057089686394,0.0,0.0,0.0,0.0,0.0,0.0,0.0,0.0,0.0,0.0,0.0,0.0,0.0,0.0,0.0,0.0,0.0,0.0,0.0,0.0,0.0,0.0,0.0,0.0,0.0,0.0,0.0,0.0,0.0,0.0,0.0,0.0,0.0,0.0,0.0,0.0,0.0,0.0,0.0,0.0,0.0,0.0,0.0,0.0,0.0,0.0,0.0,0.0,0.0,0.0,0.0,0.0,0.0,0.0,0.0,0.0,0.0,0.0,0.0,0.0,0.0,0.0,0.0
HELLO,0.4760100245475769,0.6323447823524475,2.358070361196951e-07,0.5286206007003784,0.6571001410484314,-0.01328770536929369,0.5771633386611938,0.6309695243835449,-0.012634914368391037,0.59882652759552,0.5801242589950562,-0.011479171924293041,0.6114600896835327,0.5416639447212219,-0.009936826303601265,0.5921023488044739,0.5805264711380005,0.002015624428167939,0.636574923992157,0.5475778579711914,-0.007199387531727552,0.6640897989273071,0.5260554552078247,-0.015557456761598587,0.6875078678131104,0.5070183277130127,-0.021768052130937576,0.5811665654182434,0.5544315576553345,0.00108775170519948,0.6307138204574585,0.5189860463142395,-0.007418796885758638,0.6628305315971375,0.4965381920337677,-0.016233371570706367,0.6900614500045776,0.47859299182891846,-0.02242375910282135,0.5656914114952087,0.5349567532539368,-0.003076734719797969,0.6123862862586975,0.4970899224281311,-0.014105015434324741,0.6435064077377319,0.47760650515556335,-0.022942382842302322,0.6684640049934387,0.4628005027770996,-0.028083592653274536,0.5440574884414673,0.5189588069915771,-0.008710279129445553,0.5784107446670532,0.4906250238418579,-0.01941286213696003,0.6032569408416748,0.47365492582321167,-0.02526998706161976,0.6249955892562866,0.4589034914970398,-0.028910644352436066,0.0,0.0,0.0,0.0,0.0,0.0,0.0,0.0,0.0,0.0,0.0,0.0,0.0,0.0,0.0,0.0,0.0,0.0,0.0,0.0,0.0,0.0,0.0,0.0,0.0,0.0,0.0,0.0,0.0,0.0,0.0,0.0,0.0,0.0,0.0,0.0,0.0,0.0,0.0,0.0,0.0,0.0,0.0,0.0,0.0,0.0,0.0,0.0,0.0,0.0,0.0,0.0,0.0,0.0,0.0,0.0,0.0,0.0,0.0,0.0,0.0,0.0,0.0
HELLO,0.2172185480594635,0.6982718110084534,4.544209843970748e-07,0.277383416891098,0.7108407616615295,-0.022072311490774155,0.3324620723724365,0.6694979667663574,-0.025916093960404396,0.3482089638710022,0.6042914390563965,-0.02770204097032547,0.3452613353729248,0.5526378154754639,-0.029248585924506187,0.34755271673202515,0.5992212891578674,-0.00842143502086401,0.3961178660392761,0.5461317300796509,-0.022504255175590515,0.4261798858642578,0.5085123777389526,-0.0349825881421566,0.4502115845680237,0.4743461012840271,-0.043932195752859116,0.32768821716308594,0.5708168148994446,-0.00811202172189951,0.3803919851779938,0.5139812231063843,-0.02038847841322422,0.4167008697986603,0.47583022713661194,-0.03267282620072365,0.44640079140663147,0.443847119808197,-0.04093557968735695,0.30162352323532104,0.5553861260414124,-0.011517705395817757,0.3500886559486389,0.4991282820701599,-0.02605404146015644,0.3844933807849884,0.46721604466438293,-0.03741432726383209,0.41238775849342346,0.4416598081588745,-0.04383738338947296,0.266921728849411,0.5471522212028503,-0.017023468390107155,0.30137526988983154,0.5047556757926941,-0.031673382967710495,0.3283761143684387,0.47727489471435547,-0.038890451192855835,0.35227707028388977,0.45213982462882996,-0.04272592440247536,0.0,0.0,0.0,0.0,0.0,0.0,0.0,0.0,0.0,0.0,0.0,0.0,0.0,0.0,0.0,0.0,0.0,0.0,0.0,0.0,0.0,0.0,0.0,0.0,0.0,0.0,0.0,0.0,0.0,0.0,0.0,0.0,0.0,0.0,0.0,0.0,0.0,0.0,0.0,0.0,0.0,0.0,0.0,0.0,0.0,0.0,0.0,0.0,0.0,0.0,0.0,0.0,0.0,0.0,0.0,0.0,0.0,0.0,0.0,0.0,0.0,0.0,0.0
HELLO,0.14332228899002075,0.6974272727966309,5.841789061378222e-07,0.21257424354553223,0.7208788394927979,-0.023224299773573875,0.279560387134552,0.668389618396759,-0.027109161019325256,0.30438369512557983,0.5908948183059692,-0.028812730684876442,0.2964203655719757,0.5239676833152771,-0.03195660188794136,0.2929839789867401,0.5819540023803711,-0.016700489446520805,0.3515625298023224,0.5132509469985962,-0.03426901996135712,0.38895338773727417,0.4641871452331543,-0.048265453428030014,0.41936570405960083,0.42047637701034546,-0.058923155069351196,0.2683464586734772,0.5468922853469849,-0.019478866830468178,0.3333859443664551,0.4730397164821625,-0.035572029650211334,0.3785659372806549,0.4221142530441284,-0.05243466794490814,0.41631966829299927,0.3788691759109497,-0.06423134356737137,0.23445728421211243,0.5294301509857178,-0.025439750403165817,0.2957805395126343,0.4549458920955658,-0.044857390224933624,0.33706530928611755,0.411349356174469,-0.062245775014162064,0.3722879886627197,0.37368345260620117,-0.07303948700428009,0.189114049077034,0.521860659122467,-0.033052440732717514,0.2320084273815155,0.46225929260253906,-0.05464642494916916,0.26499634981155396,0.42698460817337036,-0.06697014719247818,0.2957739531993866,0.39407533407211304,-0.07423819601535797,0.0,0.0,0.0,0.0,0.0,0.0,0.0,0.0,0.0,0.0,0.0,0.0,0.0,0.0,0.0,0.0,0.0,0.0,0.0,0.0,0.0,0.0,0.0,0.0,0.0,0.0,0.0,0.0,0.0,0.0,0.0,0.0,0.0,0.0,0.0,0.0,0.0,0.0,0.0,0.0,0.0,0.0,0.0,0.0,0.0,0.0,0.0,0.0,0.0,0.0,0.0,0.0,0.0,0.0,0.0,0.0,0.0,0.0,0.0,0.0,0.0,0.0,0.0
HELLO,0.20586594939231873,0.7157833576202393,3.163752069212933e-07,0.27971020340919495,0.7107046842575073,-0.0117859598249197,0.3346496522426605,0.6652280688285828,-0.011384646408259869,0.35047855973243713,0.5966734886169434,-0.012886575423181057,0.35654839873313904,0.5444092154502869,-0.01390213705599308,0.34921136498451233,0.5936520099639893,0.013152333907783031,0.39854082465171814,0.5362372994422913,0.002288182731717825,0.42599183320999146,0.5007978081703186,-0.009382348507642746,0.4496098756790161,0.46737170219421387,-0.018547669053077698,0.32867497205734253,0.5696097016334534,0.008014407008886337,0.3836829662322998,0.5084720849990845,-0.0018429455813020468,0.41555386781692505,0.471192330121994,-0.015066341497004032,0.443341463804245,0.4365731477737427,-0.025519387796521187,0.30460622906684875,0.5544939637184143,-0.0015596554148942232,0.3544660210609436,0.49678224325180054,-0.01335951779037714,0.38518309593200684,0.46478867530822754,-0.024760378524661064,0.41049259901046753,0.4370931386947632,-0.033040035516023636,0.27398571372032166,0.5443781018257141,-0.013153008185327053,0.3081856966018677,0.5003242492675781,-0.023511746898293495,0.3339358866214752,0.47375234961509705,-0.02985233999788761,0.35791176557540894,0.44744619727134705,-0.03510860726237297,0.0,0.0,0.0,0.0,0.0,0.0,0.0,0.0,0.0,0.0,0.0,0.0,0.0,0.0,0.0,0.0,0.0,0.0,0.0,0.0,0.0,0.0,0.0,0.0,0.0,0.0,0.0,0.0,0.0,0.0,0.0,0.0,0.0,0.0,0.0,0.0,0.0,0.0,0.0,0.0,0.0,0.0,0.0,0.0,0.0,0.0,0.0,0.0,0.0,0.0,0.0,0.0,0.0,0.0,0.0,0.0,0.0,0.0,0.0,0.0,0.0,0.0,0.0
HELLO,0.31678497791290283,0.7252200841903687,2.8011248787152e-07,0.36233121156692505,0.7359582781791687,-0.014704604633152485,0.40209442377090454,0.7039124369621277,-0.016855360940098763,0.4129137694835663,0.651953935623169,-0.017726054415106773,0.4109767973423004,0.6133121848106384,-0.01859600469470024,0.4099125564098358,0.6556603312492371,-0.005703792907297611,0.44436293840408325,0.6131001114845276,-0.01533842459321022,0.46626412868499756,0.5839222073554993,-0.02363015152513981,0.48368602991104126,0.5580877065658569,-0.02968260832130909,0.39544159173965454,0.6342872977256775,-0.005887375213205814,0.4340246915817261,0.5899266004562378,-0.014262335374951363,0.4608803987503052,0.5603548288345337,-0.022655241191387177,0.48263445496559143,0.5361491441726685,-0.02838941104710102,0.37677332758903503,0.6216599345207214,-0.008624213747680187,0.4131327271461487,0.5764975547790527,-0.018853334710001945,0.4381898045539856,0.5509700179100037,-0.027237027883529663,0.4577634930610657,0.5312103629112244,-0.03210875019431114,0.35166847705841064,0.6133908629417419,-0.012683444656431675,0.37684938311576843,0.5809147357940674,-0.022832810878753662,0.3967455327510834,0.5604913830757141,-0.028129201382398605,0.41382870078086853,0.5424224138259888,-0.03121160715818405,0.28291982412338257,0.7522764205932617,1.9915297855277458e-07,0.34684109687805176,0.7385817170143127,-0.007652427069842815,0.39088577032089233,0.7036471366882324,-0.004479324910789728,0.40348273515701294,0.6522217988967896,-0.003650315571576357,0.405590683221817,0.6132916212081909,-0.0021192082203924656,0.4098565876483917,0.6421014666557312,0.02721388265490532,0.4496486186981201,0.6001248955726624,0.025377964600920677,0.46793127059936523,0.5738275051116943,0.017335092648863792,0.4857589900493622,0.5466039180755615,0.009524830617010593,0.3939797282218933,0.6245613098144531,0.02416602335870266,0.4391360878944397,0.5799545049667358,0.02350117824971676,0.46091949939727783,0.5564272999763489,0.01179218478500843,0.4835343360900879,0.5306069850921631,0.0009916556300595403,0.3736940622329712,0.6133096814155579,0.016933199018239975,0.415040522813797,0.5721111297607422,0.01375837903469801,0.437734991312027,0.5493485927581787,0.0027272473089396954,0.45735692977905273,0.5275001525878906,-0.006881855893880129,0.34744811058044434,0.6068320870399475,0.007890859618782997,0.3768993020057678,0.5729971528053284,0.006145454943180084,0.39555874466896057,0.55303955078125,0.0021506082266569138,0.41325458884239197,0.531424880027771,-0.002935172291472554
HELLO,0.32678693532943726,0.7787208557128906,1.3591851200089877e-07,0.3833919167518616,0.7691130638122559,-0.008066138252615929,0.4246901571750641,0.7376389503479004,-0.006368115544319153,0.4379108250141144,0.6878881454467773,-0.00657371012493968,0.44497883319854736,0.6514106392860413,-0.006102573126554489,0.44086235761642456,0.6888637542724609,0.01924292929470539,0.4752601981163025,0.6517899036407471,0.014370368793606758,0.49185067415237427,0.6290193200111389,0.006080827675759792,0.5080322623252869,0.605901300907135,-0.0012955283746123314,0.4246675670146942,0.6715935468673706,0.016067782416939735,0.46259748935699463,0.6332476735115051,0.011475450359284878,0.4828750789165497,0.6110285520553589,0.0010501972865313292,0.5034608244895935,0.5882180333137512,-0.007725139148533344,0.4064050316810608,0.6609220504760742,0.009001101367175579,0.4415239691734314,0.624585747718811,0.002397440606728196,0.46264201402664185,0.6013261079788208,-0.00677922647446394,0.4810695946216583,0.5794677734375,-0.014074617065489292,0.38386091589927673,0.6546313166618347,0.00025085615925490856,0.4088282585144043,0.6258653402328491,-0.005161626730114222,0.42620450258255005,0.6066944599151611,-0.009415277279913425,0.44300639629364014,0.5863271951675415,-0.013617139309644699,0.0,0.0,0.0,0.0,0.0,0.0,0.0,0.0,0.0,0.0,0.0,0.0,0.0,0.0,0.0,0.0,0.0,0.0,0.0,0.0,0.0,0.0,0.0,0.0,0.0,0.0,0.0,0.0,0.0,0.0,0.0,0.0,0.0,0.0,0.0,0.0,0.0,0.0,0.0,0.0,0.0,0.0,0.0,0.0,0.0,0.0,0.0,0.0,0.0,0.0,0.0,0.0,0.0,0.0,0.0,0.0,0.0,0.0,0.0,0.0,0.0,0.0,0.0
HELLO,0.39749377965927124,0.7847146987915039,2.506358498521877e-07,0.4304503798484802,0.7962701320648193,-0.0119080301374197,0.45918524265289307,0.7756124138832092,-0.01403170544654131,0.46671485900878906,0.7394888997077942,-0.014842960052192211,0.47034770250320435,0.7126035690307617,-0.016025863587856293,0.46654021739959717,0.742475688457489,-0.008877755142748356,0.4934731721878052,0.7129630446434021,-0.018168780952692032,0.5108439326286316,0.690222442150116,-0.0254424549639225,0.5242100358009338,0.6703787446022034,-0.030249157920479774,0.45574092864990234,0.7249481678009033,-0.00840858556330204,0.4846837520599365,0.6927235722541809,-0.01673470437526703,0.5039874315261841,0.669009268283844,-0.02382701449096203,0.5211858153343201,0.6493557095527649,-0.028423139825463295,0.4419803321361542,0.7124630808830261,-0.00958076398819685,0.46964937448501587,0.6797524690628052,-0.01831411011517048,0.48832571506500244,0.6593173146247864,-0.024377163499593735,0.5044596791267395,0.6432247161865234,-0.027798760682344437,0.42338576912879944,0.7029111981391907,-0.011695540510118008,0.4442996382713318,0.6791130900382996,-0.019808290526270866,0.4592370390892029,0.6644156575202942,-0.023334285244345665,0.47298938035964966,0.6513371467590332,-0.025090361014008522,0.3693234622478485,0.813347578048706,1.2152553097166674e-07,0.4215843677520752,0.8018364906311035,-0.002690966473892331,0.45594125986099243,0.7713831663131714,0.001424625632353127,0.46873724460601807,0.7284814119338989,0.0029677862767130136,0.4775996506214142,0.6980639696121216,0.005201949272304773,0.46799737215042114,0.7336403131484985,0.024663586169481277,0.49842336773872375,0.7007713913917542,0.022330796346068382,0.513200581073761,0.6806509494781494,0.01616089791059494,0.526788592338562,0.6617672443389893,0.010773707181215286,0.4551045596599579,0.7199891805648804,0.021071046590805054,0.4887092411518097,0.6858689188957214,0.018618861213326454,0.5059437155723572,0.6670698523521423,0.010233000852167606,0.5227696895599365,0.650012731552124,0.0035435312893241644,0.4401520788669586,0.7100528478622437,0.014195416122674942,0.47225117683410645,0.6769853830337524,0.00989820808172226,0.4902033805847168,0.6585008502006531,0.0033277813345193863,0.505685567855835,0.6428873538970947,-0.0016610666643828154,0.42035889625549316,0.7020956873893738,0.0062417639419436455,0.44283321499824524,0.6769963502883911,0.0031300396658480167,0.4575187861919403,0.6611994504928589,0.000877060170751065,0.47187453508377075,0.6452649235725403,-0.0013485709205269814
HELLO,0.2801702618598938,0.7323499321937561,3.271857167419512e-07,0.3233068585395813,0.7348159551620483,-0.014801445417106152,0.3570560812950134,0.6996755599975586,-0.019716806709766388,0.36237215995788574,0.6486978530883789,-0.023025553673505783,0.3573209047317505,0.6110767722129822,-0.027205711230635643,0.35929664969444275,0.6507610082626343,-0.016165969893336296,0.3906334340572357,0.6020610928535461,-0.02906617522239685,0.41051235795021057,0.5685313940048218,-0.038794416934251785,0.42716145515441895,0.5386934280395508,-0.04563227295875549,0.3419803977012634,0.63191157579422,-0.01719721406698227,0.37481391429901123,0.5784026980400085,-0.028297483921051025,0.39802876114845276,0.542551577091217,-0.03792500123381615,0.41783279180526733,0.5130825042724609,-0.04461411014199257,0.32094839215278625,0.6234328150749207,-0.01983867958188057,0.3512443006038666,0.5702896118164062,-0.03177117928862572,0.37259402871131897,0.5390814542770386,-0.040568530559539795,0.38982436060905457,0.5151775479316711,-0.045743465423583984,0.2943708300590515,0.6213661432266235,-0.02352110669016838,0.31478798389434814,0.5814101696014404,-0.035699594765901566,0.33193886280059814,0.5556814074516296,-0.041726626455783844,0.346486896276474,0.5337589979171753,-0.044973134994506836,0.0,0.0,0.0,0.0,0.0,0.0,0.0,0.0,0.0,0.0,0.0,0.0,0.0,0.0,0.0,0.0,0.0,0.0,0.0,0.0,0.0,0.0,0.0,0.0,0.0,0.0,0.0,0.0,0.0,0.0,0.0,0.0,0.0,0.0,0.0,0.0,0.0,0.0,0.0,0.0,0.0,0.0,0.0,0.0,0.0,0.0,0.0,0.0,0.0,0.0,0.0,0.0,0.0,0.0,0.0,0.0,0.0,0.0,0.0,0.0,0.0,0.0,0.0
HELLO,0.2669059634208679,0.7566590309143066,3.2904341651374125e-07,0.3160109519958496,0.7546418905258179,-0.0164378322660923,0.3517827093601227,0.7146963477134705,-0.020704347640275955,0.3580361306667328,0.6619446277618408,-0.023391950875520706,0.3521043658256531,0.6220031976699829,-0.026246126741170883,0.3538196384906769,0.6623511910438538,-0.011747817508876324,0.38649389147758484,0.6109398603439331,-0.02406066283583641,0.4065549969673157,0.5762489438056946,-0.0339566171169281,0.4227573871612549,0.5453072786331177,-0.04081152379512787,0.3355465233325958,0.6432732939720154,-0.011970133520662785,0.37037113308906555,0.5876032114028931,-0.022175226360559464,0.39410215616226196,0.5508526563644409,-0.03125537931919098,0.4133654534816742,0.5209063291549683,-0.03741779550909996,0.31399500370025635,0.6349863409996033,-0.014508857391774654,0.3446001708507538,0.5806956887245178,-0.0255393348634243,0.3674883246421814,0.5483583211898804,-0.03376512974500656,0.3857155442237854,0.5235223174095154,-0.0386192761361599,0.2869161069393158,0.6341404914855957,-0.018536916002631187,0.30785396695137024,0.5935461521148682,-0.02916550077497959,0.3254317045211792,0.5670960545539856,-0.03409993276000023,0.34035158157348633,0.5441567897796631,-0.03678436577320099,0.0,0.0,0.0,0.0,0.0,0.0,0.0,0.0,0.0,0.0,0.0,0.0,0.0,0.0,0.0,0.0,0.0,0.0,0.0,0.0,0.0,0.0,0.0,0.0,0.0,0.0,0.0,0.0,0.0,0.0,0.0,0.0,0.0,0.0,0.0,0.0,0.0,0.0,0.0,0.0,0.0,0.0,0.0,0.0,0.0,0.0,0.0,0.0,0.0,0.0,0.0,0.0,0.0,0.0,0.0,0.0,0.0,0.0,0.0,0.0,0.0,0.0,0.0
HELLO,0.26281872391700745,0.7657210826873779,3.2257722182293946e-07,0.31258624792099,0.7613290548324585,-0.016996880993247032,0.35200396180152893,0.7197136878967285,-0.020385675132274628,0.358938992023468,0.6654330492019653,-0.022269614040851593,0.35297107696533203,0.6251101493835449,-0.02388867549598217,0.35719338059425354,0.6619896292686462,-0.0073875123634934425,0.3890843987464905,0.6104133725166321,-0.01898697204887867,0.4079751670360565,0.5763015747070312,-0.028945473954081535,0.4232725501060486,0.5464527606964111,-0.03591735661029816,0.33771878480911255,0.64244544506073,-0.00756527204066515,0.3717755079269409,0.5864989757537842,-0.017665255814790726,0.3947368264198303,0.550106406211853,-0.026932496577501297,0.4133472144603729,0.5213835835456848,-0.03301436826586723,0.31518441438674927,0.6348687410354614,-0.01057550497353077,0.34613847732543945,0.581109344959259,-0.021971113979816437,0.36872875690460205,0.5498749017715454,-0.029973316937685013,0.38698694109916687,0.5262200832366943,-0.03441900759935379,0.2873164713382721,0.6356298327445984,-0.01530730165541172,0.3085830509662628,0.5958685874938965,-0.026331942528486252,0.3259233832359314,0.5699422359466553,-0.031160995364189148,0.34117451310157776,0.5472374558448792,-0.0335838757455349,0.0,0.0,0.0,0.0,0.0,0.0,0.0,0.0,0.0,0.0,0.0,0.0,0.0,0.0,0.0,0.0,0.0,0.0,0.0,0.0,0.0,0.0,0.0,0.0,0.0,0.0,0.0,0.0,0.0,0.0,0.0,0.0,0.0,0.0,0.0,0.0,0.0,0.0,0.0,0.0,0.0,0.0,0.0,0.0,0.0,0.0,0.0,0.0,0.0,0.0,0.0,0.0,0.0,0.0,0.0,0.0,0.0,0.0,0.0,0.0,0.0,0.0,0.0
HELLO,0.31625834107398987,0.6972261667251587,3.259596610405424e-07,0.3677004873752594,0.7079372406005859,-0.017594335600733757,0.4074256122112274,0.6738374829292297,-0.021430810913443565,0.4196965992450714,0.6188609600067139,-0.023741010576486588,0.42657461762428284,0.5781648755073547,-0.025994734838604927,0.41658470034599304,0.6188132166862488,-0.009027631022036076,0.45376676321029663,0.5679317712783813,-0.021436408162117004,0.4778027832508087,0.5344775319099426,-0.03162334859371185,0.49799323081970215,0.5054842233657837,-0.0386960469186306,0.3983173668384552,0.5952110886573792,-0.008802095428109169,0.4381527602672577,0.5423537492752075,-0.01933549903333187,0.46590983867645264,0.5080604553222656,-0.02918129973113537,0.48940104246139526,0.4812108278274536,-0.03585232049226761,0.37631523609161377,0.581680417060852,-0.011476553976535797,0.41315439343452454,0.5298944115638733,-0.023314394056797028,0.4388149082660675,0.4993797242641449,-0.032203309237957,0.4599860906600952,0.47665685415267944,-0.037308789789676666,0.34778961539268494,0.5736249685287476,-0.015770666301250458,0.37366655468940735,0.5350911617279053,-0.02755029872059822,0.39434611797332764,0.5112040638923645,-0.033382561057806015,0.41298481822013855,0.49025100469589233,-0.03652214631438255,0.28810757398605347,0.7258262634277344,4.6454962898678787e-07,0.3528525233268738,0.7156071066856384,-0.01354696974158287,0.40030476450920105,0.6821660995483398,-0.012618958950042725,0.4169258177280426,0.6235220432281494,-0.0125716682523489,0.4278371334075928,0.576967716217041,-0.011293775402009487,0.4061744809150696,0.6320400834083557,0.02028231881558895,0.43977177143096924,0.5874969959259033,0.014108852483332157,0.4612758159637451,0.5555895566940308,0.003919525071978569,0.48172205686569214,0.5247069001197815,-0.0039446079172194,0.3884871006011963,0.6060352325439453,0.01951136626303196,0.4245065450668335,0.5593571662902832,0.01525997556746006,0.4483474791049957,0.5281991958618164,0.004262369591742754,0.471954882144928,0.5018869638442993,-0.003943783696740866,0.3686164617538452,0.5871832370758057,0.014297313056886196,0.40092238783836365,0.5437074899673462,0.007095342967659235,0.42462265491485596,0.5145815014839172,-0.001407519681379199,0.44730663299560547,0.4909793734550476,-0.006746397353708744,0.3419102430343628,0.5734561681747437,0.006894964724779129,0.3702890872955322,0.5349893569946289,0.000505743024405092,0.3908001184463501,0.5126007199287415,-0.0022088605910539627,0.4122311770915985,0.4927082657814026,-0.003408215707167983
HELLO,0.2851904034614563,0.6299149394035339,5.652314598592056e-07,0.36167171597480774,0.6113782525062561,-0.013684648089110851,0.4104613661766052,0.5708411335945129,-0.010842191986739635,0.4247027635574341,0.5063796043395996,-0.008688682690262794,0.4232589304447174,0.45620760321617126,-0.004817233886569738,0.4134407937526703,0.5371569991111755,0.030402878299355507,0.4455810785293579,0.4905174672603607,0.031026454642415047,0.4661620259284973,0.4580075144767761,0.02219206467270851,0.4869290590286255,0.4239591360092163,0.01421285979449749,0.3934265971183777,0.509059488773346,0.03176097199320793,0.429332971572876,0.46290695667266846,0.03561246395111084,0.45509663224220276,0.43274351954460144,0.025401484221220016,0.4802091419696808,0.4079247713088989,0.01693384349346161,0.37259408831596375,0.4892016053199768,0.028571195900440216,0.40517139434814453,0.44569945335388184,0.028837908059358597,0.430336058139801,0.4164072871208191,0.0200410857796669,0.45351389050483704,0.39075687527656555,0.013762653805315495,0.3473186790943146,0.4749204218387604,0.02292364090681076,0.3744027018547058,0.4348893463611603,0.02345433086156845,0.3922092616558075,0.4112270176410675,0.022435037419199944,0.4107397496700287,0.38996607065200806,0.021658169105648994,0.0,0.0,0.0,0.0,0.0,0.0,0.0,0.0,0.0,0.0,0.0,0.0,0.0,0.0,0.0,0.0,0.0,0.0,0.0,0.0,0.0,0.0,0.0,0.0,0.0,0.0,0.0,0.0,0.0,0.0,0.0,0.0,0.0,0.0,0.0,0.0,0.0,0.0,0.0,0.0,0.0,0.0,0.0,0.0,0.0,0.0,0.0,0.0,0.0,0.0,0.0,0.0,0.0,0.0,0.0,0.0,0.0,0.0,0.0,0.0,0.0,0.0,0.0
HELLO,0.2736773192882538,0.683997392654419,3.92077694755244e-08,0.3223395347595215,0.7044335603713989,-0.011425169184803963,0.36273449659347534,0.6911084055900574,-0.01680484414100647,0.3855922818183899,0.6631452441215515,-0.02189583145081997,0.39641058444976807,0.6301244497299194,-0.02805226668715477,0.3833354711532593,0.6382536888122559,-0.021199312061071396,0.4265364408493042,0.5936716794967651,-0.03492921590805054,0.44573941826820374,0.5681445002555847,-0.04394463449716568,0.46231263875961304,0.5431842803955078,-0.05046491324901581,0.36788421869277954,0.6178488731384277,-0.024915676563978195,0.4153461754322052,0.5740794539451599,-0.03692540526390076,0.4403589963912964,0.5462973117828369,-0.04660468548536301,0.46130460500717163,0.521195113658905,-0.054687656462192535,0.34492820501327515,0.6072661280632019,-0.029635967686772346,0.3870713710784912,0.5720298290252686,-0.0412006676197052,0.4121459424495697,0.5479751825332642,-0.05095839500427246,0.4319336712360382,0.5276713371276855,-0.058724693953990936,0.3176132142543793,0.6044694185256958,-0.035087838768959045,0.34579282999038696,0.5792991518974304,-0.04630231112241745,0.366848349571228,0.558788001537323,-0.052096057683229446,0.38523170351982117,0.5408161282539368,-0.056909676641225815,0.0,0.0,0.0,0.0,0.0,0.0,0.0,0.0,0.0,0.0,0.0,0.0,0.0,0.0,0.0,0.0,0.0,0.0,0.0,0.0,0.0,0.0,0.0,0.0,0.0,0.0,0.0,0.0,0.0,0.0,0.0,0.0,0.0,0.0,0.0,0.0,0.0,0.0,0.0,0.0,0.0,0.0,0.0,0.0,0.0,0.0,0.0,0.0,0.0,0.0,0.0,0.0,0.0,0.0,0.0,0.0,0.0,0.0,0.0,0.0,0.0,0.0,0.0
THANK-YOU,0.6995236873626709,0.9531083106994629,4.070253680765745e-07,0.7435413599014282,0.8919429779052734,-0.01003431249409914,0.7401527762413025,0.82032310962677,-0.013694921508431435,0.718420684337616,0.7629204392433167,-0.014896556735038757,0.7057102918624878,0.7149083018302917,-0.0162110086530447,0.6691036224365234,0.7600416541099548,-0.016295738518238068,0.6245982646942139,0.690069317817688,-0.02351490780711174,0.5996217131614685,0.6462880373001099,-0.027784952893853188,0.579777181148529,0.6118150353431702,-0.03054380789399147,0.6371071934700012,0.7855153679847717,-0.016267700120806694,0.5971824526786804,0.7059171795845032,-0.023241786286234856,0.5739058256149292,0.6541308164596558,-0.028124867007136345,0.557492196559906,0.6132693290710449,-0.031038586050271988,0.6129364371299744,0.8219272494316101,-0.016432559117674828,0.5777254104614258,0.7449846267700195,-0.024446045979857445,0.5579202771186829,0.6936531662940979,-0.0314280241727829,0.5447496771812439,0.6522121429443359,-0.035440944135189056,0.595238983631134,0.8668825626373291,-0.016773514449596405,0.5665944218635559,0.806402325630188,-0.02432117611169815,0.5521582365036011,0.7680245637893677,-0.027996612712740898,0.5423569083213806,0.7338604927062988,-0.029294636100530624,0.0,0.0,0.0,0.0,0.0,0.0,0.0,0.0,0.0,0.0,0.0,0.0,0.0,0.0,0.0,0.0,0.0,0.0,0.0,0.0,0.0,0.0,0.0,0.0,0.0,0.0,0.0,0.0,0.0,0.0,0.0,0.0,0.0,0.0,0.0,0.0,0.0,0.0,0.0,0.0,0.0,0.0,0.0,0.0,0.0,0.0,0.0,0.0,0.0,0.0,0.0,0.0,0.0,0.0,0.0,0.0,0.0,0.0,0.0,0.0,0.0,0.0,0.0
THANK-YOU,0.7048423886299133,0.9943989515304565,4.2938472688547336e-07,0.7500734329223633,0.9216334223747253,-0.008410079404711723,0.7470099925994873,0.8452805876731873,-0.012639041990041733,0.7220742702484131,0.7809702754020691,-0.01475416962057352,0.7094424366950989,0.7249580025672913,-0.01717495359480381,0.6721106171607971,0.7878940105438232,-0.018894249573349953,0.6228616833686829,0.703926682472229,-0.0270204097032547,0.5944437384605408,0.6549534797668457,-0.030539507046341896,0.5720189213752747,0.617003321647644,-0.032390326261520386,0.6357660889625549,0.8174369931221008,-0.020094923675060272,0.5889869928359985,0.7221506834030151,-0.03041333705186844,0.5616746544837952,0.6631606817245483,-0.03555302321910858,0.543256402015686,0.6180603504180908,-0.037704627960920334,0.6093971133232117,0.8577746748924255,-0.020921368151903152,0.567773163318634,0.7681729793548584,-0.031363122165203094,0.5459351539611816,0.7120777368545532,-0.037168536335229874,0.5312937498092651,0.6683360934257507,-0.03937103599309921,0.5914497971534729,0.9063788056373596,-0.021451883018016815,0.5592229962348938,0.8335646986961365,-0.030198128893971443,0.5417658090591431,0.7926514148712158,-0.032227907329797745,0.5286637544631958,0.7589308023452759,-0.03143218904733658,0.0,0.0,0.0,0.0,0.0,0.0,0.0,0.0,0.0,0.0,0.0,0.0,0.0,0.0,0.0,0.0,0.0,0.0,0.0,0.0,0.0,0.0,0.0,0.0,0.0,0.0,0.0,0.0,0.0,0.0,0.0,0.0,0.0,0.0,0.0,0.0,0.0,0.0,0.0,0.0,0.0,0.0,0.0,0.0,0.0,0.0,0.0,0.0,0.0,0.0,0.0,0.0,0.0,0.0,0.0,0.0,0.0,0.0,0.0,0.0,0.0,0.0,0.0
THANK-YOU,0.7152488827705383,1.0490951538085938,5.545530825656897e-07,0.7583479881286621,0.970822274684906,-0.021491827443242073,0.754958987236023,0.8869154453277588,-0.03640075400471687,0.7305440902709961,0.8122496008872986,-0.046521686017513275,0.717819333076477,0.7453168630599976,-0.05699411407113075,0.6756501793861389,0.8420360088348389,-0.04919115826487541,0.6220190525054932,0.736210286617279,-0.06802105158567429,0.5914894342422485,0.6758405566215515,-0.07550529390573502,0.5674698352813721,0.6300147771835327,-0.07908022403717041,0.6364798545837402,0.8777406811714172,-0.047435369342565536,0.5836576819419861,0.7614127993583679,-0.06880122423171997,0.5538411736488342,0.6882315874099731,-0.07849426567554474,0.532792329788208,0.6334466934204102,-0.08344036340713501,0.6092882752418518,0.9205704927444458,-0.04512721300125122,0.5619519948959351,0.8128786087036133,-0.06358982622623444,0.5381497144699097,0.7433090806007385,-0.07342969626188278,0.5224906802177429,0.6898965835571289,-0.07821784168481827,0.5923610925674438,0.9650521278381348,-0.04299168288707733,0.5519636869430542,0.8847068548202515,-0.05893918126821518,0.5322085022926331,0.8345885276794434,-0.0651518702507019,0.5187467932701111,0.7926759123802185,-0.06700421124696732,0.0,0.0,0.0,0.0,0.0,0.0,0.0,0.0,0.0,0.0,0.0,0.0,0.0,0.0,0.0,0.0,0.0,0.0,0.0,0.0,0.0,0.0,0.0,0.0,0.0,0.0,0.0,0.0,0.0,0.0,0.0,0.0,0.0,0.0,0.0,0.0,0.0,0.0,0.0,0.0,0.0,0.0,0.0,0.0,0.0,0.0,0.0,0.0,0.0,0.0,0.0,0.0,0.0,0.0,0.0,0.0,0.0,0.0,0.0,0.0,0.0,0.0,0.0
THANK-YOU,0.6865782737731934,1.038714051246643,8.295457405438356e-07,0.7312619090080261,0.9745677709579468,-0.04105471819639206,0.740196943283081,0.9034232497215271,-0.07071422785520554,0.729440450668335,0.8401716947555542,-0.09348174929618835,0.7147373557090759,0.7751671075820923,-0.11873604357242584,0.6701151132583618,0.867095410823822,-0.08130323141813278,0.6195674538612366,0.7749814391136169,-0.11583615094423294,0.587329626083374,0.7116563320159912,-0.13545452058315277,0.5607829689979553,0.6607183814048767,-0.14716431498527527,0.6320369243621826,0.9050970077514648,-0.07593100517988205,0.5835555195808411,0.8071590065956116,-0.10803232342004776,0.5512950420379639,0.7325148582458496,-0.12838231027126312,0.5268681645393372,0.6703218221664429,-0.14221177995204926,0.6035932302474976,0.9480387568473816,-0.07118094712495804,0.5605010390281677,0.8558062314987183,-0.09853401780128479,0.5315554141998291,0.7866780757904053,-0.11707201600074768,0.5113450288772583,0.7246726751327515,-0.1290455311536789,0.5843144655227661,0.988696277141571,-0.06791900098323822,0.5480072498321533,0.9212424755096436,-0.09332126379013062,0.5261989831924438,0.8731095790863037,-0.10702629387378693,0.5117018818855286,0.8291091918945312,-0.11501278728246689,0.7171469330787659,1.1054959297180176,6.010213837726042e-07,0.7615689039230347,1.0196040868759155,-0.01733499951660633,0.7599685788154602,0.9260136485099792,-0.029403090476989746,0.7340052723884583,0.841009795665741,-0.036605823785066605,0.7167302370071411,0.7695023417472839,-0.04440382868051529,0.6771041750907898,0.8758020401000977,-0.04511618986725807,0.6193520426750183,0.7639577388763428,-0.060737185180187225,0.5859754681587219,0.7009843587875366,-0.06608045846223831,0.5594496726989746,0.6526697278022766,-0.06818383187055588,0.6372779607772827,0.9132359027862549,-0.0436125248670578,0.5801023244857788,0.7887763381004333,-0.06100693345069885,0.5469649434089661,0.7125642895698547,-0.06753657758235931,0.5231242179870605,0.6540424823760986,-0.07042389363050461,0.6089426875114441,0.9584696292877197,-0.041285231709480286,0.5589443445205688,0.8433194756507874,-0.05611417442560196,0.5321413278579712,0.768762469291687,-0.06453048437833786,0.514811635017395,0.7111434936523438,-0.06888297945261002,0.5904203057289124,1.0070562362670898,-0.038896068930625916,0.5469943284988403,0.9232456684112549,-0.051378507167100906,0.5247980356216431,0.8706313967704773,-0.05644988641142845,0.5100244283676147,0.8253418207168579,-0.057928916066884995
THANK-YOU,0.7086878418922424,1.1884691715240479,6.385931783370324e-07,0.7492265701293945,1.1006126403808594,-0.03560824692249298,0.7569953799247742,1.0018855333328247,-0.06383326649665833,0.7431400418281555,0.9135546684265137,-0.08497753739356995,0.7303580641746521,0.8362389802932739,-0.10657736659049988,0.6792410016059875,0.975473940372467,-0.0845545157790184,0.6118729710578918,0.8542425036430359,-0.11963513493537903,0.5731438398361206,0.7839918732643127,-0.13574837148189545,0.5430884957313538,0.728462278842926,-0.14353244006633759,0.6332939863204956,1.0145026445388794,-0.0805601179599762,0.5671558380126953,0.8856821656227112,-0.1118721067905426,0.5289310216903687,0.8035333156585693,-0.1243935227394104,0.502727210521698,0.7377508878707886,-0.13187287747859955,0.5981065034866333,1.0566350221633911,-0.07643207907676697,0.5427258014678955,0.941597580909729,-0.0990498885512352,0.5127817392349243,0.8651449680328369,-0.10856199264526367,0.49374133348464966,0.8030558228492737,-0.11445872485637665,0.5745407342910767,1.0969209671020508,-0.07410705834627151,0.5321323871612549,1.021934986114502,-0.09267992526292801,0.5082904100418091,0.9706206917762756,-0.0998113602399826,0.49243709444999695,0.9267704486846924,-0.10285446792840958,0.0,0.0,0.0,0.0,0.0,0.0,0.0,0.0,0.0,0.0,0.0,0.0,0.0,0.0,0.0,0.0,0.0,0.0,0.0,0.0,0.0,0.0,0.0,0.0,0.0,0.0,0.0,0.0,0.0,0.0,0.0,0.0,0.0,0.0,0.0,0.0,0.0,0.0,0.0,0.0,0.0,0.0,0.0,0.0,0.0,0.0,0.0,0.0,0.0,0.0,0.0,0.0,0.0,0.0,0.0,0.0,0.0,0.0,0.0,0.0,0.0,0.0,0.0
THANK-YOU,0.680184006690979,0.8424109816551208,3.682808085159195e-07,0.724498987197876,0.7746202945709229,-0.007186372298747301,0.7276512384414673,0.7010135054588318,-0.00864697527140379,0.7132633328437805,0.6365393400192261,-0.007857969962060452,0.7119903564453125,0.5853423476219177,-0.006508006248623133,0.6574043035507202,0.6510971784591675,-0.005800995044410229,0.6222659945487976,0.5716415047645569,-0.005515172611922026,0.6011938452720642,0.5270934104919434,-0.005442603956907988,0.584496796131134,0.4947759807109833,-0.005512216128408909,0.6231745481491089,0.6735911965370178,-0.003607330843806267,0.5918056964874268,0.5836701393127441,-0.0027058497071266174,0.5729706883430481,0.5327162742614746,-0.0034102241043001413,0.5587383508682251,0.49383825063705444,-0.003932860214263201,0.5984671115875244,0.7034671902656555,-0.001479506609030068,0.5710340738296509,0.6207624077796936,-0.0014992108335718513,0.5564258098602295,0.5698660612106323,-0.00465595256537199,0.5469774603843689,0.5322424173355103,-0.007190308999270201,0.5821757316589355,0.7374787330627441,0.00036729316343553364,0.5611997842788696,0.6736537218093872,0.0006685373955406249,0.5518946051597595,0.6351193189620972,0.0009340348769910634,0.5463525056838989,0.604261577129364,0.0016598479123786092,0.0,0.0,0.0,0.0,0.0,0.0,0.0,0.0,0.0,0.0,0.0,0.0,0.0,0.0,0.0,0.0,0.0,0.0,0.0,0.0,0.0,0.0,0.0,0.0,0.0,0.0,0.0,0.0,0.0,0.0,0.0,0.0,0.0,0.0,0.0,0.0,0.0,0.0,0.0,0.0,0.0,0.0,0.0,0.0,0.0,0.0,0.0,0.0,0.0,0.0,0.0,0.0,0.0,0.0,0.0,0.0,0.0,0.0,0.0,0.0,0.0,0.0,0.0
THANK-YOU,0.7015238404273987,0.8973907232284546,3.8301550375763327e-07,0.7471341490745544,0.820319652557373,-0.009716765023767948,0.7491729259490967,0.7396696209907532,-0.013951382599771023,0.730050802230835,0.6695463061332703,-0.015580017119646072,0.7221105694770813,0.61226886510849,-0.016963457688689232,0.6733360886573792,0.6946303844451904,-0.016811570152640343,0.627551794052124,0.6051375865936279,-0.022715222090482712,0.6023922562599182,0.5549812912940979,-0.024964522570371628,0.5824272036552429,0.5183337926864624,-0.025867994874715805,0.6368772387504578,0.7214365005493164,-0.0161069817841053,0.5973144769668579,0.6204690933227539,-0.022958742454648018,0.5734381079673767,0.5610837340354919,-0.026798797771334648,0.5559598803520203,0.5171772241592407,-0.028413115069270134,0.6111078262329102,0.7564355134963989,-0.015165981836616993,0.5766595602035522,0.6660330295562744,-0.021548720076680183,0.5583594441413879,0.6087176203727722,-0.025967925786972046,0.547123372554779,0.565477192401886,-0.0281226746737957,0.595008373260498,0.7960151433944702,-0.014398082159459591,0.5677512884140015,0.7246910333633423,-0.01936657540500164,0.5561892986297607,0.680772602558136,-0.02016548067331314,0.5495865345001221,0.6444538831710815,-0.019138867035508156,0.0,0.0,0.0,0.0,0.0,0.0,0.0,0.0,0.0,0.0,0.0,0.0,0.0,0.0,0.0,0.0,0.0,0.0,0.0,0.0,0.0,0.0,0.0,0.0,0.0,0.0,0.0,0.0,0.0,0.0,0.0,0.0,0.0,0.0,0.0,0.0,0.0,0.0,0.0,0.0,0.0,0.0,0.0,0.0,0.0,0.0,0.0,0.0,0.0,0.0,0.0,0.0,0.0,0.0,0.0,0.0,0.0,0.0,0.0,0.0,0.0,0.0,0.0
THANK-YOU,0.7196687459945679,0.9273964762687683,4.349595315034094e-07,0.7597687244415283,0.8377552032470703,-0.004203725606203079,0.7603856325149536,0.7513471245765686,-0.0064675756730139256,0.7399186491966248,0.6722173690795898,-0.006343628279864788,0.7306941151618958,0.6087549328804016,-0.006362059153616428,0.6847466826438904,0.7075168490409851,-0.010704695247113705,0.6366766691207886,0.6134278178215027,-0.01185539085417986,0.608558714389801,0.5613560676574707,-0.012158609926700592,0.584884762763977,0.5221381783485413,-0.012341144494712353,0.647546112537384,0.7355591058731079,-0.010938447900116444,0.6033809185028076,0.6291559934616089,-0.011832120828330517,0.5760660171508789,0.5682900547981262,-0.0131502291187644,0.5556097626686096,0.5228619575500488,-0.0139418113976717,0.6203265190124512,0.7740892171859741,-0.010312401689589024,0.5827892422676086,0.675953209400177,-0.011070678941905499,0.5616937875747681,0.6146560907363892,-0.01398780383169651,0.5470232367515564,0.5680457353591919,-0.01668854057788849,0.6016714572906494,0.8185250163078308,-0.00930454395711422,0.570400595664978,0.7421553134918213,-0.010598924942314625,0.5557560324668884,0.6958781480789185,-0.009704588912427425,0.5451829433441162,0.6557880640029907,-0.008233883418142796,0.0,0.0,0.0,0.0,0.0,0.0,0.0,0.0,0.0,0.0,0.0,0.0,0.0,0.0,0.0,0.0,0.0,0.0,0.0,0.0,0.0,0.0,0.0,0.0,0.0,0.0,0.0,0.0,0.0,0.0,0.0,0.0,0.0,0.0,0.0,0.0,0.0,0.0,0.0,0.0,0.0,0.0,0.0,0.0,0.0,0.0,0.0,0.0,0.0,0.0,0.0,0.0,0.0,0.0,0.0,0.0,0.0,0.0,0.0,0.0,0.0,0.0,0.0
THANK-YOU,0.7113380432128906,0.9563096761703491,4.906952995042957e-07,0.7535244822502136,0.8607158064842224,-0.015106373466551304,0.7543729543685913,0.772979199886322,-0.025235600769519806,0.7333440780639648,0.6918175220489502,-0.031134068965911865,0.7251185178756714,0.6253792643547058,-0.03683951124548912,0.6719204187393188,0.7333031892776489,-0.03162446245551109,0.6202923059463501,0.6342069506645203,-0.04221149533987045,0.5917767882347107,0.5789958238601685,-0.04698896035552025,0.5687244534492493,0.5360263586044312,-0.04955505207180977,0.6323308348655701,0.7658838629722595,-0.029236339032649994,0.5853012204170227,0.6536626815795898,-0.039323512464761734,0.5586137771606445,0.588413417339325,-0.043716978281736374,0.5390071868896484,0.5384383797645569,-0.046154528856277466,0.6051839590072632,0.8055407404899597,-0.026426605880260468,0.564519464969635,0.7035854458808899,-0.034312956035137177,0.543594479560852,0.6394134759902954,-0.03930836170911789,0.5286491513252258,0.589596152305603,-0.0429372638463974,0.5890756845474243,0.8459874987602234,-0.02396329678595066,0.5579606294631958,0.7683617472648621,-0.031725406646728516,0.5415712594985962,0.7219088077545166,-0.033812783658504486,0.5296179056167603,0.6825158596038818,-0.03385092318058014,0.0,0.0,0.0,0.0,0.0,0.0,0.0,0.0,0.0,0.0,0.0,0.0,0.0,0.0,0.0,0.0,0.0,0.0,0.0,0.0,0.0,0.0,0.0,0.0,0.0,0.0,0.0,0.0,0.0,0.0,0.0,0.0,0.0,0.0,0.0,0.0,0.0,0.0,0.0,0.0,0.0,0.0,0.0,0.0,0.0,0.0,0.0,0.0,0.0,0.0,0.0,0.0,0.0,0.0,0.0,0.0,0.0,0.0,0.0,0.0,0.0,0.0,0.0
THANK-YOU,0.6950036287307739,1.038025975227356,4.6691869215464976e-07,0.7467818260192871,0.9390080571174622,-0.018599888309836388,0.7470508813858032,0.8421609401702881,-0.029338546097278595,0.7233430743217468,0.7569299936294556,-0.03514841943979263,0.7138148546218872,0.6861056685447693,-0.040893230587244034,0.6653562784194946,0.8016810417175293,-0.03768865019083023,0.6049107313156128,0.6972063779830933,-0.05079926177859306,0.5708249807357788,0.638515830039978,-0.056291792541742325,0.5430324077606201,0.5936464667320251,-0.059126053005456924,0.6216974258422852,0.8376295566558838,-0.03416005149483681,0.566952645778656,0.7201827168464661,-0.04874590039253235,0.5349079370498657,0.6502429842948914,-0.055938396602869034,0.5112462639808655,0.5961751341819763,-0.05955946445465088,0.58986496925354,0.8790396451950073,-0.030176829546689987,0.5448818802833557,0.7689525485038757,-0.04124973341822624,0.5203653573989868,0.6993418335914612,-0.0487746000289917,0.5026283860206604,0.644413411617279,-0.05314147472381592,0.5703573822975159,0.921006441116333,-0.026721255853772163,0.5348396897315979,0.8364547491073608,-0.03579503670334816,0.5157691240310669,0.7843793034553528,-0.03965529799461365,0.5031865239143372,0.7397574186325073,-0.040565118193626404,0.0,0.0,0.0,0.0,0.0,0.0,0.0,0.0,0.0,0.0,0.0,0.0,0.0,0.0,0.0,0.0,0.0,0.0,0.0,0.0,0.0,0.0,0.0,0.0,0.0,0.0,0.0,0.0,0.0,0.0,0.0,0.0,0.0,0.0,0.0,0.0,0.0,0.0,0.0,0.0,0.0,0.0,0.0,0.0,0.0,0.0,0.0,0.0,0.0,0.0,0.0,0.0,0.0,0.0,0.0,0.0,0.0,0.0,0.0,0.0,0.0,0.0,0.0
THANK-YOU,0.7784375548362732,0.7966424226760864,5.564464800045243e-07,0.8378751277923584,0.6926356554031372,-0.0037144969683140516,0.8400653004646301,0.5879189372062683,-0.008584153838455677,0.8149139285087585,0.4932410418987274,-0.010618463158607483,0.8051251769065857,0.41484129428863525,-0.014019948430359364,0.7507943511009216,0.5273434519767761,-0.03178613632917404,0.6888396739959717,0.405889630317688,-0.041702527552843094,0.6524126529693604,0.33881765604019165,-0.043655525892972946,0.622850239276886,0.286479115486145,-0.04432555288076401,0.7006310820579529,0.5629495978355408,-0.035530369728803635,0.6431111693382263,0.42635318636894226,-0.04772375896573067,0.6087997555732727,0.34621232748031616,-0.0521213673055172,0.5853575468063354,0.286065012216568,-0.05355267971754074,0.6634683609008789,0.6112053990364075,-0.036820851266384125,0.6115970611572266,0.48673874139785767,-0.0475592315196991,0.5846554636955261,0.408623069524765,-0.05321512743830681,0.5666757822036743,0.3482513427734375,-0.055982429534196854,0.6386634707450867,0.6683186888694763,-0.036822594702243805,0.5981983542442322,0.5681313276290894,-0.04638876020908356,0.5792738795280457,0.5097178220748901,-0.048068560659885406,0.5655476450920105,0.45806318521499634,-0.047000132501125336,0.0,0.0,0.0,0.0,0.0,0.0,0.0,0.0,0.0,0.0,0.0,0.0,0.0,0.0,0.0,0.0,0.0,0.0,0.0,0.0,0.0,0.0,0.0,0.0,0.0,0.0,0.0,0.0,0.0,0.0,0.0,0.0,0.0,0.0,0.0,0.0,0.0,0.0,0.0,0.0,0.0,0.0,0.0,0.0,0.0,0.0,0.0,0.0,0.0,0.0,0.0,0.0,0.0,0.0,0.0,0.0,0.0,0.0,0.0,0.0,0.0,0.0,0.0
THANK-YOU,0.8107091784477234,0.9004350900650024,4.760936178627162e-07,0.8663209676742554,0.7770597338676453,0.0027927954215556383,0.8642292022705078,0.6630527377128601,-0.001312891487032175,0.8369503021240234,0.555833101272583,-0.0032365957740694284,0.8267288208007812,0.4704500734806061,-0.00717703765258193,0.7768291234970093,0.6156447529792786,-0.03995845466852188,0.7029107809066772,0.4705101549625397,-0.05261719599366188,0.6624354720115662,0.39333176612854004,-0.052541058510541916,0.6312732100486755,0.3342916667461395,-0.05079464986920357,0.7256600260734558,0.6576352119445801,-0.04755637049674988,0.6533075571060181,0.5004023313522339,-0.06833147257566452,0.6092702150344849,0.4081314206123352,-0.07444529980421066,0.581615149974823,0.33886057138442993,-0.07583434879779816,0.6874879002571106,0.7141461372375488,-0.050902850925922394,0.6271032094955444,0.5684290528297424,-0.0677366629242897,0.5933980941772461,0.47740063071250916,-0.07346481829881668,0.5735875368118286,0.40717118978500366,-0.07486443966627121,0.6611353754997253,0.7805436849594116,-0.051563214510679245,0.6080409288406372,0.6675071120262146,-0.06467539817094803,0.5824705362319946,0.6013343930244446,-0.06599953770637512,0.5633848309516907,0.5421878695487976,-0.0637928694486618,0.0,0.0,0.0,0.0,0.0,0.0,0.0,0.0,0.0,0.0,0.0,0.0,0.0,0.0,0.0,0.0,0.0,0.0,0.0,0.0,0.0,0.0,0.0,0.0,0.0,0.0,0.0,0.0,0.0,0.0,0.0,0.0,0.0,0.0,0.0,0.0,0.0,0.0,0.0,0.0,0.0,0.0,0.0,0.0,0.0,0.0,0.0,0.0,0.0,0.0,0.0,0.0,0.0,0.0,0.0,0.0,0.0,0.0,0.0,0.0,0.0,0.0,0.0
THANK-YOU,0.8103322386741638,1.0125625133514404,5.368111715142732e-07,0.8658921122550964,0.8839969038963318,-0.01413479633629322,0.8612896800041199,0.7575865983963013,-0.031723227351903915,0.8309097290039062,0.6418053507804871,-0.0437367707490921,0.8201992511749268,0.5497449636459351,-0.057669322937726974,0.7771689891815186,0.7214844226837158,-0.07765468955039978,0.6901857852935791,0.5690320730209351,-0.10273811221122742,0.6429698467254639,0.4859786629676819,-0.10797163844108582,0.6050512194633484,0.4239722788333893,-0.10893844813108444,0.7224187254905701,0.7726581692695618,-0.0812692865729332,0.6361854672431946,0.6051757335662842,-0.11283833533525467,0.5882340669631958,0.5088388919830322,-0.12014977633953094,0.5550134181976318,0.4365968704223633,-0.12179602682590485,0.6788000464439392,0.8315964341163635,-0.08090639114379883,0.6069719195365906,0.6750100255012512,-0.10375022143125534,0.5679911971092224,0.5804278254508972,-0.10957499593496323,0.5411500930786133,0.506662130355835,-0.11143876612186432,0.6493313908576965,0.8930841088294983,-0.07926548272371292,0.5928109288215637,0.7759312987327576,-0.09720376878976822,0.5641120672225952,0.7071599960327148,-0.10027378052473068,0.5438187122344971,0.6494892835617065,-0.09911895543336868,0.0,0.0,0.0,0.0,0.0,0.0,0.0,0.0,0.0,0.0,0.0,0.0,0.0,0.0,0.0,0.0,0.0,0.0,0.0,0.0,0.0,0.0,0.0,0.0,0.0,0.0,0.0,0.0,0.0,0.0,0.0,0.0,0.0,0.0,0.0,0.0,0.0,0.0,0.0,0.0,0.0,0.0,0.0,0.0,0.0,0.0,0.0,0.0,0.0,0.0,0.0,0.0,0.0,0.0,0.0,0.0,0.0,0.0,0.0,0.0,0.0,0.0,0.0
THANK-YOU,0.824061930179596,1.1026103496551514,6.777353291909094e-07,0.8814614415168762,0.9816528558731079,-0.049393296241760254,0.8801095485687256,0.8507641553878784,-0.0839882642030716,0.8415942788124084,0.7316197156906128,-0.10705848038196564,0.8185011744499207,0.6252999305725098,-0.13031072914600372,0.7773125767707825,0.821459174156189,-0.11240740865468979,0.6788346171379089,0.6673105955123901,-0.15105609595775604,0.6214694976806641,0.580484926700592,-0.16633616387844086,0.5767611265182495,0.5143718719482422,-0.1739315241575241,0.7159411311149597,0.8785691261291504,-0.1031140387058258,0.6222723722457886,0.712619423866272,-0.14366614818572998,0.5666193962097168,0.6088637709617615,-0.15857844054698944,0.5281442403793335,0.5308757424354553,-0.16696396470069885,0.6710359454154968,0.9389021992683411,-0.09306012094020844,0.5926801562309265,0.7857416272163391,-0.12431640923023224,0.5469627976417542,0.6888332366943359,-0.13802818953990936,0.5151340961456299,0.6104921102523804,-0.1459978222846985,0.6429503560066223,0.9939157962799072,-0.08479101210832596,0.5806575417518616,0.8799650073051453,-0.1125057265162468,0.5455782413482666,0.8090792894363403,-0.12495477497577667,0.5210798978805542,0.7473199367523193,-0.13078974187374115,0.0,0.0,0.0,0.0,0.0,0.0,0.0,0.0,0.0,0.0,0.0,0.0,0.0,0.0,0.0,0.0,0.0,0.0,0.0,0.0,0.0,0.0,0.0,0.0,0.0,0.0,0.0,0.0,0.0,0.0,0.0,0.0,0.0,0.0,0.0,0.0,0.0,0.0,0.0,0.0,0.0,0.0,0.0,0.0,0.0,0.0,0.0,0.0,0.0,0.0,0.0,0.0,0.0,0.0,0.0,0.0,0.0,0.0,0.0,0.0,0.0,0.0,0.0
THANK-YOU,0.7938486337661743,1.2006471157073975,7.413241291942541e-07,0.8594102263450623,1.097335934638977,-0.08836894482374191,0.8803866505622864,0.9855197668075562,-0.15585342049598694,0.8666101694107056,0.8893736004829407,-0.2063867598772049,0.8402850031852722,0.7860822677612305,-0.2592352032661438,0.7581881880760193,0.971766471862793,-0.19911804795265198,0.6681547164916992,0.8480812907218933,-0.27229008078575134,0.6033989191055298,0.777535617351532,-0.31125426292419434,0.552482008934021,0.7293300032615662,-0.33410632610321045,0.6886845231056213,1.0380315780639648,-0.18218426406383514,0.596224308013916,0.9012612104415894,-0.2541092038154602,0.5370311141014099,0.8182312846183777,-0.2884310185909271,0.4951600134372711,0.7635034918785095,-0.31311696767807007,0.6396433115005493,1.0958340167999268,-0.16538330912590027,0.5600540637969971,0.9770638942718506,-0.22000445425510406,0.5068302154541016,0.8952473998069763,-0.24780280888080597,0.4712664783000946,0.8355703949928284,-0.2670188844203949,0.6106441617012024,1.1433185338974,-0.15279804170131683,0.5426682829856873,1.0500518083572388,-0.1958591789007187,0.5009295344352722,0.9837008118629456,-0.22029303014278412,0.47071900963783264,0.9339587688446045,-0.23736333847045898,0.0,0.0,0.0,0.0,0.0,0.0,0.0,0.0,0.0,0.0,0.0,0.0,0.0,0.0,0.0,0.0,0.0,0.0,0.0,0.0,0.0,0.0,0.0,0.0,0.0,0.0,0.0,0.0,0.0,0.0,0.0,0.0,0.0,0.0,0.0,0.0,0.0,0.0,0.0,0.0,0.0,0.0,0.0,0.0,0.0,0.0,0.0,0.0,0.0,0.0,0.0,0.0,0.0,0.0,0.0,0.0,0.0,0.0,0.0,0.0,0.0,0.0,0.0
THANK-YOU,0.6304547786712646,0.6586726307868958,1.5073631232098705e-07,0.6576051712036133,0.6168379187583923,-0.0006749395979568362,0.6619886159896851,0.5701705813407898,-0.0006352331838570535,0.6554954648017883,0.5320329070091248,-0.0005552767543122172,0.6514489650726318,0.502232015132904,-0.0006296757492236793,0.6208900213241577,0.5314371585845947,-0.00047034479212015867,0.5976967811584473,0.4861310124397278,-0.0019222248811274767,0.5848541855812073,0.4612095355987549,-0.0037945429794490337,0.5743769407272339,0.44173121452331543,-0.0054342676885426044,0.5995196104049683,0.543341338634491,-0.0027553392574191093,0.5784390568733215,0.4927852749824524,-0.004023694433271885,0.565362274646759,0.46291249990463257,-0.006607328541576862,0.5562317967414856,0.44049257040023804,-0.008639921434223652,0.5825574994087219,0.5619856715202332,-0.005004754289984703,0.564644455909729,0.5137697458267212,-0.006952793803066015,0.554180383682251,0.483471155166626,-0.010161404497921467,0.5470715165138245,0.45986098051071167,-0.012716072611510754,0.5693632364273071,0.5858733057975769,-0.00713280588388443,0.5548226237297058,0.550051212310791,-0.00906167458742857,0.5463026762008667,0.5277108550071716,-0.009683022275567055,0.5401890277862549,0.5082829594612122,-0.009796082973480225,0.0,0.0,0.0,0.0,0.0,0.0,0.0,0.0,0.0,0.0,0.0,0.0,0.0,0.0,0.0,0.0,0.0,0.0,0.0,0.0,0.0,0.0,0.0,0.0,0.0,0.0,0.0,0.0,0.0,0.0,0.0,0.0,0.0,0.0,0.0,0.0,0.0,0.0,0.0,0.0,0.0,0.0,0.0,0.0,0.0,0.0,0.0,0.0,0.0,0.0,0.0,0.0,0.0,0.0,0.0,0.0,0.0,0.0,0.0,0.0,0.0,0.0,0.0
THANK-YOU,0.6374641060829163,0.6827762126922607,1.8674315072075842e-07,0.6683632731437683,0.6371893286705017,-0.0023339297622442245,0.6743171811103821,0.5878125429153442,-0.003422002773731947,0.6657835841178894,0.5458983182907104,-0.0038174784276634455,0.6607726812362671,0.512377142906189,-0.004426396917551756,0.6315762400627136,0.5500615239143372,-0.0056439475156366825,0.6051868200302124,0.49894461035728455,-0.009244111366569996,0.5901450514793396,0.4694604277610779,-0.012015401385724545,0.5785320401191711,0.44690048694610596,-0.013820009306073189,0.6070235371589661,0.5632075071334839,-0.007230713032186031,0.583016037940979,0.5055810213088989,-0.010397548787295818,0.5694428086280823,0.4696180820465088,-0.013769717887043953,0.5608206391334534,0.4419277608394623,-0.016159500926733017,0.5877369046211243,0.582501232624054,-0.008609868586063385,0.5674644708633423,0.528987467288971,-0.011481253430247307,0.5567060112953186,0.4941307008266449,-0.015363533049821854,0.5511544942855835,0.46673908829689026,-0.0182284414768219,0.5732146501541138,0.6064200401306152,-0.009884551167488098,0.557852566242218,0.5655015707015991,-0.012586213648319244,0.5505751371383667,0.5392672419548035,-0.013734914362430573,0.5468878149986267,0.5160346627235413,-0.01398446224629879,0.0,0.0,0.0,0.0,0.0,0.0,0.0,0.0,0.0,0.0,0.0,0.0,0.0,0.0,0.0,0.0,0.0,0.0,0.0,0.0,0.0,0.0,0.0,0.0,0.0,0.0,0.0,0.0,0.0,0.0,0.0,0.0,0.0,0.0,0.0,0.0,0.0,0.0,0.0,0.0,0.0,0.0,0.0,0.0,0.0,0.0,0.0,0.0,0.0,0.0,0.0,0.0,0.0,0.0,0.0,0.0,0.0,0.0,0.0,0.0,0.0,0.0,0.0
THANK-YOU,0.6444840431213379,0.7059785723686218,2.1359154800393299e-07,0.6750585436820984,0.6557024717330933,-0.0021210270933806896,0.6804477572441101,0.6043789982795715,-0.00465043168514967,0.6720134615898132,0.5594198107719421,-0.006761814001947641,0.6695414185523987,0.522963285446167,-0.009564998559653759,0.6388466358184814,0.5693734884262085,-0.010290896520018578,0.611691951751709,0.5106956362724304,-0.016553707420825958,0.5951810479164124,0.47703516483306885,-0.020404411479830742,0.5816503763198853,0.45123186707496643,-0.022768700495362282,0.6136444807052612,0.5843316912651062,-0.013161541894078255,0.5878902673721313,0.5181446075439453,-0.019815240055322647,0.5723412036895752,0.4781925678253174,-0.024608761072158813,0.5610964298248291,0.44739747047424316,-0.027579452842473984,0.5938403010368347,0.6055985689163208,-0.015453234314918518,0.5721927285194397,0.544522225856781,-0.020839830860495567,0.559839129447937,0.5065324306488037,-0.024835843592882156,0.5521230101585388,0.4771740436553955,-0.02737710252404213,0.5788403749465942,0.6309682130813599,-0.01744934543967247,0.5626686811447144,0.5828887224197388,-0.0216732956469059,0.5546154975891113,0.5536674857139587,-0.02247413992881775,0.5494858026504517,0.5283127427101135,-0.022191042080521584,0.0,0.0,0.0,0.0,0.0,0.0,0.0,0.0,0.0,0.0,0.0,0.0,0.0,0.0,0.0,0.0,0.0,0.0,0.0,0.0,0.0,0.0,0.0,0.0,0.0,0.0,0.0,0.0,0.0,0.0,0.0,0.0,0.0,0.0,0.0,0.0,0.0,0.0,0.0,0.0,0.0,0.0,0.0,0.0,0.0,0.0,0.0,0.0,0.0,0.0,0.0,0.0,0.0,0.0,0.0,0.0,0.0,0.0,0.0,0.0,0.0,0.0,0.0
THANK-YOU,0.6409866213798523,0.7417057752609253,2.611233185234596e-07,0.6701602339744568,0.6878464221954346,-0.007125763222575188,0.674894392490387,0.632832944393158,-0.013280096463859081,0.6669443249702454,0.5821012854576111,-0.01767771504819393,0.6669253706932068,0.5419216752052307,-0.022641906514763832,0.6305385231971741,0.6015123724937439,-0.02206367254257202,0.6025775074958801,0.5338327884674072,-0.03152260184288025,0.5850651264190674,0.4952903389930725,-0.03608015924692154,0.5706278681755066,0.46661603450775146,-0.0385616309940815,0.60414719581604,0.6175241470336914,-0.02298697456717491,0.5773133039474487,0.5447889566421509,-0.032930247485637665,0.5608760118484497,0.500576376914978,-0.038341280072927475,0.5494446754455566,0.4684298634529114,-0.04128871485590935,0.5836175680160522,0.639037549495697,-0.023174991831183434,0.5595093369483948,0.5728674530982971,-0.030592845752835274,0.5472871661186218,0.5299257040023804,-0.03539060801267624,0.5398390293121338,0.49756842851638794,-0.03835560753941536,0.5690696239471436,0.6630443930625916,-0.023314740508794785,0.5520550608634949,0.610766589641571,-0.02980080433189869,0.5424982309341431,0.5775580406188965,-0.03231341391801834,0.5361979603767395,0.549230694770813,-0.03288087993860245,0.0,0.0,0.0,0.0,0.0,0.0,0.0,0.0,0.0,0.0,0.0,0.0,0.0,0.0,0.0,0.0,0.0,0.0,0.0,0.0,0.0,0.0,0.0,0.0,0.0,0.0,0.0,0.0,0.0,0.0,0.0,0.0,0.0,0.0,0.0,0.0,0.0,0.0,0.0,0.0,0.0,0.0,0.0,0.0,0.0,0.0,0.0,0.0,0.0,0.0,0.0,0.0,0.0,0.0,0.0,0.0,0.0,0.0,0.0,0.0,0.0,0.0,0.0
THANK-YOU,0.6406475901603699,0.7962862253189087,2.5737583086993254e-07,0.6725507378578186,0.7383711338043213,-0.009803339838981628,0.6800038814544678,0.6772580742835999,-0.01754683069884777,0.6717096567153931,0.6223534345626831,-0.022495217621326447,0.6653439998626709,0.5794265270233154,-0.028042985126376152,0.6326404809951782,0.652940571308136,-0.03150787577033043,0.5996577739715576,0.5794110298156738,-0.04203628748655319,0.5821046829223633,0.5390649437904358,-0.045199841260910034,0.5683028697967529,0.5083749890327454,-0.046414948999881744,0.6049569249153137,0.6720353364944458,-0.03191935643553734,0.5745956301689148,0.5909881591796875,-0.04331078752875328,0.5578721761703491,0.5437176823616028,-0.04766473174095154,0.5470860600471497,0.5083996653556824,-0.04990791156888008,0.5834364891052246,0.6961938142776489,-0.031329214572906494,0.5580878257751465,0.6216378808021545,-0.04026687890291214,0.5449622273445129,0.5751350522041321,-0.04525751248002052,0.5372045040130615,0.5386946797370911,-0.04840566962957382,0.567703127861023,0.7233097553253174,-0.030657239258289337,0.5477703213691711,0.6658352613449097,-0.039313673973083496,0.53831946849823,0.6319903135299683,-0.04278546944260597,0.532375693321228,0.6029869318008423,-0.044035594910383224,0.0,0.0,0.0,0.0,0.0,0.0,0.0,0.0,0.0,0.0,0.0,0.0,0.0,0.0,0.0,0.0,0.0,0.0,0.0,0.0,0.0,0.0,0.0,0.0,0.0,0.0,0.0,0.0,0.0,0.0,0.0,0.0,0.0,0.0,0.0,0.0,0.0,0.0,0.0,0.0,0.0,0.0,0.0,0.0,0.0,0.0,0.0,0.0,0.0,0.0,0.0,0.0,0.0,0.0,0.0,0.0,0.0,0.0,0.0,0.0,0.0,0.0,0.0
THANK-YOU,0.6458240747451782,0.8515444993972778,2.527984293010377e-07,0.6781775951385498,0.7922110557556152,-0.017020078375935555,0.6853126287460327,0.7329061031341553,-0.031218266114592552,0.6763004064559937,0.677797257900238,-0.04100535064935684,0.671379566192627,0.6328548789024353,-0.05163673684000969,0.6354270577430725,0.7146556973457336,-0.049020957201719284,0.5986059308052063,0.6390941143035889,-0.06531310081481934,0.5783489346504211,0.5989298224449158,-0.07208875566720963,0.5620970726013184,0.5672315955162048,-0.0757073312997818,0.6049904227256775,0.7371202707290649,-0.04734806716442108,0.5705823302268982,0.6541642546653748,-0.06298801302909851,0.5519375801086426,0.6058531403541565,-0.0690409392118454,0.5407895445823669,0.5691478848457336,-0.07307762652635574,0.5823686122894287,0.7631239891052246,-0.04458646848797798,0.553253173828125,0.6860624551773071,-0.05681445822119713,0.5392197966575623,0.638740599155426,-0.062819704413414,0.5322297811508179,0.601357102394104,-0.06709646433591843,0.5672637224197388,0.7892324328422546,-0.042120322585105896,0.5444281101226807,0.7288181781768799,-0.05413110554218292,0.5342555046081543,0.6933192014694214,-0.059328995645046234,0.5284316539764404,0.6623450517654419,-0.06197863817214966,0.0,0.0,0.0,0.0,0.0,0.0,0.0,0.0,0.0,0.0,0.0,0.0,0.0,0.0,0.0,0.0,0.0,0.0,0.0,0.0,0.0,0.0,0.0,0.0,0.0,0.0,0.0,0.0,0.0,0.0,0.0,0.0,0.0,0.0,0.0,0.0,0.0,0.0,0.0,0.0,0.0,0.0,0.0,0.0,0.0,0.0,0.0,0.0,0.0,0.0,0.0,0.0,0.0,0.0,0.0,0.0,0.0,0.0,0.0,0.0,0.0,0.0,0.0
THANK-YOU,0.666431725025177,0.7966431379318237,4.059214404605882e-07,0.6862805485725403,0.7245497107505798,-0.0012568258680403233,0.6887829899787903,0.660527229309082,-0.005988930817693472,0.6804072260856628,0.6064029335975647,-0.011043399572372437,0.6765007376670837,0.5642179250717163,-0.017091253772377968,0.6431622505187988,0.6372937560081482,-0.012387443333864212,0.6131271123886108,0.5695543885231018,-0.0220131054520607,0.5936567783355713,0.5285898447036743,-0.02872992679476738,0.5770363807678223,0.49564576148986816,-0.0326312854886055,0.6175215840339661,0.6532452702522278,-0.017252758145332336,0.588233232498169,0.5782918930053711,-0.024261878803372383,0.5700858235359192,0.5330106019973755,-0.030988575890660286,0.5578290820121765,0.49739640951156616,-0.03541923314332962,0.5974592566490173,0.6752206087112427,-0.02104027383029461,0.572709858417511,0.6066619753837585,-0.026108723133802414,0.5568183660507202,0.5615335702896118,-0.031239861622452736,0.5470889806747437,0.5259741544723511,-0.03528236225247383,0.5831322073936462,0.702653169631958,-0.02450205571949482,0.5648605823516846,0.6486851572990417,-0.029666632413864136,0.554627537727356,0.6159897446632385,-0.030037110671401024,0.5475292801856995,0.587357759475708,-0.028946001082658768,0.0,0.0,0.0,0.0,0.0,0.0,0.0,0.0,0.0,0.0,0.0,0.0,0.0,0.0,0.0,0.0,0.0,0.0,0.0,0.0,0.0,0.0,0.0,0.0,0.0,0.0,0.0,0.0,0.0,0.0,0.0,0.0,0.0,0.0,0.0,0.0,0.0,0.0,0.0,0.0,0.0,0.0,0.0,0.0,0.0,0.0,0.0,0.0,0.0,0.0,0.0,0.0,0.0,0.0,0.0,0.0,0.0,0.0,0.0,0.0,0.0,0.0,0.0
THANK-YOU,0.6597431302070618,0.8154481649398804,3.050531915960164e-07,0.6839224696159363,0.7486249208450317,-0.006427939515560865,0.6892070770263672,0.6850926876068115,-0.013691947795450687,0.6806747317314148,0.6287797093391418,-0.019186662510037422,0.6738088130950928,0.5855251550674438,-0.02501501329243183,0.6399127244949341,0.6631571054458618,-0.02379770763218403,0.6061223745346069,0.5880825519561768,-0.03393521532416344,0.5874324440956116,0.5474945306777954,-0.038639526814222336,0.5729591846466064,0.5160752534866333,-0.04075939580798149,0.6125789880752563,0.6828370690345764,-0.025397513061761856,0.581052839756012,0.6001535654067993,-0.034018706530332565,0.5627033114433289,0.5526636242866516,-0.03800246864557266,0.5503354668617249,0.5175157785415649,-0.04056605324149132,0.5924540162086487,0.7066336274147034,-0.026130231097340584,0.5659918785095215,0.6309292316436768,-0.03144898638129234,0.5522204637527466,0.5859858989715576,-0.03422662615776062,0.5443894863128662,0.552591860294342,-0.03671960160136223,0.5781725645065308,0.732573390007019,-0.02692875638604164,0.5584848523139954,0.6764621734619141,-0.03162473812699318,0.5488633513450623,0.6426584124565125,-0.032106202095746994,0.5424280166625977,0.6147800087928772,-0.031686823815107346,0.0,0.0,0.0,0.0,0.0,0.0,0.0,0.0,0.0,0.0,0.0,0.0,0.0,0.0,0.0,0.0,0.0,0.0,0.0,0.0,0.0,0.0,0.0,0.0,0.0,0.0,0.0,0.0,0.0,0.0,0.0,0.0,0.0,0.0,0.0,0.0,0.0,0.0,0.0,0.0,0.0,0.0,0.0,0.0,0.0,0.0,0.0,0.0,0.0,0.0,0.0,0.0,0.0,0.0,0.0,0.0,0.0,0.0,0.0,0.0,0.0,0.0,0.0
THANK-YOU,0.6082900166511536,0.6552626490592957,1.6937234192937467e-07,0.6313180923461914,0.6145578026771545,-0.002897211816161871,0.6335326433181763,0.5724297761917114,-0.005087155383080244,0.6263266205787659,0.5373929142951965,-0.006823359988629818,0.6214490532875061,0.5095484852790833,-0.008566709235310555,0.5926970839500427,0.5382527112960815,-0.005245116073638201,0.5676917433738708,0.4962957799434662,-0.008666621521115303,0.5536656975746155,0.4734717011451721,-0.011326472274959087,0.5425556898117065,0.45619574189186096,-0.013147859834134579,0.5729213953018188,0.5511438250541687,-0.0070088631473481655,0.5500741004943848,0.5040764212608337,-0.00950830988585949,0.5356484651565552,0.47655707597732544,-0.012099859304726124,0.5255423188209534,0.4561947286128998,-0.014019710943102837,0.5571856498718262,0.570666491985321,-0.008791136555373669,0.53794926404953,0.526360809803009,-0.011201607063412666,0.5263280272483826,0.4988632798194885,-0.01395485084503889,0.5184674859046936,0.477325975894928,-0.016152314841747284,0.5453107357025146,0.5948358178138733,-0.010660484433174133,0.5301998257637024,0.5614181160926819,-0.012647854164242744,0.5213627219200134,0.5410939455032349,-0.012890435755252838,0.5150647163391113,0.5234116911888123,-0.012719325721263885,0.6346850991249084,0.7332237958908081,2.701946471006522e-07,0.641206681728363,0.6527752876281738,0.011716673150658607,0.6358966827392578,0.5920156836509705,0.017933230847120285,0.6277354955673218,0.5496007204055786,0.02165282890200615,0.6232641339302063,0.5167404413223267,0.025426747277379036,0.602404773235321,0.5702640414237976,0.020040668547153473,0.5768764019012451,0.5207631587982178,0.023226715624332428,0.5602377653121948,0.4914429187774658,0.021831776946783066,0.547106921672821,0.4677211046218872,0.020676180720329285,0.5811158418655396,0.5870993137359619,0.01559311244636774,0.5571475625038147,0.5358676910400391,0.019526170566678047,0.5420982241630554,0.5066749453544617,0.01775975339114666,0.5315450429916382,0.4810747504234314,0.016089240089058876,0.5642668604850769,0.6068423390388489,0.011773529462516308,0.5453047752380371,0.5625268220901489,0.017380239441990852,0.5312915444374084,0.5347598195075989,0.018008431419730186,0.5206119418144226,0.5112762451171875,0.01722346805036068,0.5538560748100281,0.6297541260719299,0.008651540614664555,0.5393877029418945,0.5917766094207764,0.014663813635706902,0.5298165082931519,0.5699952840805054,0.01914980076253414,0.5210782289505005,0.5512025356292725,0.02248583547770977
THANK-YOU,0.6260282397270203,0.6898276209831238,1.681224404137538e-07,0.6450501680374146,0.6301577687263489,0.0076066311448812485,0.6461291313171387,0.5818244218826294,0.01000419445335865,0.6378785967826843,0.5438167452812195,0.010676235891878605,0.6339142322540283,0.5122988820075989,0.011163506656885147,0.6049896478652954,0.548559308052063,0.006690667942166328,0.5783495306968689,0.5015591382980347,0.005654074717313051,0.5640010833740234,0.47797301411628723,0.004821326583623886,0.5524489283561707,0.45893752574920654,0.0042914729565382,0.584613561630249,0.5628609657287598,0.0010229095350950956,0.5580592155456543,0.5087695121765137,-0.0005620380979962647,0.5453137755393982,0.48038581013679504,-0.0013489045668393373,0.5367496013641357,0.45745500922203064,-0.0017347799148410559,0.5692538619041443,0.5835490822792053,-0.004084907937794924,0.5457686185836792,0.5349684953689575,-0.004617312923073769,0.5340190529823303,0.506443202495575,-0.004032067023217678,0.5270246863365173,0.48203474283218384,-0.0040323673747479916,0.5582613945007324,0.60853511095047,-0.008630686439573765,0.5409390926361084,0.5714637637138367,-0.007470862008631229,0.5325495004653931,0.548524022102356,-0.004159598611295223,0.5276215076446533,0.5284160375595093,-0.0014759381301701069,0.0,0.0,0.0,0.0,0.0,0.0,0.0,0.0,0.0,0.0,0.0,0.0,0.0,0.0,0.0,0.0,0.0,0.0,0.0,0.0,0.0,0.0,0.0,0.0,0.0,0.0,0.0,0.0,0.0,0.0,0.0,0.0,0.0,0.0,0.0,0.0,0.0,0.0,0.0,0.0,0.0,0.0,0.0,0.0,0.0,0.0,0.0,0.0,0.0,0.0,0.0,0.0,0.0,0.0,0.0,0.0,0.0,0.0,0.0,0.0,0.0,0.0,0.0
THANK-YOU,0.6020525693893433,0.7121672630310059,2.008561068578274e-07,0.6263899207115173,0.6578162908554077,0.0033867035526782274,0.6294597387313843,0.6088536381721497,0.0037930875550955534,0.6221502423286438,0.568031370639801,0.003656587330624461,0.6227239966392517,0.5374734401702881,0.0031620473600924015,0.5894895792007446,0.5764036774635315,-0.0018297055503353477,0.5631498098373413,0.5214956402778625,-0.005272313021123409,0.5479550957679749,0.4919022023677826,-0.007371949031949043,0.5362248420715332,0.4693983793258667,-0.008606943301856518,0.566523551940918,0.5906960964202881,-0.005708697717636824,0.5415031313896179,0.5291481614112854,-0.009651622734963894,0.5275376439094543,0.4952409863471985,-0.01214434951543808,0.5183437466621399,0.4698616862297058,-0.013391867280006409,0.5484719276428223,0.6107702255249023,-0.008803030475974083,0.5262178182601929,0.5550089478492737,-0.011285979300737381,0.5150353908538818,0.5222040414810181,-0.012788173742592335,0.5082467794418335,0.49728402495384216,-0.01381552591919899,0.5348438024520874,0.6346122026443481,-0.011370089836418629,0.5190567970275879,0.59190833568573,-0.012579192407429218,0.5108616948127747,0.5668798089027405,-0.011434062384068966,0.5059369802474976,0.5454326868057251,-0.009936155751347542,0.0,0.0,0.0,0.0,0.0,0.0,0.0,0.0,0.0,0.0,0.0,0.0,0.0,0.0,0.0,0.0,0.0,0.0,0.0,0.0,0.0,0.0,0.0,0.0,0.0,0.0,0.0,0.0,0.0,0.0,0.0,0.0,0.0,0.0,0.0,0.0,0.0,0.0,0.0,0.0,0.0,0.0,0.0,0.0,0.0,0.0,0.0,0.0,0.0,0.0,0.0,0.0,0.0,0.0,0.0,0.0,0.0,0.0,0.0,0.0,0.0,0.0,0.0
THANK-YOU,0.6158325672149658,0.7431865334510803,1.993941793898557e-07,0.641357421875,0.6886963844299316,-0.0047935787588357925,0.6439045667648315,0.6342089772224426,-0.009020318277180195,0.6346942782402039,0.5884936451911926,-0.012246246449649334,0.6321895122528076,0.5519095659255981,-0.016061358153820038,0.6008620858192444,0.6089875102043152,-0.017107797786593437,0.5744218826293945,0.5456920266151428,-0.024613449349999428,0.5585600733757019,0.5107706785202026,-0.028683975338935852,0.5456557869911194,0.48389020562171936,-0.03115193545818329,0.5776154398918152,0.6254267692565918,-0.019284235313534737,0.5511685609817505,0.5564642548561096,-0.0265909805893898,0.5349727869033813,0.515245795249939,-0.0312038641422987,0.5234723091125488,0.4840676486492157,-0.03426491469144821,0.5602757334709167,0.6469086408615112,-0.020826289430260658,0.5375393629074097,0.5838597416877747,-0.026738880202174187,0.5240912437438965,0.5450875759124756,-0.03111170418560505,0.5151245594024658,0.5149957537651062,-0.0342436283826828,0.5481282472610474,0.6711883544921875,-0.022261660546064377,0.5292593836784363,0.6232872605323792,-0.027732720598578453,0.5189445614814758,0.5937690734863281,-0.029500041157007217,0.5116622447967529,0.5690284371376038,-0.029997996985912323,0.0,0.0,0.0,0.0,0.0,0.0,0.0,0.0,0.0,0.0,0.0,0.0,0.0,0.0,0.0,0.0,0.0,0.0,0.0,0.0,0.0,0.0,0.0,0.0,0.0,0.0,0.0,0.0,0.0,0.0,0.0,0.0,0.0,0.0,0.0,0.0,0.0,0.0,0.0,0.0,0.0,0.0,0.0,0.0,0.0,0.0,0.0,0.0,0.0,0.0,0.0,0.0,0.0,0.0,0.0,0.0,0.0,0.0,0.0,0.0,0.0,0.0,0.0
SIGN,0.6464051008224487,0.7527669668197632,1.0225240743011454e-07,0.6626982688903809,0.6936340928077698,-0.012936231680214405,0.6595259308815002,0.639305830001831,-0.023692019283771515,0.6412127614021301,0.6085298657417297,-0.031892865896224976,0.6305698156356812,0.5826275944709778,-0.041136063635349274,0.6199397444725037,0.649970293045044,-0.038771260529756546,0.5795679688453674,0.6197046041488647,-0.05435137450695038,0.5558615922927856,0.6035049557685852,-0.0622866116464138,0.536544919013977,0.5910868048667908,-0.06708370894193649,0.6002500653266907,0.6849965453147888,-0.03896266967058182,0.5592435002326965,0.6517307162284851,-0.054307837039232254,0.5329059958457947,0.6315904259681702,-0.061675697565078735,0.5124433636665344,0.6144003868103027,-0.06723165512084961,0.5854039788246155,0.7153460383415222,-0.03853615000844002,0.5487960577011108,0.6848491430282593,-0.050928983837366104,0.5244224071502686,0.6632182598114014,-0.05701034888625145,0.5059119462966919,0.6445680856704712,-0.061292972415685654,0.5751923322677612,0.741509735584259,-0.038513317704200745,0.5441213846206665,0.7151858806610107,-0.0494178831577301,0.5244123935699463,0.6978410482406616,-0.05456860363483429,0.5078209638595581,0.6815209984779358,-0.057728901505470276,0.4551945626735687,0.6968247294425964,1.9444695453785243e-07,0.45639464259147644,0.6623177528381348,-0.011694740504026413,0.4781865179538727,0.6202338933944702,-0.01761431060731411,0.5064781308174133,0.5949988961219788,-0.022123107686638832,0.5262712836265564,0.5757357478141785,-0.02602536976337433,0.5098233819007874,0.5866265296936035,-0.014972458593547344,0.5335332751274109,0.5328596234321594,-0.028096968308091164,0.5492444634437561,0.4904624819755554,-0.03809649869799614,0.5613209009170532,0.4563358426094055,-0.04495793208479881,0.5108104944229126,0.5871794819831848,-0.017434721812605858,0.5331857204437256,0.5235096216201782,-0.029913228005170822,0.5495644211769104,0.4775184988975525,-0.03936346247792244,0.563511848449707,0.44179967045783997,-0.04537358507514,0.5043628215789795,0.588757336139679,-0.021056540310382843,0.5215290188789368,0.5268700122833252,-0.033801428973674774,0.5325318574905396,0.48199090361595154,-0.04180654510855675,0.5424402356147766,0.447587788105011,-0.04632764309644699,0.4909495413303375,0.5934194922447205,-0.025614313781261444,0.5005561709403992,0.5464445948600769,-0.03838719427585602,0.5062702298164368,0.513103723526001,-0.04412026330828667,0.5126617550849915,0.48570218682289124,-0.0467732697725296
SIGN,0.6411604285240173,0.7586482763290405,1.9196346556782373e-07,0.6593325138092041,0.6998120546340942,-0.016264179721474648,0.6557974815368652,0.6484108567237854,-0.028344037011265755,0.6351015567779541,0.6170567274093628,-0.036983639001846313,0.618772566318512,0.5929693579673767,-0.046385906636714935,0.6112539768218994,0.6563242077827454,-0.040074530988931656,0.5677977800369263,0.6258960962295532,-0.056517593562603,0.5415143966674805,0.6117597222328186,-0.06532943993806839,0.5196918845176697,0.6028008460998535,-0.0703435093164444,0.5908067226409912,0.6909669041633606,-0.03810346499085426,0.5457630157470703,0.6577334403991699,-0.05381119251251221,0.5175648927688599,0.6397081017494202,-0.06165802478790283,0.4955584406852722,0.6247972249984741,-0.06707925349473953,0.5755647420883179,0.7210016250610352,-0.03579992800951004,0.5356788635253906,0.6897671222686768,-0.04799814894795418,0.509953498840332,0.6695882081985474,-0.05425262451171875,0.49020540714263916,0.6530311703681946,-0.0583692342042923,0.5659141540527344,0.745586633682251,-0.034142520278692245,0.5343233942985535,0.718346893787384,-0.044837236404418945,0.5140376687049866,0.7028048038482666,-0.050010960549116135,0.4970809817314148,0.6890338659286499,-0.0527280792593956,0.43963247537612915,0.713917076587677,1.5225853644551535e-07,0.43993666768074036,0.6593872308731079,-0.005316630471497774,0.4636468291282654,0.6100600361824036,-0.009368421509861946,0.49649643898010254,0.5879720449447632,-0.013274609111249447,0.5222635269165039,0.581886887550354,-0.017539644613862038,0.4748305678367615,0.5901217460632324,-0.012803532183170319,0.5017340183258057,0.5343813896179199,-0.024824708700180054,0.518259584903717,0.4959089457988739,-0.033040449023246765,0.5323828458786011,0.465958833694458,-0.038490161299705505,0.49150505661964417,0.5983529090881348,-0.01755341701209545,0.5207082629203796,0.5326195955276489,-0.029271401464939117,0.540985107421875,0.4885440766811371,-0.03755722939968109,0.5582417249679565,0.4531421363353729,-0.04256739467382431,0.5023050904273987,0.611889660358429,-0.022722095251083374,0.5256083011627197,0.5452107191085815,-0.03362118452787399,0.5391933917999268,0.49893268942832947,-0.04046683385968208,0.5496068596839905,0.462920218706131,-0.044339314103126526,0.507943868637085,0.6283255815505981,-0.028250010684132576,0.5197687149047852,0.5761638283729553,-0.0371166467666626,0.5243020057678223,0.540562093257904,-0.04023250937461853,0.5278765559196472,0.5132684111595154,-0.041666530072689056
SIGN,0.437089741230011,0.7311890721321106,1.0430894548107972e-07,0.4782409071922302,0.7035014033317566,-0.003574306843802333,0.5005648732185364,0.6485525965690613,-0.005683735944330692,0.5074625015258789,0.6029026508331299,-0.009058436378836632,0.5067063570022583,0.5679759979248047,-0.013884647749364376,0.49978047609329224,0.6038223505020142,-0.008055539801716805,0.5092507600784302,0.541351854801178,-0.022410579025745392,0.5155715346336365,0.4969491958618164,-0.03383976221084595,0.5208510160446167,0.46132892370224,-0.041961923241615295,0.48570534586906433,0.6013137102127075,-0.01594834215939045,0.49767351150512695,0.5307464003562927,-0.030920149758458138,0.5078620314598083,0.48353785276412964,-0.04285646229982376,0.5173230171203613,0.44397056102752686,-0.05078651010990143,0.4691665470600128,0.6069815754890442,-0.024829881265759468,0.4845409691333771,0.5397778153419495,-0.04059235006570816,0.49560219049453735,0.4959132969379425,-0.050785426050424576,0.5042222142219543,0.4592975378036499,-0.05670689791440964,0.4510743319988251,0.6199077367782593,-0.03376633673906326,0.4620594084262848,0.5688856244087219,-0.04850328341126442,0.46952253580093384,0.5337132811546326,-0.055544573813676834,0.475705087184906,0.5034069418907166,-0.05958808213472366,0.0,0.0,0.0,0.0,0.0,0.0,0.0,0.0,0.0,0.0,0.0,0.0,0.0,0.0,0.0,0.0,0.0,0.0,0.0,0.0,0.0,0.0,0.0,0.0,0.0,0.0,0.0,0.0,0.0,0.0,0.0,0.0,0.0,0.0,0.0,0.0,0.0,0.0,0.0,0.0,0.0,0.0,0.0,0.0,0.0,0.0,0.0,0.0,0.0,0.0,0.0,0.0,0.0,0.0,0.0,0.0,0.0,0.0,0.0,0.0,0.0,0.0,0.0
SIGN,0.3890959322452545,0.7199454307556152,3.243414141707035e-07,0.3947758972644806,0.6483041644096375,-0.006747722160071135,0.41936996579170227,0.5926638841629028,-0.01664021983742714,0.45004573464393616,0.5588499307632446,-0.02459876984357834,0.4695863425731659,0.5341910719871521,-0.03299790620803833,0.4321063756942749,0.6081767082214355,-0.03642220422625542,0.48828908801078796,0.5833872556686401,-0.05263322591781616,0.5190368890762329,0.5705352425575256,-0.06005479767918587,0.542827844619751,0.5593353509902954,-0.06382984668016434,0.44419461488723755,0.6494935154914856,-0.04052143916487694,0.5049247145652771,0.6205060482025146,-0.05401747301220894,0.5390453338623047,0.6012980937957764,-0.05732869729399681,0.5642193555831909,0.5855710506439209,-0.06051008030772209,0.4552585780620575,0.6879063844680786,-0.043654438108205795,0.5100851655006409,0.6585322022438049,-0.05604025349020958,0.5419195890426636,0.6372948288917542,-0.05825171247124672,0.5640591382980347,0.6188921332359314,-0.05970681831240654,0.46428245306015015,0.7211147546768188,-0.04648032411932945,0.5061874389648438,0.695277214050293,-0.05522671341896057,0.5283792018890381,0.6794506311416626,-0.05530817434191704,0.5446171760559082,0.6650032997131348,-0.05517536401748657,0.0,0.0,0.0,0.0,0.0,0.0,0.0,0.0,0.0,0.0,0.0,0.0,0.0,0.0,0.0,0.0,0.0,0.0,0.0,0.0,0.0,0.0,0.0,0.0,0.0,0.0,0.0,0.0,0.0,0.0,0.0,0.0,0.0,0.0,0.0,0.0,0.0,0.0,0.0,0.0,0.0,0.0,0.0,0.0,0.0,0.0,0.0,0.0,0.0,0.0,0.0,0.0,0.0,0.0,0.0,0.0,0.0,0.0,0.0,0.0,0.0,0.0,0.0
SIGN,0.4430066645145416,0.688438355922699,2.0585369497894135e-07,0.47353386878967285,0.6712742447853088,-0.011527184396982193,0.4956297278404236,0.6163908243179321,-0.015136447735130787,0.5070973038673401,0.5747506022453308,-0.01853453367948532,0.5154274702072144,0.5399183630943298,-0.022515980526804924,0.4924808144569397,0.5573744773864746,-0.012389500625431538,0.506211519241333,0.49732211232185364,-0.02720814198255539,0.5169859528541565,0.45439988374710083,-0.039173565804958344,0.5243889689445496,0.4169122576713562,-0.04742928966879845,0.4792371988296509,0.5555517077445984,-0.016644218936562538,0.4971085786819458,0.4893963932991028,-0.03136400505900383,0.5102865695953369,0.441707581281662,-0.04379924386739731,0.5207602381706238,0.39845019578933716,-0.05192292109131813,0.46295860409736633,0.5592736601829529,-0.022593755275011063,0.4813321828842163,0.49455827474594116,-0.037621449679136276,0.49493515491485596,0.45065373182296753,-0.047280337661504745,0.5044951438903809,0.41246432065963745,-0.052446573972702026,0.4431315064430237,0.5683246850967407,-0.029544662684202194,0.458975613117218,0.5173853039741516,-0.04379890486598015,0.4715995490550995,0.4832214415073395,-0.050278838723897934,0.48200416564941406,0.4542413353919983,-0.053461235016584396,0.41895392537117004,0.7092950344085693,2.2713284408837353e-07,0.467873215675354,0.6804583668708801,-0.002398551907390356,0.49413952231407166,0.6247072815895081,0.00014714509597979486,0.5052750110626221,0.5800796747207642,-0.00045894281356595457,0.5146517753601074,0.543891429901123,-0.0016400758177042007,0.4837924540042877,0.5796012282371521,0.014720573090016842,0.4946072995662689,0.5311989188194275,0.004635109566152096,0.504380464553833,0.49452096223831177,-0.0071249958127737045,0.513370931148529,0.45932185649871826,-0.01565825194120407,0.4713400900363922,0.5727086067199707,0.007155235391110182,0.4858649969100952,0.5197204947471619,-0.0024623547215014696,0.49697378277778625,0.4797297716140747,-0.014492876827716827,0.507517397403717,0.44527000188827515,-0.02261730097234249,0.4569973945617676,0.5703003406524658,-0.00308024394325912,0.4733469486236572,0.5172566771507263,-0.014810746535658836,0.48567065596580505,0.4756530821323395,-0.02424025721848011,0.4967194199562073,0.44134849309921265,-0.028976324945688248,0.440168559551239,0.5741549730300903,-0.01418971735984087,0.45821723341941833,0.5267851948738098,-0.023757638409733772,0.4728158712387085,0.49291571974754333,-0.028540808707475662,0.4855886697769165,0.4654448628425598,-0.030833562836050987
SIGN,0.6603166460990906,0.7507525682449341,1.9726554967292032e-07,0.6534794569015503,0.690335750579834,-0.007925043813884258,0.6284970045089722,0.6288178563117981,-0.01865166239440441,0.6076961755752563,0.5866466164588928,-0.027604157105088234,0.6043411493301392,0.5473095178604126,-0.03889700397849083,0.6264068484306335,0.6506618857383728,-0.04865443706512451,0.5883187055587769,0.6216033697128296,-0.06893641501665115,0.5639697313308716,0.6031419038772583,-0.07910199463367462,0.5424942374229431,0.5851626396179199,-0.08617214858531952,0.6163402199745178,0.6934176087379456,-0.055088311433792114,0.5785701274871826,0.6643326878547668,-0.07622066140174866,0.55061936378479,0.641280472278595,-0.08539580553770065,0.5273212194442749,0.6201131939888,-0.09317071735858917,0.6073986291885376,0.7373790740966797,-0.06009189411997795,0.5732759237289429,0.7098958492279053,-0.07981083542108536,0.5493276119232178,0.6860936880111694,-0.08726044744253159,0.5301836133003235,0.6635162234306335,-0.09257160872220993,0.6001743674278259,0.7796564698219299,-0.06451250612735748,0.5700899362564087,0.756900429725647,-0.08183038234710693,0.5515376925468445,0.7405985593795776,-0.08854670077562332,0.5363116264343262,0.7249941825866699,-0.09347230195999146,0.41315269470214844,0.7545059323310852,2.840623949396104e-07,0.45676255226135254,0.735772967338562,-0.010315992869436741,0.47472453117370605,0.668242335319519,-0.013364584185183048,0.47858619689941406,0.6161962151527405,-0.016092946752905846,0.4813120365142822,0.5779504776000977,-0.02049877867102623,0.4648591876029968,0.6162712574005127,-0.01860089972615242,0.471686989068985,0.5490686893463135,-0.03595335781574249,0.4783812463283539,0.4978938400745392,-0.0488753505051136,0.4835016429424286,0.4563419818878174,-0.05803045630455017,0.4492437243461609,0.6173040866851807,-0.02408539317548275,0.45819059014320374,0.5433109402656555,-0.041285816580057144,0.4672045409679413,0.4885866045951843,-0.054861608892679214,0.476466566324234,0.4415251612663269,-0.06373991817235947,0.43322044610977173,0.6316227912902832,-0.030497662723064423,0.44367876648902893,0.5623515248298645,-0.04902343451976776,0.45120301842689514,0.5154180526733398,-0.06030550226569176,0.458812415599823,0.47386062145233154,-0.0666826143860817,0.4164665937423706,0.656889796257019,-0.03732573240995407,0.4257352948188782,0.612776517868042,-0.05622970312833786,0.43541309237480164,0.5800520181655884,-0.06481825560331345,0.4461008310317993,0.5502304434776306,-0.06930763274431229
SIGN,0.6389902234077454,0.7473138570785522,3.3010516631293285e-07,0.6026188135147095,0.7380394339561462,-0.013559186831116676,0.5678784847259521,0.713092029094696,-0.026745270937681198,0.5432949662208557,0.6784381866455078,-0.038601867854595184,0.5248464941978455,0.647996187210083,-0.0508108027279377,0.5565760135650635,0.7219374775886536,-0.03676474094390869,0.5122537016868591,0.6953838467597961,-0.06015107035636902,0.4849594831466675,0.6671062707901001,-0.07411316782236099,0.4645410180091858,0.6405370235443115,-0.0823376476764679,0.5653868913650513,0.7037913799285889,-0.04049619287252426,0.525721549987793,0.6608543395996094,-0.0639309361577034,0.4990167021751404,0.6221531629562378,-0.07600722461938858,0.4806486666202545,0.5913010835647583,-0.08290952444076538,0.5830463767051697,0.680959939956665,-0.044696174561977386,0.5444548726081848,0.6344935894012451,-0.06623972207307816,0.516486644744873,0.5928953886032104,-0.07660520076751709,0.497891366481781,0.5596387982368469,-0.08120197057723999,0.6065288782119751,0.6544386744499207,-0.04914392530918121,0.5745879411697388,0.6101566553115845,-0.06639593094587326,0.5504609942436218,0.5741446018218994,-0.07393992692232132,0.5322556495666504,0.5432458519935608,-0.07756919413805008,0.0,0.0,0.0,0.0,0.0,0.0,0.0,0.0,0.0,0.0,0.0,0.0,0.0,0.0,0.0,0.0,0.0,0.0,0.0,0.0,0.0,0.0,0.0,0.0,0.0,0.0,0.0,0.0,0.0,0.0,0.0,0.0,0.0,0.0,0.0,0.0,0.0,0.0,0.0,0.0,0.0,0.0,0.0,0.0,0.0,0.0,0.0,0.0,0.0,0.0,0.0,0.0,0.0,0.0,0.0,0.0,0.0,0.0,0.0,0.0,0.0,0.0,0.0
SIGN,0.5983355045318604,0.8542030453681946,5.375593445933191e-07,0.5507075786590576,0.84406977891922,-0.00540101807564497,0.503025233745575,0.7989382147789001,-0.014847464859485626,0.47391277551651,0.7523433566093445,-0.024484749883413315,0.45211464166641235,0.7151660323143005,-0.03656325116753578,0.5019894242286682,0.7515971064567566,-0.03414102643728256,0.4643203616142273,0.6852500438690186,-0.061173126101493835,0.43753379583358765,0.6317998170852661,-0.07949984818696976,0.4146091341972351,0.5846211314201355,-0.09151525795459747,0.5140023231506348,0.7356926202774048,-0.04501916468143463,0.4736764132976532,0.6566493511199951,-0.07286256551742554,0.4416939914226532,0.5949280261993408,-0.09004754573106766,0.4166802763938904,0.5409139394760132,-0.10054808109998703,0.5347379446029663,0.7257366180419922,-0.055480848997831345,0.49256473779678345,0.6477149128913879,-0.08259843289852142,0.46231088042259216,0.5893682241439819,-0.09622485935688019,0.43808868527412415,0.5386459231376648,-0.10315223038196564,0.5622301697731018,0.720494270324707,-0.06534906476736069,0.5283305048942566,0.6555066108703613,-0.08862996846437454,0.5028340220451355,0.6109112501144409,-0.09821699559688568,0.48041442036628723,0.5703438520431519,-0.10349461436271667,0.3274509012699127,0.825372576713562,3.4191629083579755e-07,0.3227907717227936,0.7424713373184204,-0.0320090726017952,0.346393883228302,0.6722556352615356,-0.056709956377744675,0.3755377531051636,0.6405640840530396,-0.07292740046977997,0.3916850686073303,0.6446233987808228,-0.08858675509691238,0.36531949043273926,0.7192980051040649,-0.08980397880077362,0.41231977939605713,0.7120671272277832,-0.1261414736509323,0.45013538002967834,0.7058627009391785,-0.14751967787742615,0.48513326048851013,0.7007993459701538,-0.16230091452598572,0.3857918977737427,0.7790594696998596,-0.08613923192024231,0.44201168417930603,0.7660635113716125,-0.12159842997789383,0.4835929274559021,0.7532564997673035,-0.13682736456394196,0.5192078351974487,0.7416441440582275,-0.14925788342952728,0.40344780683517456,0.8221598267555237,-0.08153485506772995,0.454850971698761,0.810914158821106,-0.11270228028297424,0.4933238625526428,0.7980653643608093,-0.1224379688501358,0.5259459018707275,0.7856071591377258,-0.12865661084651947,0.41879796981811523,0.8484294414520264,-0.07793021202087402,0.463161826133728,0.8403867483139038,-0.10410218685865402,0.4893997311592102,0.8308560252189636,-0.11544372886419296,0.5155501365661621,0.8178905248641968,-0.1237853541970253
SIGN,0.6290619373321533,0.8944238424301147,-1.1892122131484939e-07,0.6147130727767944,0.7866491079330444,-0.0010836983565241098,0.5748964548110962,0.7187690138816833,-0.004227174911648035,0.5436570644378662,0.6801561117172241,-0.005103442817926407,0.5311465859413147,0.6878904104232788,-0.009605947881937027,0.5162035226821899,0.7687821984291077,-0.02505365200340748,0.44216856360435486,0.7826221585273743,-0.03596261516213417,0.3994632959365845,0.8023080229759216,-0.04766617342829704,0.36605674028396606,0.823093831539154,-0.05581248924136162,0.5158998370170593,0.8374992609024048,-0.026644235476851463,0.43761491775512695,0.8579167723655701,-0.04074972867965698,0.3858715891838074,0.8712818026542664,-0.05687819421291351,0.34555163979530334,0.887126088142395,-0.07092572748661041,0.5191971659660339,0.891954779624939,-0.0246660765260458,0.45057952404022217,0.9018644690513611,-0.03503210097551346,0.4042908549308777,0.9065056443214417,-0.044661857187747955,0.37290191650390625,0.9133135080337524,-0.05202122777700424,0.5288792848587036,0.9302231669425964,-0.02105575054883957,0.4709492623806,0.9307212829589844,-0.02470397762954235,0.4383115768432617,0.934110164642334,-0.022446230053901672,0.41499441862106323,0.9367894530296326,-0.02111916057765484,0.3128703534603119,0.8808327913284302,2.2215394324121007e-07,0.3653034269809723,0.8330903649330139,0.007372483145445585,0.4030883014202118,0.7618400454521179,0.004535610321909189,0.4309845268726349,0.710464358329773,-0.0014807201223447919,0.4473544955253601,0.6651387214660645,-0.01100519672036171,0.4017261862754822,0.7304452061653137,-0.025212131440639496,0.43051275610923767,0.6531014442443848,-0.05312003567814827,0.45316922664642334,0.5881115198135376,-0.07376269996166229,0.47343334555625916,0.5361818671226501,-0.08886441588401794,0.39184507727622986,0.7347720861434937,-0.04424749314785004,0.4157700538635254,0.6359788179397583,-0.07661368697881699,0.4361622631549835,0.5601085424423218,-0.10141249746084213,0.4513915181159973,0.5044050812721252,-0.11910409480333328,0.3715219497680664,0.749961793422699,-0.06073775142431259,0.3936954140663147,0.6512731909751892,-0.09139792621135712,0.4094489812850952,0.5783362984657288,-0.10789716243743896,0.4231669306755066,0.523493230342865,-0.11810006201267242,0.3438569903373718,0.7698500752449036,-0.07510391622781754,0.35655659437179565,0.7032743692398071,-0.10495230555534363,0.3688686192035675,0.6542066931724548,-0.11696924269199371,0.38053685426712036,0.6106863617897034,-0.1236850917339325
SIGN,0.2523045241832733,0.7980867028236389,6.821983333793469e-07,0.25347062945365906,0.6995604634284973,-0.03919139876961708,0.2789037227630615,0.6217547059059143,-0.07145707309246063,0.2999304533004761,0.5635968446731567,-0.09464351087808609,0.2916935682296753,0.5147476196289062,-0.1186223104596138,0.2701435089111328,0.6500869989395142,-0.11499273777008057,0.3143879473209381,0.6124473214149475,-0.1669466495513916,0.35703736543655396,0.5798979997634888,-0.19724492728710175,0.39531439542770386,0.554245114326477,-0.21700811386108398,0.2982465326786041,0.7126237154006958,-0.11376481503248215,0.35472777485847473,0.6683415770530701,-0.1637098640203476,0.39825814962387085,0.627453088760376,-0.1849299967288971,0.4325270652770996,0.5941183567047119,-0.20155948400497437,0.3253754675388336,0.7670568227767944,-0.11224418133497238,0.38179418444633484,0.7301759719848633,-0.1583055555820465,0.42131704092025757,0.6924760937690735,-0.1752937138080597,0.4511107802391052,0.6590943932533264,-0.1863880753517151,0.3482035994529724,0.8113942742347717,-0.1117095798254013,0.39548641443252563,0.7912494540214539,-0.1511981040239334,0.42339733242988586,0.7648001909255981,-0.1695251315832138,0.44859007000923157,0.7354453802108765,-0.18291230499744415,0.0,0.0,0.0,0.0,0.0,0.0,0.0,0.0,0.0,0.0,0.0,0.0,0.0,0.0,0.0,0.0,0.0,0.0,0.0,0.0,0.0,0.0,0.0,0.0,0.0,0.0,0.0,0.0,0.0,0.0,0.0,0.0,0.0,0.0,0.0,0.0,0.0,0.0,0.0,0.0,0.0,0.0,0.0,0.0,0.0,0.0,0.0,0.0,0.0,0.0,0.0,0.0,0.0,0.0,0.0,0.0,0.0,0.0,0.0,0.0,0.0,0.0,0.0
SIGN,0.5723721385002136,0.7383005023002625,5.032911190028244e-07,0.5737224221229553,0.6431933641433716,-0.022139543667435646,0.54742431640625,0.5636582970619202,-0.04878586530685425,0.5152124166488647,0.5067992806434631,-0.0703582689166069,0.5018795132637024,0.4502987861633301,-0.09591798484325409,0.5094954967498779,0.5860242247581482,-0.10093896836042404,0.4269985258579254,0.5375615954399109,-0.14196833968162537,0.37386342883110046,0.5098099708557129,-0.16178838908672333,0.3297443985939026,0.48655152320861816,-0.1739102452993393,0.4859822690486908,0.6550557017326355,-0.106956847012043,0.40365293622016907,0.6042409539222717,-0.1496134251356125,0.3434593677520752,0.5681256651878357,-0.16878695785999298,0.29676222801208496,0.5335846543312073,-0.18233910202980042,0.46835413575172424,0.7189966440200806,-0.11023253947496414,0.3971809148788452,0.6735464930534363,-0.14551948010921478,0.34544819593429565,0.6354849934577942,-0.16334140300750732,0.3066598176956177,0.6009865403175354,-0.17476782202720642,0.4583573043346405,0.7742582559585571,-0.11284279823303223,0.40076735615730286,0.7363902926445007,-0.14389263093471527,0.3597292900085449,0.7109475135803223,-0.16019484400749207,0.3245568871498108,0.6869273781776428,-0.17043708264827728,0.2708256244659424,0.8108283281326294,4.5336508947002585e-07,0.2705713212490082,0.725415825843811,-0.008289773017168045,0.2934056520462036,0.6356379985809326,-0.012317578308284283,0.32104942202568054,0.5750122666358948,-0.016584767028689384,0.34742632508277893,0.5369052886962891,-0.019964510574936867,0.3098981976509094,0.6194736957550049,-0.0007202170672826469,0.3442547023296356,0.5641180872917175,-0.01814195327460766,0.3747335970401764,0.5253005027770996,-0.03347468003630638,0.3985569179058075,0.49330464005470276,-0.04283377528190613,0.32176101207733154,0.6374584436416626,-0.006211511325091124,0.36120468378067017,0.5838390588760376,-0.018830426037311554,0.39202433824539185,0.5374544858932495,-0.030338365584611893,0.4156814217567444,0.5030146837234497,-0.0373762771487236,0.3317817747592926,0.6636921763420105,-0.0137740857899189,0.37021833658218384,0.6098554134368896,-0.024630973115563393,0.4012814462184906,0.568693220615387,-0.02744601108133793,0.42357152700424194,0.5389198660850525,-0.02763691358268261,0.33746135234832764,0.6988045573234558,-0.022804060950875282,0.3725579082965851,0.6458960175514221,-0.03141547739505768,0.39920780062675476,0.6092144846916199,-0.029855994507670403,0.42045724391937256,0.5820990204811096,-0.026732169091701508
SIGN,0.542976438999176,0.7279060482978821,3.1337737027570256e-07,0.4774912893772125,0.6883097290992737,0.008531209081411362,0.44637879729270935,0.6164947748184204,0.013393623754382133,0.43500852584838867,0.5621476769447327,0.012213283218443394,0.42367634177207947,0.5236835479736328,0.010028020478785038,0.4442974328994751,0.5545796751976013,0.030173692852258682,0.43059274554252625,0.4959704875946045,0.023040611296892166,0.4190595746040344,0.4589575529098511,0.012500540353357792,0.40643444657325745,0.4247226417064667,0.0035868820268660784,0.4572743773460388,0.5522611141204834,0.015670374035835266,0.4429270029067993,0.4877113997936249,0.0077009364031255245,0.4293152093887329,0.44740068912506104,-0.003913952503353357,0.41465693712234497,0.40832850337028503,-0.012931163422763348,0.47454723715782166,0.5604127049446106,-0.0017035414930433035,0.461360365152359,0.4947269558906555,-0.012059650383889675,0.44621458649635315,0.4548362195491791,-0.020193716511130333,0.43192070722579956,0.4196869432926178,-0.02584270015358925,0.4929555356502533,0.5785197019577026,-0.01961086317896843,0.478368878364563,0.5229291915893555,-0.02654074877500534,0.46568310260772705,0.4901304244995117,-0.029007086530327797,0.4544360041618347,0.45920270681381226,-0.03162831813097,0.3070949614048004,0.7582895159721375,2.1486675905180164e-07,0.3221825063228607,0.6661788821220398,0.012130273506045341,0.33610934019088745,0.6062083840370178,0.008740611374378204,0.3508412837982178,0.5655475854873657,0.00020715153368655592,0.3664681613445282,0.5339518189430237,-0.008442814461886883,0.3233809769153595,0.5904587507247925,-0.005209710914641619,0.33822789788246155,0.5241420865058899,-0.023039866238832474,0.3508257269859314,0.4823034703731537,-0.034694015979766846,0.36252063512802124,0.4467657208442688,-0.042297303676605225,0.32600533962249756,0.6091865301132202,-0.022306831553578377,0.34451529383659363,0.5386315584182739,-0.04046329855918884,0.35920727252960205,0.49137991666793823,-0.05091013386845589,0.3729352355003357,0.4499002695083618,-0.05809905380010605,0.3365577161312103,0.6351404786109924,-0.038939736783504486,0.3545553982257843,0.5744326710700989,-0.05449841544032097,0.3669945001602173,0.5337481498718262,-0.06009374558925629,0.3765646815299988,0.4976003170013428,-0.06354480236768723,0.35512563586235046,0.6682465076446533,-0.05491409823298454,0.3687710762023926,0.6249780058860779,-0.06587830185890198,0.37594670057296753,0.591293454170227,-0.0689251720905304,0.3826160430908203,0.5591256022453308,-0.07093875855207443
SIGN,0.5824218392372131,0.6821151971817017,-6.393175056018663e-08,0.5736896991729736,0.5993449687957764,0.010179354809224606,0.5490829944610596,0.5450217127799988,0.009339683689177036,0.5196979641914368,0.5114981532096863,0.005163612775504589,0.49919408559799194,0.48811787366867065,-0.0007147667929530144,0.5160518288612366,0.5467345118522644,-0.003580089658498764,0.4678550362586975,0.5090847015380859,-0.013900619000196457,0.4511440694332123,0.48979049921035767,-0.02105194702744484,0.44184985756874084,0.474037230014801,-0.02517571672797203,0.5021020770072937,0.5774018168449402,-0.013789129443466663,0.45084378123283386,0.5395681858062744,-0.021668963134288788,0.42825695872306824,0.5195385217666626,-0.026596495881676674,0.4142448902130127,0.5020211935043335,-0.03099195845425129,0.49223923683166504,0.610019326210022,-0.02291027456521988,0.44495663046836853,0.5739524364471436,-0.028566498309373856,0.4189756512641907,0.5553566813468933,-0.029530314728617668,0.40152570605278015,0.5382369160652161,-0.03153429180383682,0.48579010367393494,0.6432605385780334,-0.031075751408934593,0.4486066401004791,0.615245521068573,-0.03532002121210098,0.428701251745224,0.5964455604553223,-0.0341150127351284,0.4128572344779968,0.577312171459198,-0.033365339040756226,0.3450561463832855,0.7276065349578857,2.7197012286706013e-07,0.3961304724216461,0.69200199842453,-0.002703620120882988,0.4280880391597748,0.6472824811935425,-0.0034336468670517206,0.4420083165168762,0.6131826043128967,-0.007819469086825848,0.4447512626647949,0.5836254954338074,-0.012986382469534874,0.42447981238365173,0.5777574777603149,0.011174337938427925,0.4433228373527527,0.5269358158111572,0.0007191017502918839,0.45618152618408203,0.49205875396728516,-0.01108238473534584,0.4659920632839203,0.45953893661499023,-0.02009330503642559,0.4098972976207733,0.5704774856567383,0.0021815544459968805,0.43106698989868164,0.5117170810699463,-0.00750695588067174,0.44616612792015076,0.4759843945503235,-0.019609879702329636,0.45807084441185,0.4428275227546692,-0.028584638610482216,0.39146044850349426,0.5727552771568298,-0.009331129491329193,0.4098191261291504,0.5139535069465637,-0.021558191627264023,0.42613500356674194,0.4864887595176697,-0.030876798555254936,0.4381762444972992,0.4640553593635559,-0.036913175135850906,0.37128931283950806,0.5848362445831299,-0.02183065190911293,0.3899981379508972,0.5424929261207581,-0.03239624202251434,0.4076528251171112,0.5338437557220459,-0.03492291271686554,0.4211620092391968,0.5318846106529236,-0.03617135062813759
SIGN,0.34736573696136475,0.7318800091743469,-1.275786019050429e-07,0.34425872564315796,0.6635902523994446,0.008705644868314266,0.35954052209854126,0.6172652244567871,0.008455775678157806,0.37734976410865784,0.5867264270782471,0.006308736279606819,0.39315712451934814,0.5693812370300293,0.004409894347190857,0.3954668343067169,0.606076717376709,0.0002805468684528023,0.4274180233478546,0.5616176724433899,-0.004284546710550785,0.4342285394668579,0.5405544638633728,-0.006186832208186388,0.4348487854003906,0.522491991519928,-0.007016145624220371,0.4055752158164978,0.6305312514305115,-0.007414333056658506,0.4368223547935486,0.5880975723266602,-0.01104584988206625,0.44212958216667175,0.5722339749336243,-0.01127539575099945,0.4428064823150635,0.5596795678138733,-0.011854790151119232,0.41280385851860046,0.6582386493682861,-0.014316638931632042,0.44347983598709106,0.622277557849884,-0.017147742211818695,0.4529692530632019,0.6026094555854797,-0.014296844601631165,0.4565306603908539,0.5868301391601562,-0.013045545667409897,0.4184022843837738,0.6875569820404053,-0.020339254289865494,0.44092264771461487,0.6583465933799744,-0.020115097984671593,0.4504990577697754,0.6384406685829163,-0.015443420968949795,0.4561576843261719,0.6192491054534912,-0.012280641123652458,0.0,0.0,0.0,0.0,0.0,0.0,0.0,0.0,0.0,0.0,0.0,0.0,0.0,0.0,0.0,0.0,0.0,0.0,0.0,0.0,0.0,0.0,0.0,0.0,0.0,0.0,0.0,0.0,0.0,0.0,0.0,0.0,0.0,0.0,0.0,0.0,0.0,0.0,0.0,0.0,0.0,0.0,0.0,0.0,0.0,0.0,0.0,0.0,0.0,0.0,0.0,0.0,0.0,0.0,0.0,0.0,0.0,0.0,0.0,0.0,0.0,0.0,0.0
SIGN,0.35784995555877686,0.7253680229187012,1.4791237390454626e-07,0.39791038632392883,0.7002254128456116,-0.0002397180796833709,0.4212483763694763,0.6604719758033752,0.0008782505756244063,0.43206194043159485,0.6306718587875366,-0.0009456911939196289,0.44040659070014954,0.6088776588439941,-0.003730080323293805,0.4188757836818695,0.6075201034545898,0.008794923312962055,0.4348418116569519,0.5629593729972839,0.000205948410439305,0.44467782974243164,0.5335689187049866,-0.009018758311867714,0.45279908180236816,0.5064212083816528,-0.015875032171607018,0.4064719080924988,0.6010921001434326,0.0008955461089499295,0.421888142824173,0.5514020323753357,-0.007601605262607336,0.4324604570865631,0.518425464630127,-0.017172174528241158,0.4418551027774811,0.49009260535240173,-0.02426857501268387,0.3908749222755432,0.6004311442375183,-0.008859836496412754,0.4059230387210846,0.5507620573043823,-0.018761947751045227,0.4176110625267029,0.522753894329071,-0.02606070227921009,0.4268876612186432,0.5005471110343933,-0.030692987143993378,0.37239935994148254,0.6048387885093689,-0.019182493910193443,0.38724377751350403,0.5646873712539673,-0.027620937675237656,0.39938580989837646,0.5451298952102661,-0.03059343621134758,0.40958911180496216,0.5320718288421631,-0.03236787021160126,0.0,0.0,0.0,0.0,0.0,0.0,0.0,0.0,0.0,0.0,0.0,0.0,0.0,0.0,0.0,0.0,0.0,0.0,0.0,0.0,0.0,0.0,0.0,0.0,0.0,0.0,0.0,0.0,0.0,0.0,0.0,0.0,0.0,0.0,0.0,0.0,0.0,0.0,0.0,0.0,0.0,0.0,0.0,0.0,0.0,0.0,0.0,0.0,0.0,0.0,0.0,0.0,0.0,0.0,0.0,0.0,0.0,0.0,0.0,0.0,0.0,0.0,0.0
SIGN,0.40604716539382935,0.6671871542930603,1.6611657827070303e-07,0.3860669732093811,0.6596299409866333,-0.006269849371165037,0.37616434693336487,0.6296141147613525,-0.008336987346410751,0.3721691071987152,0.6040589809417725,-0.010456930845975876,0.36682236194610596,0.5848467350006104,-0.012326852418482304,0.37633460760116577,0.5952771902084351,-0.00274346093647182,0.365902304649353,0.5550699234008789,-0.011323588900268078,0.35470160841941833,0.5230773091316223,-0.01877376064658165,0.3452429473400116,0.4978616535663605,-0.023772839456796646,0.378917932510376,0.5898262858390808,-0.005036108195781708,0.3660549819469452,0.5491365790367126,-0.013266080990433693,0.35467198491096497,0.5168845057487488,-0.020967798307538033,0.3436907231807709,0.4862652122974396,-0.025940001010894775,0.3817059099674225,0.5859701633453369,-0.008428916335105896,0.36918309330940247,0.5488744378089905,-0.015475555323064327,0.3587944507598877,0.5207595825195312,-0.020232021808624268,0.3488810956478119,0.49594181776046753,-0.02274129167199135,0.38456442952156067,0.584406316280365,-0.012882000766694546,0.37326115369796753,0.5558890104293823,-0.017155157402157784,0.36579564213752747,0.5360355973243713,-0.018523475155234337,0.35888656973838806,0.5190241932868958,-0.01916849985718727,0.30683913826942444,0.6912648677825928,1.6717982020963973e-07,0.3082156181335449,0.6615774631500244,-0.0014353645965456963,0.30454251170158386,0.6249927878379822,-0.0024022480938583612,0.30408504605293274,0.5992404818534851,-0.004567760042846203,0.3043678402900696,0.5788167119026184,-0.00669565424323082,0.2880343496799469,0.6014817953109741,-0.0009543593623675406,0.2900119721889496,0.5582274794578552,-0.009215977974236012,0.2940106689929962,0.5279841423034668,-0.015900837257504463,0.2982618510723114,0.5041789412498474,-0.020204780623316765,0.29219910502433777,0.6034163236618042,-0.005534273572266102,0.2930620312690735,0.5610404014587402,-0.012426676228642464,0.29669299721717834,0.5312731266021729,-0.01833568513393402,0.3006969690322876,0.5044776797294617,-0.022307846695184708,0.3006119430065155,0.6084396839141846,-0.010975462384521961,0.29972147941589355,0.569312334060669,-0.017486572265625,0.3019479811191559,0.5435212850570679,-0.020800167694687843,0.30459830164909363,0.5222303867340088,-0.022597823292016983,0.31247439980506897,0.6157644987106323,-0.01691521517932415,0.30961671471595764,0.5866013169288635,-0.021884869784116745,0.3084591031074524,0.5675097703933716,-0.0227904561907053,0.3089912533760071,0.5519969463348389,-0.022898061200976372
SIGN,0.6178895831108093,0.8366235494613647,2.9852134986185774e-08,0.6222543120384216,0.7852226495742798,-0.0023773638531565666,0.6112576723098755,0.7366625070571899,-0.006287525407969952,0.5940741896629333,0.7079083323478699,-0.009390168823301792,0.5885397791862488,0.6843878626823425,-0.013418173417448997,0.5999922752380371,0.7553905248641968,-0.021094175055623055,0.577883243560791,0.7289451360702515,-0.030554689466953278,0.5634366273880005,0.714104413986206,-0.03573937714099884,0.5516136884689331,0.7011969685554504,-0.03915686532855034,0.584493100643158,0.7883090972900391,-0.024372955784201622,0.5627530217170715,0.7597030401229858,-0.03276566416025162,0.5467041730880737,0.7398146986961365,-0.03566916286945343,0.5351313948631287,0.7222563028335571,-0.03920497000217438,0.5705099701881409,0.8178670406341553,-0.02694888226687908,0.549566388130188,0.7916328310966492,-0.033502914011478424,0.5352814793586731,0.7716991305351257,-0.03454852104187012,0.5255144834518433,0.753642737865448,-0.03648501634597778,0.5583210587501526,0.8456885814666748,-0.02936749905347824,0.5396013855934143,0.8234995007514954,-0.03450796380639076,0.5278286933898926,0.80540531873703,-0.0353907011449337,0.5189530849456787,0.7881357669830322,-0.03674565628170967,0.4285198152065277,0.8592345714569092,1.2011447836357547e-07,0.46191707253456116,0.8318197131156921,-0.004069306422024965,0.47579172253608704,0.7850098609924316,-0.004223497584462166,0.48332566022872925,0.7468631863594055,-0.005824494641274214,0.48859214782714844,0.7149530053138733,-0.007248091045767069,0.46236279606819153,0.7402188777923584,0.006774503737688065,0.47143158316612244,0.6937758922576904,-0.000828311312943697,0.48043349385261536,0.6654725670814514,-0.009165015071630478,0.4888957440853119,0.6415627598762512,-0.0154071981087327,0.453506201505661,0.7419814467430115,0.0026118934620171785,0.46251246333122253,0.6945858001708984,-0.004410898312926292,0.4731341600418091,0.6635428667068481,-0.012433812022209167,0.4836617410182953,0.635667085647583,-0.01828485168516636,0.4454457461833954,0.750579833984375,-0.0035287607461214066,0.45569169521331787,0.7062603235244751,-0.011720589362084866,0.4657594561576843,0.679145336151123,-0.016072435304522514,0.47509461641311646,0.6566249132156372,-0.018489426001906395,0.43911635875701904,0.7648550271987915,-0.010570360347628593,0.44796931743621826,0.7325719594955444,-0.01773255504667759,0.4567282199859619,0.7119258046150208,-0.01950111612677574,0.4654506742954254,0.694551408290863,-0.020152870565652847
SIGN,0.6730589866638184,0.8870233297348022,3.6541561598824046e-07,0.6383511424064636,0.878096342086792,-0.012406249530613422,0.6070802211761475,0.844933271408081,-0.023134950548410416,0.5917853116989136,0.8133278489112854,-0.03249911218881607,0.5818114876747131,0.7843290567398071,-0.04312916845083237,0.6104048490524292,0.7959502935409546,-0.02952955849468708,0.593790590763092,0.7395691871643066,-0.048112258315086365,0.5830302834510803,0.7011476755142212,-0.06094450131058693,0.5747788548469543,0.6683699488639832,-0.06938815116882324,0.6283949017524719,0.7898440361022949,-0.034164123237133026,0.6107109785079956,0.7292028665542603,-0.051079872995615005,0.5971007347106934,0.6876983046531677,-0.062461867928504944,0.5861867070198059,0.6521658897399902,-0.07007276266813278,0.6498637199401855,0.7914946675300598,-0.039286162704229355,0.6309727430343628,0.733139157295227,-0.05488559603691101,0.6194496154785156,0.694911539554596,-0.062189240008592606,0.6094366312026978,0.6619977951049805,-0.06653402000665665,0.6737961769104004,0.7991006970405579,-0.04505966231226921,0.6605320572853088,0.7565340995788574,-0.05941486358642578,0.6522377729415894,0.72653728723526,-0.06364723294973373,0.6446962952613831,0.7012534141540527,-0.06561441719532013,0.0,0.0,0.0,0.0,0.0,0.0,0.0,0.0,0.0,0.0,0.0,0.0,0.0,0.0,0.0,0.0,0.0,0.0,0.0,0.0,0.0,0.0,0.0,0.0,0.0,0.0,0.0,0.0,0.0,0.0,0.0,0.0,0.0,0.0,0.0,0.0,0.0,0.0,0.0,0.0,0.0,0.0,0.0,0.0,0.0,0.0,0.0,0.0,0.0,0.0,0.0,0.0,0.0,0.0,0.0,0.0,0.0,0.0,0.0,0.0,0.0,0.0,0.0
SIGN,0.6879286766052246,0.8744876384735107,2.689946256850817e-07,0.6505594849586487,0.8585413694381714,-0.008293069899082184,0.620394229888916,0.8170651793479919,-0.013684899546205997,0.6035844087600708,0.7821277379989624,-0.01878158375620842,0.5901377201080322,0.7541248202323914,-0.024402732029557228,0.6226900815963745,0.7633200883865356,-0.01403636485338211,0.6058245301246643,0.7115166187286377,-0.02911767177283764,0.59454345703125,0.6731041669845581,-0.04103697091341019,0.5866274237632751,0.6396279335021973,-0.0493616983294487,0.6403558254241943,0.7540603280067444,-0.018958505243062973,0.6218302845954895,0.7013583183288574,-0.03289470449090004,0.6087649464607239,0.6602160334587097,-0.043805237859487534,0.5985453724861145,0.6230688691139221,-0.051143236458301544,0.6615028977394104,0.7536540031433105,-0.024855080991983414,0.6451666355133057,0.7032133340835571,-0.03789176791906357,0.6341913342475891,0.6660290360450745,-0.044870149344205856,0.6242684125900269,0.6327823400497437,-0.04942901432514191,0.6862590312957764,0.762046754360199,-0.03149425610899925,0.674004316329956,0.7243185043334961,-0.04360264912247658,0.6652434468269348,0.69789057970047,-0.04713615030050278,0.6560743451118469,0.6754637956619263,-0.04884735122323036,0.0,0.0,0.0,0.0,0.0,0.0,0.0,0.0,0.0,0.0,0.0,0.0,0.0,0.0,0.0,0.0,0.0,0.0,0.0,0.0,0.0,0.0,0.0,0.0,0.0,0.0,0.0,0.0,0.0,0.0,0.0,0.0,0.0,0.0,0.0,0.0,0.0,0.0,0.0,0.0,0.0,0.0,0.0,0.0,0.0,0.0,0.0,0.0,0.0,0.0,0.0,0.0,0.0,0.0,0.0,0.0,0.0,0.0,0.0,0.0,0.0,0.0,0.0
SIGN,0.6871232986450195,0.8055663108825684,1.0223727997527021e-07,0.6785397529602051,0.7648676037788391,-0.004978998098522425,0.6873688101768494,0.7235828638076782,-0.006971739698201418,0.7037214636802673,0.698896586894989,-0.009081985801458359,0.7170324921607971,0.6790754199028015,-0.0110051603987813,0.7131045460700989,0.71230548620224,0.000744377204682678,0.7297583222389221,0.6938076019287109,-0.005938651971518993,0.7410567402839661,0.6829240322113037,-0.01309587899595499,0.7513189911842346,0.6727816462516785,-0.018481453880667686,0.7231922745704651,0.7256020903587341,-0.0015447449404746294,0.7396712303161621,0.7070369720458984,-0.006166146136820316,0.7498021721839905,0.69416743516922,-0.011335525661706924,0.7595006227493286,0.6821261048316956,-0.01566232554614544,0.7293923497200012,0.7428366541862488,-0.005377240478992462,0.7442244291305542,0.7239387035369873,-0.010466166771948338,0.7529886960983276,0.7102136015892029,-0.011872421950101852,0.7614811658859253,0.6984294056892395,-0.013056186027824879,0.7327503561973572,0.763848066329956,-0.010112840682268143,0.7452186942100525,0.7455528378486633,-0.014587970450520515,0.7528219223022461,0.7328636646270752,-0.014681064523756504,0.7590187191963196,0.7215443253517151,-0.01462372113019228,0.0,0.0,0.0,0.0,0.0,0.0,0.0,0.0,0.0,0.0,0.0,0.0,0.0,0.0,0.0,0.0,0.0,0.0,0.0,0.0,0.0,0.0,0.0,0.0,0.0,0.0,0.0,0.0,0.0,0.0,0.0,0.0,0.0,0.0,0.0,0.0,0.0,0.0,0.0,0.0,0.0,0.0,0.0,0.0,0.0,0.0,0.0,0.0,0.0,0.0,0.0,0.0,0.0,0.0,0.0,0.0,0.0,0.0,0.0,0.0,0.0,0.0,0.0
LANGUAGE,0.30688655376434326,0.690820038318634,9.97250353407253e-08,0.3422761559486389,0.7008476853370667,-0.015092347748577595,0.3910798132419586,0.683233380317688,-0.02574183978140354,0.429851770401001,0.6859759092330933,-0.03711617365479469,0.4599660634994507,0.7071075439453125,-0.04965563863515854,0.4058714210987091,0.6140944957733154,-0.021329620853066444,0.45421385765075684,0.5807198286056519,-0.041014134883880615,0.485767126083374,0.5624862313270569,-0.05411253497004509,0.5110630393028259,0.5445549488067627,-0.06342893093824387,0.38504600524902344,0.5955907702445984,-0.024576129391789436,0.4134769141674042,0.5885303020477295,-0.05508417263627052,0.39225149154663086,0.6355710625648499,-0.06078319624066353,0.3718321919441223,0.6611780524253845,-0.058324530720710754,0.3574020266532898,0.582748293876648,-0.029533751308918,0.3849576711654663,0.5727320909500122,-0.056983157992362976,0.37163060903549194,0.6208858489990234,-0.04905758798122406,0.3557440936565399,0.6469146013259888,-0.036771710962057114,0.32458603382110596,0.574859619140625,-0.03581199049949646,0.34977784752845764,0.5621234178543091,-0.0540023148059845,0.3472146689891815,0.5962138175964355,-0.04635569825768471,0.33694207668304443,0.6155745983123779,-0.036189425736665726,0.7561306357383728,0.7337327003479004,-7.744145591459528e-08,0.7243177890777588,0.6731237173080444,0.0087208803743124,0.6813170313835144,0.6372154355049133,0.005200432613492012,0.6507082581520081,0.6001543402671814,0.0009040404693223536,0.6414647102355957,0.5608097910881042,-0.005830429028719664,0.651404619216919,0.6653444170951843,-0.022316470742225647,0.5957852602005005,0.7030989527702332,-0.029020020738244057,0.5665565133094788,0.7256744503974915,-0.03319133073091507,0.5431444048881531,0.7457560300827026,-0.03658722713589668,0.6565038561820984,0.7083072066307068,-0.027991825714707375,0.6137201189994812,0.7322331070899963,-0.028315041214227676,0.6291040778160095,0.7204480171203613,-0.020150987431406975,0.6485453248023987,0.7088165879249573,-0.016763724386692047,0.6678025126457214,0.748623788356781,-0.03092014417052269,0.6315072178840637,0.760613203048706,-0.030132148414850235,0.6463496088981628,0.7527645826339722,-0.018262425437569618,0.6649211049079895,0.7454251050949097,-0.012504080310463905,0.6792402267456055,0.7821986675262451,-0.03265818580985069,0.6483449935913086,0.7863786220550537,-0.028764115646481514,0.662755012512207,0.778406023979187,-0.016453048214316368,0.6788828372955322,0.7713115215301514,-0.00904469471424818
LANGUAGE,0.2839668095111847,0.7200341820716858,2.754950401140377e-07,0.3215230405330658,0.6580796241760254,0.00298333540558815,0.3788323700428009,0.6304277181625366,-0.0012375595979392529,0.4212857782840729,0.6059608459472656,-0.0049525657668709755,0.4424911141395569,0.576244592666626,-0.00891111884266138,0.39602166414260864,0.6507835984230042,-0.029673127457499504,0.46819353103637695,0.6733589172363281,-0.043355170637369156,0.5085976719856262,0.6980901956558228,-0.05042343586683273,0.5371065139770508,0.7198206186294556,-0.053444791585206985,0.3931639790534973,0.6889272928237915,-0.035228509455919266,0.46520018577575684,0.6934633851051331,-0.04115527123212814,0.4867352843284607,0.6921983957290649,-0.03808560594916344,0.49674052000045776,0.6943464875221252,-0.03684500232338905,0.3857417702674866,0.7283693552017212,-0.037829816341400146,0.44199493527412415,0.7302978038787842,-0.037413109093904495,0.42859748005867004,0.7244654893875122,-0.022234883159399033,0.41085904836654663,0.7250399589538574,-0.012187871150672436,0.37439480423927307,0.7645230293273926,-0.040628399699926376,0.41431236267089844,0.7698354125022888,-0.03349313884973526,0.4053654670715332,0.7623955011367798,-0.01717258244752884,0.3919036388397217,0.7608094215393066,-0.0051181684248149395,0.727759599685669,0.7390280961990356,2.8047377753637193e-08,0.6704824566841125,0.725591778755188,-0.009802582673728466,0.625552237033844,0.7018563747406006,-0.01749250665307045,0.5898973941802979,0.6948392987251282,-0.0273762010037899,0.5601192116737366,0.7065850496292114,-0.0383763462305069,0.6220521926879883,0.6463956832885742,-0.016234828159213066,0.5806822180747986,0.6042532920837402,-0.04124882444739342,0.5517948865890503,0.5744726061820984,-0.05991305038332939,0.5256316661834717,0.5513466596603394,-0.07245927304029465,0.6452694535255432,0.632203221321106,-0.025241384282708168,0.6188027262687683,0.618408203125,-0.06179024279117584,0.6355087161064148,0.661993145942688,-0.07400237023830414,0.6512553095817566,0.6909111142158508,-0.07533565908670425,0.6724705100059509,0.6258846521377563,-0.0363122820854187,0.6510598659515381,0.6144614219665527,-0.06903234124183655,0.6638018488883972,0.663672924041748,-0.06895411759614944,0.6768506765365601,0.6925361156463623,-0.060452237725257874,0.7027388215065002,0.6243255138397217,-0.04838022589683533,0.6835849285125732,0.6101595759391785,-0.07004112750291824,0.6824826598167419,0.6470664143562317,-0.06943744421005249,0.6870320439338684,0.6739622354507446,-0.06366413831710815
LANGUAGE,0.2857975363731384,0.7982854247093201,6.637084482008504e-08,0.33513426780700684,0.8055339455604553,-0.014758720993995667,0.3894692659378052,0.7945960760116577,-0.02727615088224411,0.43437162041664124,0.7983415722846985,-0.041405774652957916,0.46746546030044556,0.823704719543457,-0.05520734563469887,0.4073735773563385,0.7172786593437195,-0.02310441993176937,0.4561566710472107,0.6743181347846985,-0.045074447989463806,0.4873914122581482,0.6496785879135132,-0.058789677917957306,0.5126795172691345,0.627638041973114,-0.06933272629976273,0.38728222250938416,0.693947970867157,-0.02951326034963131,0.41834500432014465,0.695580780506134,-0.06374821811914444,0.3984154760837555,0.7428654432296753,-0.0723484605550766,0.3776310086250305,0.770536482334137,-0.07280123978853226,0.36079680919647217,0.6789941191673279,-0.0377192497253418,0.3873620927333832,0.6902861595153809,-0.06831317394971848,0.36995798349380493,0.7382455468177795,-0.06221716105937958,0.35211238265037537,0.764362633228302,-0.05202760547399521,0.3302871286869049,0.6690821051597595,-0.047689374536275864,0.34974971413612366,0.679490327835083,-0.06750629842281342,0.34421250224113464,0.7167125940322876,-0.06382755935192108,0.334257036447525,0.7381810545921326,-0.057443149387836456,0.0,0.0,0.0,0.0,0.0,0.0,0.0,0.0,0.0,0.0,0.0,0.0,0.0,0.0,0.0,0.0,0.0,0.0,0.0,0.0,0.0,0.0,0.0,0.0,0.0,0.0,0.0,0.0,0.0,0.0,0.0,0.0,0.0,0.0,0.0,0.0,0.0,0.0,0.0,0.0,0.0,0.0,0.0,0.0,0.0,0.0,0.0,0.0,0.0,0.0,0.0,0.0,0.0,0.0,0.0,0.0,0.0,0.0,0.0,0.0,0.0,0.0,0.0
LANGUAGE,0.7479363679885864,0.774919867515564,-1.1296592106191383e-07,0.707094669342041,0.7767150402069092,-0.018019026145339012,0.6487579345703125,0.7435133457183838,-0.027393808588385582,0.6052863001823425,0.7279052734375,-0.0363009050488472,0.5698866844177246,0.7346515655517578,-0.04622766375541687,0.6508269309997559,0.6723480224609375,-0.023515693843364716,0.6086218953132629,0.6212354898452759,-0.04917899891734123,0.5782952904701233,0.5815526247024536,-0.06807615607976913,0.5503363013267517,0.550879955291748,-0.08161300420761108,0.6781360507011414,0.6471533179283142,-0.026209738105535507,0.6598423719406128,0.6510472893714905,-0.06500532478094101,0.6795932054519653,0.7075327038764954,-0.07346376776695251,0.6964374780654907,0.7500919103622437,-0.0696515217423439,0.711970329284668,0.6400557160377502,-0.031110983341932297,0.7014197707176208,0.6611578464508057,-0.06713792681694031,0.7159717679023743,0.7153782248497009,-0.059756264090538025,0.7279287576675415,0.7523701786994934,-0.04456260800361633,0.747712254524231,0.6431798934936523,-0.037334639579057693,0.7348144054412842,0.6510852575302124,-0.06202808767557144,0.7386286854743958,0.6965211033821106,-0.054197441786527634,0.7445256114006042,0.726073145866394,-0.041541025042533875,0.25999146699905396,0.8098232746124268,3.906599772562913e-07,0.30265694856643677,0.727583110332489,-0.0013895609881728888,0.37757980823516846,0.6953757405281067,-0.01700916886329651,0.4297676086425781,0.6715855598449707,-0.025295643135905266,0.4574252665042877,0.6277360320091248,-0.03170771896839142,0.37415340542793274,0.7545932531356812,-0.08644608408212662,0.4526113271713257,0.8202981352806091,-0.10671763867139816,0.4854606091976166,0.8666208386421204,-0.11061331629753113,0.5050857067108154,0.9057214260101318,-0.10840962082147598,0.35480135679244995,0.8150398135185242,-0.08539366722106934,0.45012199878692627,0.8412638306617737,-0.09971468895673752,0.48235201835632324,0.8365287780761719,-0.08679762482643127,0.49667662382125854,0.8368859887123108,-0.07723569124937057,0.3381834626197815,0.8635491132736206,-0.0759962946176529,0.4202607572078705,0.8622728586196899,-0.06958083063364029,0.4220433831214905,0.8263472318649292,-0.030406827107071877,0.411106675863266,0.812224268913269,-0.0042085833847522736,0.3232099711894989,0.895783543586731,-0.06670033186674118,0.3889372646808624,0.8899791240692139,-0.04727960750460625,0.3900311291217804,0.8532606959342957,-0.010941391810774803,0.38191118836402893,0.8383035063743591,0.015310804359614849
LANGUAGE,0.10307660698890686,0.5805113315582275,-2.9570779602750008e-08,0.20446504652500153,0.47232672572135925,0.0060188500210642815,0.3472518026828766,0.45646440982818604,-0.005662249401211739,0.45859599113464355,0.43495750427246094,-0.011158691719174385,0.5162370204925537,0.3673604130744934,-0.020072441548109055,0.35722512006759644,0.5435166954994202,-0.09403359889984131,0.5136062502861023,0.6855255365371704,-0.13187849521636963,0.5979754328727722,0.783261775970459,-0.14702363312244415,0.6550350189208984,0.8617064952850342,-0.1499166339635849,0.3338422179222107,0.6630065441131592,-0.08958890289068222,0.4677513539791107,0.7020096778869629,-0.09826427698135376,0.4395427405834198,0.6497082710266113,-0.06139015033841133,0.3882151246070862,0.6205087900161743,-0.03332623839378357,0.301217257976532,0.7533053755760193,-0.07910546660423279,0.4174903333187103,0.7624474763870239,-0.08388511091470718,0.38999682664871216,0.7189208269119263,-0.04457325488328934,0.3436773717403412,0.6962594389915466,-0.01563047431409359,0.2684125304222107,0.8285089135169983,-0.06425321102142334,0.37210696935653687,0.8357857465744019,-0.05071364715695381,0.3510640859603882,0.8009101152420044,-0.010602623224258423,0.31175124645233154,0.7776689529418945,0.018906783312559128,0.9846766591072083,0.5304607152938843,-4.3835294150085247e-07,0.9106941819190979,0.5411602854728699,-0.038176827132701874,0.8102380037307739,0.514215886592865,-0.06026976928114891,0.7336676716804504,0.5132719278335571,-0.0828520730137825,0.6832671165466309,0.5571073293685913,-0.1054336279630661,0.7803838849067688,0.41068583726882935,-0.046014267951250076,0.6731093525886536,0.3460722267627716,-0.09341339766979218,0.6089357733726501,0.30778083205223083,-0.12159989774227142,0.5547901391983032,0.27380746603012085,-0.14083971083164215,0.8341091871261597,0.3612978458404541,-0.052668068557977676,0.8075608611106873,0.3392084836959839,-0.13315460085868835,0.8680299520492554,0.44029858708381653,-0.14864489436149597,0.9053614735603333,0.5054776668548584,-0.13999274373054504,0.8968658447265625,0.32854968309402466,-0.06437459588050842,0.8837597966194153,0.31785473227500916,-0.14228816330432892,0.9301418662071228,0.425312876701355,-0.12740644812583923,0.9516838788986206,0.4894978404045105,-0.09591252356767654,0.9625595211982727,0.30446377396583557,-0.07853592932224274,0.9495642185211182,0.27181804180145264,-0.126858651638031,0.9690471291542053,0.3546505868434906,-0.1110023707151413,0.9760807752609253,0.41143450140953064,-0.08727039396762848
LANGUAGE,0.6650946140289307,0.5637650489807129,-2.0978342263333616e-07,0.6289157867431641,0.569123387336731,-0.007252486422657967,0.5931447148323059,0.5522306561470032,-0.01067561935633421,0.5698217153549194,0.5335720181465149,-0.015716776251792908,0.5465989112854004,0.5328269600868225,-0.020252468064427376,0.5702885985374451,0.5061482191085815,-0.00364264496602118,0.5300358533859253,0.48002463579177856,-0.019588537514209747,0.5031520128250122,0.4638821482658386,-0.03145838901400566,0.48107460141181946,0.44989779591560364,-0.0393817238509655,0.5882717967033386,0.48965951800346375,-0.008438835851848125,0.5636498928070068,0.474519819021225,-0.033252812922000885,0.5833829045295715,0.5057136416435242,-0.04012134671211243,0.6023868322372437,0.52916419506073,-0.038503069430589676,0.6094081401824951,0.47530290484428406,-0.015126543119549751,0.5896376967430115,0.4641970694065094,-0.03668196499347687,0.604887068271637,0.4991413652896881,-0.03138378635048866,0.6202118992805481,0.5227580070495605,-0.021363792940974236,0.6331589818000793,0.46249648928642273,-0.022938864305615425,0.6148306727409363,0.4434860050678253,-0.03463824838399887,0.6184669733047485,0.46980899572372437,-0.02808653749525547,0.626186728477478,0.49135521054267883,-0.019715208560228348,0.2776050567626953,0.5447906255722046,-5.2316501353288913e-08,0.31714382767677307,0.5054242610931396,0.0019943572115153074,0.3704299032688141,0.4976770281791687,0.0007639901014044881,0.4092656672000885,0.4864587187767029,-0.000987405888736248,0.43037858605384827,0.4642614722251892,-0.003244730643928051,0.3887060582637787,0.5181537866592407,-0.011984765529632568,0.4381953775882721,0.5591257214546204,-0.019550489261746407,0.4641742408275604,0.5893592834472656,-0.022321438416838646,0.4823301136493683,0.6128101944923401,-0.023353051394224167,0.38117408752441406,0.5556970238685608,-0.014857296831905842,0.4180373549461365,0.5808221697807312,-0.02039256878197193,0.4060499668121338,0.5701303482055664,-0.015860548242926598,0.38968145847320557,0.5561512112617493,-0.011433253064751625,0.36791959404945374,0.5913652777671814,-0.016638169065117836,0.40162259340286255,0.6053287982940674,-0.01990913785994053,0.39004024863243103,0.5962453484535217,-0.01144898310303688,0.37442344427108765,0.5859631896018982,-0.004788857419043779,0.3526097536087036,0.6220549941062927,-0.01792588271200657,0.38247451186180115,0.629822850227356,-0.015938134863972664,0.3733389377593994,0.6209442615509033,-0.006537437438964844,0.3591906726360321,0.6127737164497375,0.001101058442145586
LANGUAGE,0.27165305614471436,0.8911085724830627,-2.2312285352654726e-07,0.31264594197273254,0.8634969592094421,-0.015555160120129585,0.3598312437534332,0.8740135431289673,-0.020150935277342796,0.39744311571121216,0.8779787421226501,-0.020284008234739304,0.4211083650588989,0.8602261543273926,-0.01972547173500061,0.3573092818260193,0.9514140486717224,-0.028507757931947708,0.41054803133010864,0.9830793142318726,-0.0314449779689312,0.42697471380233765,0.9886170029640198,-0.029537560418248177,0.4337923228740692,0.9955092072486877,-0.027963781729340553,0.3416546583175659,0.9849169254302979,-0.0195782408118248,0.3914322853088379,0.9838019013404846,-0.023259006440639496,0.38791462779045105,0.9494413733482361,-0.018165213987231255,0.37458378076553345,0.9365106821060181,-0.013924458995461464,0.3270905911922455,1.0007479190826416,-0.010196026414632797,0.3714519441127777,1.001105546951294,-0.01464556623250246,0.3690928518772125,0.973949134349823,-0.01042938232421875,0.3567332625389099,0.9618850946426392,-0.006961700972169638,0.3164237141609192,1.0075738430023193,-0.0010951030999422073,0.34868353605270386,1.0121748447418213,-0.004065826069563627,0.34955286979675293,0.9950097799301147,-0.0005448953015729785,0.3399387001991272,0.9833709597587585,0.002960538724437356,0.6574057936668396,0.8465710878372192,-2.3592569675656705e-07,0.6246626973152161,0.8554188013076782,-0.008217406459152699,0.5807167291641235,0.8424489498138428,-0.013594207353889942,0.5497133135795593,0.8344970345497131,-0.021190328523516655,0.5218401551246643,0.83985435962677,-0.029421411454677582,0.5599622130393982,0.7790629863739014,-0.0066171749494969845,0.5212903022766113,0.7475154399871826,-0.022894667461514473,0.49341583251953125,0.7275169491767883,-0.033348605036735535,0.4701443910598755,0.712912917137146,-0.040774498134851456,0.5759471654891968,0.755782425403595,-0.012461207807064056,0.5497878193855286,0.7801623940467834,-0.03991313278675079,0.5706620216369629,0.819776713848114,-0.04518227279186249,0.5922150015830994,0.8417642116546631,-0.04216786473989487,0.5974177718162537,0.7457429766654968,-0.020347699522972107,0.5760199427604675,0.7802964448928833,-0.04608999937772751,0.5944229364395142,0.81646728515625,-0.039761848747730255,0.6120075583457947,0.8367968797683716,-0.02857777290046215,0.6221466660499573,0.7438051700592041,-0.029332250356674194,0.6019648909568787,0.7708316445350647,-0.04569031670689583,0.609656572341919,0.8018800020217896,-0.040247876197099686,0.6200811266899109,0.8205701112747192,-0.031626708805561066
LANGUAGE,0.5133534073829651,0.7993912696838379,-6.5590595177411615e-09,0.5412634611129761,0.7644404172897339,-0.009637083858251572,0.5778114199638367,0.7441734075546265,-0.025434309616684914,0.6130274534225464,0.7280616164207458,-0.041889600455760956,0.6351615786552429,0.7097811698913574,-0.06218602880835533,0.5623983144760132,0.7858228087425232,-0.03295804560184479,0.5695112347602844,0.8023781180381775,-0.046698566526174545,0.5714022517204285,0.808944046497345,-0.06099682301282883,0.5778535008430481,0.8128973245620728,-0.07038450241088867,0.5458303689956665,0.8179203867912292,-0.034119799733161926,0.5552468299865723,0.8317830562591553,-0.03957537189126015,0.5616057515144348,0.8387173414230347,-0.04737483337521553,0.5686677694320679,0.8408928513526917,-0.057132866233587265,0.5282799601554871,0.8426530957221985,-0.033718664199113846,0.5367411375045776,0.8535879850387573,-0.03760402649641037,0.542141854763031,0.859982967376709,-0.03786490857601166,0.5486140251159668,0.863619327545166,-0.04098546877503395,0.5124833583831787,0.86301589012146,-0.034336239099502563,0.5157017111778259,0.8765636682510376,-0.034464940428733826,0.5202020406723022,0.8810086250305176,-0.02798684686422348,0.5263367295265198,0.8841426968574524,-0.025412973016500473,0.0,0.0,0.0,0.0,0.0,0.0,0.0,0.0,0.0,0.0,0.0,0.0,0.0,0.0,0.0,0.0,0.0,0.0,0.0,0.0,0.0,0.0,0.0,0.0,0.0,0.0,0.0,0.0,0.0,0.0,0.0,0.0,0.0,0.0,0.0,0.0,0.0,0.0,0.0,0.0,0.0,0.0,0.0,0.0,0.0,0.0,0.0,0.0,0.0,0.0,0.0,0.0,0.0,0.0,0.0,0.0,0.0,0.0,0.0,0.0,0.0,0.0,0.0
LANGUAGE,0.8338252902030945,0.7830113172531128,-1.2540013472062128e-07,0.8081748485565186,0.7830410003662109,-0.015408670529723167,0.7674826383590698,0.7604235410690308,-0.023073725402355194,0.7374270558357239,0.7524072527885437,-0.030307715758681297,0.7131736874580383,0.7628563642501831,-0.03823255002498627,0.7569552063941956,0.7095719575881958,-0.022147679701447487,0.7222303748130798,0.6654284000396729,-0.041378363966941833,0.7004849910736084,0.6352250576019287,-0.05256814882159233,0.6814371347427368,0.6097882986068726,-0.06020980328321457,0.7795102596282959,0.6930441856384277,-0.024910757318139076,0.7735125422477722,0.690498411655426,-0.05843861401081085,0.7960869073867798,0.7351129651069641,-0.06462118029594421,0.8105936050415039,0.7640254497528076,-0.0608796700835228,0.8058904409408569,0.6851463317871094,-0.02930074743926525,0.805666446685791,0.6893464922904968,-0.06018886715173721,0.820249080657959,0.7343959212303162,-0.053465358912944794,0.82542484998703,0.7595019340515137,-0.04120825231075287,0.8327355980873108,0.6830387711524963,-0.03478657081723213,0.8321065902709961,0.6837189793586731,-0.055215027183294296,0.8401533365249634,0.72116619348526,-0.048527222126722336,0.8418789505958557,0.7425848245620728,-0.03857072815299034,0.49711742997169495,0.8033576607704163,-3.339310694627784e-08,0.5474337339401245,0.7558466196060181,0.003033922053873539,0.6000145077705383,0.7487147450447083,0.00365290860645473,0.6382413506507874,0.7379083037376404,0.002656851429492235,0.6618260145187378,0.7153193950653076,0.00045470299664884806,0.6247366070747375,0.8005288243293762,0.009566261433064938,0.659833550453186,0.810907781124115,0.014182543382048607,0.6838967204093933,0.8202866911888123,0.01374716218560934,0.7043101787567139,0.8274275660514832,0.011610494926571846,0.619867205619812,0.8413748741149902,0.008218863047659397,0.6318144202232361,0.8183778524398804,0.014917582273483276,0.6174178123474121,0.8032577633857727,0.017454730346798897,0.6013892292976379,0.8002338409423828,0.018545176833868027,0.6034257411956787,0.8685699105262756,0.007221042178571224,0.6153736114501953,0.8434311151504517,0.011728817597031593,0.6043574810028076,0.8283675312995911,0.01270337775349617,0.5901868939399719,0.8247565031051636,0.012490525841712952,0.5862036943435669,0.8893535137176514,0.006676440127193928,0.6010066270828247,0.8647710084915161,0.01343050878494978,0.5915668606758118,0.8517282009124756,0.019304074347019196,0.5774270296096802,0.8490148186683655,0.023290690034627914
LANGUAGE,0.23776233196258545,0.8101818561553955,-1.0867859145946568e-07,0.27616140246391296,0.7839078307151794,-0.021471859887242317,0.32069259881973267,0.7951282262802124,-0.028560172766447067,0.35651618242263794,0.8028802871704102,-0.029785646125674248,0.3806799352169037,0.7896301746368408,-0.03088209219276905,0.3206925690174103,0.8750021457672119,-0.034568946808576584,0.36882343888282776,0.9146732091903687,-0.043074481189250946,0.3916388750076294,0.9444366693496704,-0.04721809923648834,0.4082295298576355,0.9716562628746033,-0.049413230270147324,0.30593663454055786,0.9091292023658752,-0.02232144959270954,0.3568052053451538,0.8897124528884888,-0.026090003550052643,0.3519308865070343,0.8572459816932678,-0.019064990803599358,0.3348986804485321,0.8490687608718872,-0.013407828286290169,0.29373887181282043,0.9217068552970886,-0.010816426016390324,0.339540958404541,0.8995322585105896,-0.017750505357980728,0.3364383578300476,0.8701428174972534,-0.013197912834584713,0.32292717695236206,0.8608646392822266,-0.008343152701854706,0.28484442830085754,0.9240836501121521,-0.00018364663992542773,0.31947094202041626,0.9092956185340881,-0.0036280290223658085,0.3198428750038147,0.8884649276733398,0.0006436871481128037,0.30928143858909607,0.8769229650497437,0.005214459262788296,0.6198225021362305,0.8465501666069031,-1.8987114458468568e-07,0.5874611735343933,0.8561049103736877,-0.008617870509624481,0.5452101230621338,0.8411344289779663,-0.01404902245849371,0.5165643692016602,0.8280459046363831,-0.021387025713920593,0.48959535360336304,0.8213821649551392,-0.0289057195186615,0.5237427353858948,0.7634217739105225,-0.009753488004207611,0.4821498692035675,0.7305114269256592,-0.026901157572865486,0.45523181557655334,0.704470157623291,-0.03852994740009308,0.43556374311447144,0.6816686391830444,-0.046789657324552536,0.5427858829498291,0.7420711517333984,-0.015828751027584076,0.515295147895813,0.7672240734100342,-0.04377328231930733,0.5309142470359802,0.8121952414512634,-0.04947661608457565,0.5498514175415039,0.8337733149528503,-0.04704275354743004,0.5666655898094177,0.7347930669784546,-0.023831361904740334,0.5434955358505249,0.7707650065422058,-0.04940475523471832,0.5576374530792236,0.8107489347457886,-0.04249311238527298,0.5739104151725769,0.8270699381828308,-0.031343724578619,0.5931590795516968,0.7367465496063232,-0.03300795704126358,0.5700518488883972,0.7606769800186157,-0.0495232492685318,0.574118435382843,0.796507716178894,-0.043177999556064606,0.5834795832633972,0.8143996000289917,-0.0338144414126873
LANGUAGE,0.2950397729873657,0.850177526473999,-2.0466389116791106e-07,0.26042309403419495,0.8596870303153992,-0.00010973028838634491,0.23238758742809296,0.8349937796592712,-0.0009618498152121902,0.21238620579242706,0.814265787601471,-0.005220371764153242,0.1986341029405594,0.7966450452804565,-0.010204912163317204,0.23260951042175293,0.7579241991043091,0.004737571347504854,0.20569577813148499,0.7239223718643188,-0.004694248083978891,0.1854315549135208,0.7004661560058594,-0.011399195529520512,0.17195850610733032,0.6807775497436523,-0.016454752534627914,0.24233174324035645,0.7481009364128113,-0.0023747077211737633,0.2010040283203125,0.7791929244995117,-0.02157057635486126,0.20952147245407104,0.8176380395889282,-0.02666156180202961,0.22931845486164093,0.8338803052902222,-0.02492508850991726,0.25113818049430847,0.7504608035087585,-0.010566964745521545,0.2093716710805893,0.787505030632019,-0.030681775882840157,0.21810492873191833,0.8222755789756775,-0.02756686508655548,0.2381346970796585,0.8374364972114563,-0.019160570576786995,0.25903162360191345,0.7624310255050659,-0.019109560176730156,0.22088323533535004,0.7910789847373962,-0.033460911363363266,0.22325201332569122,0.8191563487052917,-0.030434291809797287,0.23952338099479675,0.8362876176834106,-0.02335909940302372,0.0,0.0,0.0,0.0,0.0,0.0,0.0,0.0,0.0,0.0,0.0,0.0,0.0,0.0,0.0,0.0,0.0,0.0,0.0,0.0,0.0,0.0,0.0,0.0,0.0,0.0,0.0,0.0,0.0,0.0,0.0,0.0,0.0,0.0,0.0,0.0,0.0,0.0,0.0,0.0,0.0,0.0,0.0,0.0,0.0,0.0,0.0,0.0,0.0,0.0,0.0,0.0,0.0,0.0,0.0,0.0,0.0,0.0,0.0,0.0,0.0,0.0,0.0
LANGUAGE,0.6383377313613892,0.6704006195068359,-1.671434404215688e-07,0.5953390598297119,0.6378223299980164,0.008835038170218468,0.5430442690849304,0.6365486979484558,0.00789607036858797,0.5030635595321655,0.6303327679634094,0.007024509832262993,0.4820958375930786,0.6058759093284607,0.004038515500724316,0.5287647843360901,0.6610992550849915,-0.02764919027686119,0.4737604856491089,0.7000491619110107,-0.03798248991370201,0.4447287917137146,0.7301038503646851,-0.04324828088283539,0.4252324402332306,0.7558020949363708,-0.04775642976164818,0.5385409593582153,0.6977109909057617,-0.03253641352057457,0.48845601081848145,0.7306548953056335,-0.036299463361501694,0.4979798197746277,0.7192269563674927,-0.02851160801947117,0.5121437311172485,0.7055957913398743,-0.02478645183146,0.5556356310844421,0.7303133010864258,-0.034728989005088806,0.5154744386672974,0.7535829544067383,-0.03536989539861679,0.5229583382606506,0.7398232221603394,-0.024190489202737808,0.5366483330726624,0.725786566734314,-0.019075071439146996,0.5746628046035767,0.7583034038543701,-0.035678546875715256,0.534443199634552,0.7879782915115356,-0.03973744809627533,0.5269202589988708,0.8023190498352051,-0.036247290670871735,0.5269550681114197,0.8163982033729553,-0.03453225642442703,0.20951801538467407,0.7015680074691772,6.312710354450246e-08,0.23572570085525513,0.714684247970581,-0.014842180535197258,0.2795499563217163,0.7146943807601929,-0.025826988741755486,0.31328269839286804,0.7258588075637817,-0.0369495265185833,0.3376428484916687,0.7486937046051025,-0.0487620048224926,0.2983933687210083,0.6579542756080627,-0.02638573758304119,0.3432004451751709,0.6283402442932129,-0.04507825896143913,0.37329989671707153,0.6125290393829346,-0.05634703487157822,0.3971731662750244,0.5973567366600037,-0.06460610777139664,0.2820895314216614,0.6337772607803345,-0.029385991394519806,0.30171453952789307,0.6390836834907532,-0.05808943882584572,0.27643755078315735,0.6756506562232971,-0.061789561063051224,0.2570743262767792,0.6922632455825806,-0.05913480371236801,0.25937920808792114,0.6151683330535889,-0.033705130219459534,0.2753283381462097,0.6206701993942261,-0.059446174651384354,0.25643858313560486,0.6566200852394104,-0.05048440769314766,0.24176332354545593,0.6730160117149353,-0.03891051933169365,0.2324724793434143,0.5997121930122375,-0.039340607821941376,0.24930039048194885,0.5973333120346069,-0.05611858516931534,0.2399592399597168,0.6266631484031677,-0.04844290763139725,0.22955510020256042,0.6411350965499878,-0.03916050121188164
LANGUAGE,0.6702715158462524,0.6933395266532898,1.3625687245166773e-07,0.6380715370178223,0.7022457122802734,-0.025562183931469917,0.6049437522888184,0.678408682346344,-0.042070019990205765,0.5905468463897705,0.6339040994644165,-0.0576401986181736,0.5890640020370483,0.5938231348991394,-0.07268751412630081,0.5452559590339661,0.6606686115264893,-0.022581597790122032,0.49664390087127686,0.6525151133537292,-0.041074857115745544,0.47393667697906494,0.6647294759750366,-0.05527680367231369,0.45910173654556274,0.6808996796607971,-0.06492572277784348,0.5541077852249146,0.6342966556549072,-0.020847011357545853,0.5138242840766907,0.5894759297370911,-0.04221797361969948,0.5153875946998596,0.5961381196975708,-0.05488757789134979,0.5225153565406799,0.6066656708717346,-0.06077687442302704,0.5711808800697327,0.6126688122749329,-0.022060351446270943,0.5414093732833862,0.5711096525192261,-0.04223399981856346,0.5526384115219116,0.6045617461204529,-0.04925471171736717,0.5658448338508606,0.6331885457038879,-0.04959684610366821,0.5915750861167908,0.5970696210861206,-0.025737689808011055,0.5685811638832092,0.5626174807548523,-0.03975380212068558,0.5676708221435547,0.587470293045044,-0.04359849542379379,0.5712395310401917,0.61324542760849,-0.04368268698453903,0.20914682745933533,0.6933877468109131,3.616123933625204e-07,0.2687990069389343,0.658976674079895,0.009073440916836262,0.320258229970932,0.6488680839538574,0.025297027081251144,0.35775497555732727,0.6364855766296387,0.03969218581914902,0.3829743564128876,0.6163806319236755,0.05458134785294533,0.3205646872520447,0.678020179271698,0.06281748414039612,0.3712994456291199,0.7159816026687622,0.08808320760726929,0.39961791038513184,0.739353358745575,0.1008366197347641,0.4169725179672241,0.7570405006408691,0.11058732867240906,0.29820168018341064,0.695966362953186,0.07276272028684616,0.3438865840435028,0.7244508862495422,0.10876668989658356,0.3518795967102051,0.7168325185775757,0.12689848244190216,0.34975314140319824,0.7089195847511292,0.13926419615745544,0.27752453088760376,0.7144742608070374,0.0803561583161354,0.32584407925605774,0.7374904155731201,0.11282247304916382,0.3353627920150757,0.731063723564148,0.13212032616138458,0.33692771196365356,0.7283966541290283,0.14495980739593506,0.2624967694282532,0.7346738576889038,0.08728279918432236,0.3053693175315857,0.7513821721076965,0.11538296937942505,0.31484782695770264,0.7481486797332764,0.1333705633878708,0.31854650378227234,0.74693763256073,0.14695891737937927
LANGUAGE,0.7141769528388977,0.6356424689292908,-1.8996793471615092e-07,0.6779190301895142,0.6308436393737793,-0.009211534634232521,0.635082483291626,0.6020835041999817,-0.014373190701007843,0.6033932566642761,0.5862094163894653,-0.02156205289065838,0.5754520893096924,0.5938751697540283,-0.02944195829331875,0.6281921863555908,0.5529079437255859,-0.006744300480931997,0.5893166065216064,0.5148342251777649,-0.024265959858894348,0.5640552043914795,0.48885124921798706,-0.03528706729412079,0.5425267219543457,0.4678388237953186,-0.042574118822813034,0.649697482585907,0.5389458537101746,-0.012413975782692432,0.6284440755844116,0.5219153761863708,-0.043330974876880646,0.6473210453987122,0.5662125945091248,-0.04966479539871216,0.6643339991569519,0.5959917306900024,-0.04563707113265991,0.6753138303756714,0.5302448868751526,-0.020126378163695335,0.6585505604743958,0.5171523690223694,-0.04927334189414978,0.6714526414871216,0.5617536306381226,-0.04254355654120445,0.683250904083252,0.5893053412437439,-0.02914123423397541,0.703421950340271,0.5255172848701477,-0.02858394756913185,0.6862055063247681,0.5022405385971069,-0.04471597447991371,0.6893669366836548,0.5346046090126038,-0.03630794957280159,0.6955997943878174,0.5579711198806763,-0.02542843483388424,0.3213164508342743,0.6215059161186218,-1.2514472302882496e-07,0.36458471417427063,0.5786305665969849,0.0033262958750128746,0.4175666272640228,0.5680235624313354,0.0014788138214498758,0.45565882325172424,0.5515866875648499,-0.000743915035855025,0.4733797311782837,0.5248947143554688,-0.004163732752203941,0.435258150100708,0.6130834221839905,-0.01695907674729824,0.4951062798500061,0.6371540427207947,-0.026074323803186417,0.5280865430831909,0.6568703055381775,-0.02960970066487789,0.5517623424530029,0.6722531914710999,-0.031059270724654198,0.4292241632938385,0.6543527841567993,-0.018296413123607635,0.4635767340660095,0.6563023924827576,-0.02052261121571064,0.45257842540740967,0.6418138146400452,-0.011932670138776302,0.4368061125278473,0.6329200267791748,-0.006264082156121731,0.4145165681838989,0.6881293058395386,-0.01828922890126705,0.44375550746917725,0.6801868677139282,-0.020274970680475235,0.4335373640060425,0.6697503328323364,-0.010839175432920456,0.418047696352005,0.6639256477355957,-0.0045680091716349125,0.39766359329223633,0.7141855359077454,-0.01729622296988964,0.4253948926925659,0.7106289863586426,-0.014399418607354164,0.41692841053009033,0.6983808875083923,-0.0035158838145434856,0.4018743634223938,0.6913721561431885,0.004623549059033394
LANGUAGE,0.705961287021637,0.6284558176994324,-3.4220261113659944e-07,0.6600844264030457,0.6341493129730225,-0.017127281054854393,0.6137073636054993,0.6351359486579895,-0.02732996828854084,0.5801215171813965,0.6249669790267944,-0.034921664744615555,0.5587414503097534,0.6002622246742249,-0.042073365300893784,0.643434464931488,0.6048597693443298,-0.02874673716723919,0.6187077164649963,0.6851919889450073,-0.036964744329452515,0.6261929273605347,0.6904239654541016,-0.04078764468431473,0.6321609616279602,0.6712613105773926,-0.044796522706747055,0.6738044023513794,0.6145679950714111,-0.02836599200963974,0.6391273140907288,0.7077388763427734,-0.03441920503973961,0.650417149066925,0.7021560072898865,-0.037050265818834305,0.6614565253257751,0.681556761264801,-0.043451033532619476,0.6992637515068054,0.6278573870658875,-0.027943212538957596,0.6683400869369507,0.7177321910858154,-0.036238107830286026,0.6831989884376526,0.7105079293251038,-0.03468766808509827,0.696732223033905,0.6902441382408142,-0.036652158945798874,0.7241496443748474,0.644074022769928,-0.028698045760393143,0.7027235627174377,0.712028443813324,-0.03933442756533623,0.7124413251876831,0.711034893989563,-0.03825720399618149,0.7250423431396484,0.6976420283317566,-0.037565771490335464,0.27140718698501587,0.7019973397254944,-5.021598781240755e-08,0.328937828540802,0.744744062423706,-0.006054076366126537,0.3881224989891052,0.7635870575904846,-0.014766206964850426,0.43077051639556885,0.780669093132019,-0.025568291544914246,0.4605739712715149,0.8043915033340454,-0.03578757494688034,0.40981221199035645,0.680181622505188,-0.025669043883681297,0.4570003151893616,0.6473134756088257,-0.04598049074411392,0.4839472770690918,0.622808575630188,-0.05990486592054367,0.5070703029632568,0.5982786417007446,-0.0702550932765007,0.3920803666114807,0.6498532295227051,-0.034311067312955856,0.4075664281845093,0.6897899508476257,-0.05817994475364685,0.3811221718788147,0.7268334627151489,-0.06334923952817917,0.36016610264778137,0.7403799295425415,-0.06550715863704681,0.36426207423210144,0.6331202983856201,-0.043472521007061005,0.37705057859420776,0.6819187998771667,-0.06394249945878983,0.35571324825286865,0.7155243754386902,-0.05680523440241814,0.3393057882785797,0.7231658101081848,-0.04987435042858124,0.33405590057373047,0.626268744468689,-0.05373949930071831,0.3463079333305359,0.6639960408210754,-0.06628267467021942,0.3397577404975891,0.6938153505325317,-0.06083250418305397,0.33422955870628357,0.7036556601524353,-0.05567567050457001
LANGUAGE,0.7050434350967407,0.7774187326431274,2.4553420630013534e-08,0.662452220916748,0.7887777090072632,-0.016853660345077515,0.6215674877166748,0.7682378888130188,-0.027053508907556534,0.592853307723999,0.7675390839576721,-0.03594491258263588,0.5706795454025269,0.7722245454788208,-0.04676799848675728,0.6038928627967834,0.7063583731651306,-0.0369592122733593,0.5640034079551697,0.66063392162323,-0.0632544755935669,0.5328748226165771,0.626663327217102,-0.08254441618919373,0.5087777376174927,0.5988481640815735,-0.09618805348873138,0.6307768225669861,0.6755738854408264,-0.04028261825442314,0.6222904324531555,0.729204535484314,-0.07403635233640671,0.6417152285575867,0.7832310199737549,-0.08221090584993362,0.6565528512001038,0.8105664253234863,-0.08224939554929733,0.6654065847396851,0.664461076259613,-0.0446685291826725,0.6613437533378601,0.7309119701385498,-0.07196726649999619,0.6721908450126648,0.7801521420478821,-0.06624054163694382,0.6790269613265991,0.798999547958374,-0.056820984929800034,0.700496256351471,0.6665905714035034,-0.05101944878697395,0.701374351978302,0.7079083323478699,-0.07243537157773972,0.7025569081306458,0.7575429677963257,-0.06869443506002426,0.7045937776565552,0.7817196846008301,-0.060244880616664886,0.24529743194580078,0.8084008097648621,9.343045803689165e-08,0.2901696562767029,0.7299287915229797,0.0041756159625947475,0.34811708331108093,0.7097000479698181,0.016520023345947266,0.39392203092575073,0.6919872164726257,0.03056873194873333,0.4319249391555786,0.6632179021835327,0.043881505727767944,0.37750115990638733,0.7984561324119568,0.04085730388760567,0.43093881011009216,0.8559403419494629,0.06348498165607452,0.45298856496810913,0.8984727263450623,0.06791820377111435,0.4733136296272278,0.9344809651374817,0.06881891936063766,0.35315749049186707,0.8330771923065186,0.05604209378361702,0.3794730007648468,0.8271344900131226,0.09203489869832993,0.37391558289527893,0.8030571341514587,0.10079917311668396,0.37191587686538696,0.7941889762878418,0.10103477537631989,0.32283931970596313,0.850973904132843,0.07130879908800125,0.3510897159576416,0.8342803716659546,0.10746974498033524,0.3358822464942932,0.8056416511535645,0.11880622059106827,0.3239328861236572,0.8049939274787903,0.12017005681991577,0.29949823021888733,0.8656229972839355,0.08624325692653656,0.32485681772232056,0.8583636283874512,0.11589036136865616,0.3137964606285095,0.8345608115196228,0.13060905039310455,0.30651506781578064,0.831250011920929,0.13745903968811035
LANGUAGE,0.75410395860672,0.7594495415687561,-1.8148975300391612e-07,0.699039101600647,0.6858193874359131,-0.007180781103670597,0.6267606616020203,0.6620046496391296,-0.027309780940413475,0.5723879933357239,0.6530731320381165,-0.0472927950322628,0.5358010530471802,0.6229003071784973,-0.07043705880641937,0.6476767659187317,0.667288601398468,-0.059240713715553284,0.5740017294883728,0.7276122570037842,-0.08800265192985535,0.5309327840805054,0.7668697834014893,-0.10572543740272522,0.49848800897598267,0.7983241081237793,-0.11739549785852432,0.6722123026847839,0.7133188843727112,-0.07021032273769379,0.5777425169944763,0.7850866317749023,-0.09465190768241882,0.5381882786750793,0.8015291094779968,-0.10040942579507828,0.5139099359512329,0.8178645372390747,-0.10667098313570023,0.6967787146568298,0.7669515013694763,-0.0782523974776268,0.6128906011581421,0.8244554996490479,-0.09349172562360764,0.6309370994567871,0.8010203242301941,-0.07572760432958603,0.6571134328842163,0.7784111499786377,-0.06436675786972046,0.7196679711341858,0.8170884847640991,-0.08659903705120087,0.6542048454284668,0.8565531373023987,-0.0999545082449913,0.6653252840042114,0.8380195498466492,-0.08443330973386765,0.6898105144500732,0.8141570091247559,-0.07125084102153778,0.2103942334651947,0.7398404479026794,2.520471582556638e-07,0.2814677953720093,0.7852692008018494,-0.014234312810003757,0.34594470262527466,0.8156893253326416,-0.03961653634905815,0.3948902189731598,0.8507595658302307,-0.0648874044418335,0.4383322298526764,0.8776450157165527,-0.08911214768886566,0.3603053092956543,0.7021632194519043,-0.07769422233104706,0.41796255111694336,0.6780046224594116,-0.12315239012241364,0.4577775001525879,0.6596217155456543,-0.14835460484027863,0.48636630177497864,0.6333541870117188,-0.16306544840335846,0.328229695558548,0.6743191480636597,-0.08996663987636566,0.34794387221336365,0.7553277015686035,-0.1336054801940918,0.32141852378845215,0.8048176765441895,-0.13221441209316254,0.29761025309562683,0.8129937648773193,-0.1268600970506668,0.27942946553230286,0.6697792410850525,-0.10243663936853409,0.2955578863620758,0.7596281170845032,-0.14286895096302032,0.27879104018211365,0.7940788269042969,-0.12767115235328674,0.2650837302207947,0.7839332222938538,-0.11145004630088806,0.23149341344833374,0.6754213571548462,-0.11532377451658249,0.2382034808397293,0.741426408290863,-0.14057061076164246,0.23704665899276733,0.7615691423416138,-0.12927831709384918,0.23607634007930756,0.7450656294822693,-0.1175166517496109
LANGUAGE,0.7424256801605225,0.852901041507721,-1.4204621834323916e-07,0.693961501121521,0.857320249080658,-0.02376698888838291,0.6224544048309326,0.8224669098854065,-0.03573323413729668,0.5686528086662292,0.807485818862915,-0.04673275351524353,0.5212658047676086,0.8191172480583191,-0.05935738980770111,0.6121022701263428,0.7154854536056519,-0.03664768859744072,0.5570662617683411,0.6525853872299194,-0.07015419006347656,0.5148511528968811,0.6038796305656433,-0.09339207410812378,0.48207181692123413,0.5637128353118896,-0.10994218289852142,0.645564615726471,0.6827614307403564,-0.042337238788604736,0.6145949363708496,0.7163037061691284,-0.09088122099637985,0.6449251174926758,0.7971944808959961,-0.09987224638462067,0.6728770136833191,0.8350499868392944,-0.09560532867908478,0.6897677779197693,0.6744168400764465,-0.05099444463849068,0.6685992479324341,0.7229885458946228,-0.09637875109910965,0.690644383430481,0.7974437475204468,-0.08567962050437927,0.7086806297302246,0.8238327503204346,-0.06702809780836105,0.7374850511550903,0.6775192618370056,-0.06151193007826805,0.7169336676597595,0.705615222454071,-0.09387598186731339,0.7215124368667603,0.7685755491256714,-0.08555430918931961,0.7275594472885132,0.7961939573287964,-0.07116176933050156,0.18829993903636932,0.8116352558135986,1.1335755800701008e-07,0.22309595346450806,0.7206131219863892,-0.03397955372929573,0.29694467782974243,0.6844085454940796,-0.04297681897878647,0.35986343026161194,0.6693025827407837,-0.04101439565420151,0.40172427892684937,0.6345824003219604,-0.0382765494287014,0.31614574790000916,0.8077915906906128,-0.05256345123052597,0.3870622515678406,0.873096227645874,-0.06119877099990845,0.41677361726760864,0.925153374671936,-0.06952834874391556,0.43780311942100525,0.9710372090339661,-0.07366714626550674,0.2969236969947815,0.8568712472915649,-0.031012877821922302,0.33769848942756653,0.8637278079986572,-0.03185929358005524,0.33243289589881897,0.8195323944091797,-0.034535061568021774,0.32329636812210083,0.7933314442634583,-0.03943294659256935,0.2742357552051544,0.884210467338562,-0.008297027088701725,0.3159770369529724,0.8688874244689941,-0.0059052882716059685,0.30813273787498474,0.8118951320648193,-0.001883099670521915,0.29858192801475525,0.7823302149772644,-0.0005509085603989661,0.25857579708099365,0.8956137895584106,0.012731973081827164,0.30008751153945923,0.8895854353904724,0.020355412736535072,0.29231685400009155,0.8471789956092834,0.031904276460409164,0.2784319221973419,0.8278440237045288,0.04003256931900978
LANGUAGE,0.7437562346458435,0.7906924486160278,-3.2108172831613047e-07,0.672267496585846,0.7773011326789856,-0.016093913465738297,0.6117265820503235,0.743401825428009,-0.02991180308163166,0.5641194581985474,0.7190454006195068,-0.044798802584409714,0.5198989510536194,0.7066218852996826,-0.05881569907069206,0.6281024813652039,0.6465103030204773,-0.03193657100200653,0.568453311920166,0.6113044619560242,-0.06050128862261772,0.5314472317695618,0.5835739374160767,-0.07667290419340134,0.5026130676269531,0.5576650500297546,-0.08880350738763809,0.6644956469535828,0.6314760446548462,-0.03975053131580353,0.6217689514160156,0.7143382430076599,-0.0807863250374794,0.6326296329498291,0.7681760191917419,-0.08476000279188156,0.6490774154663086,0.7764201164245605,-0.08095104992389679,0.702389657497406,0.6481542587280273,-0.05030351132154465,0.666706383228302,0.7448052763938904,-0.08391006290912628,0.6747184991836548,0.7787492871284485,-0.07036905735731125,0.6859591603279114,0.7693195343017578,-0.055498696863651276,0.7362747192382812,0.68020099401474,-0.06356468051671982,0.7091182470321655,0.7574951648712158,-0.0863136276602745,0.7094331979751587,0.7821795344352722,-0.07929150015115738,0.716840386390686,0.7720292806625366,-0.06902134418487549,0.18791893124580383,0.6897377967834473,8.429484665839482e-08,0.25483080744743347,0.676798403263092,-0.004255207255482674,0.32763227820396423,0.6852802038192749,-0.01864873245358467,0.38283443450927734,0.7102533578872681,-0.032989852130413055,0.427462100982666,0.7173369526863098,-0.04594986513257027,0.33117151260375977,0.6354998350143433,-0.04670196399092674,0.38198763132095337,0.6785458326339722,-0.07874778658151627,0.4146067500114441,0.6988376379013062,-0.09494370967149734,0.44435450434684753,0.7059130668640137,-0.10434205830097198,0.30275076627731323,0.6546299457550049,-0.061272427439689636,0.36747851967811584,0.7517367601394653,-0.09879589080810547,0.3438209891319275,0.747901976108551,-0.09837693721055984,0.32111433148384094,0.7180145382881165,-0.091380774974823,0.26990512013435364,0.6874749064445496,-0.07531866431236267,0.3244419991970062,0.7786583304405212,-0.10437054932117462,0.2998640239238739,0.7662782669067383,-0.0864243358373642,0.28079381585121155,0.7353095412254333,-0.06789358705282211,0.23607376217842102,0.7209612727165222,-0.0897524505853653,0.2781427502632141,0.7903556823730469,-0.10167503356933594,0.26185309886932373,0.7761777639389038,-0.0859520360827446,0.24712568521499634,0.7486410737037659,-0.07250543683767319
LANGUAGE,0.7061139345169067,0.7669469118118286,-2.797281979383115e-07,0.6396679282188416,0.7499831914901733,-0.003296137321740389,0.5900201797485352,0.7250824570655823,-0.010863939300179482,0.5510318279266357,0.7086849808692932,-0.022620003670454025,0.5157498717308044,0.7053143382072449,-0.03490797057747841,0.5959864258766174,0.6376701593399048,-0.004726787097752094,0.5497997999191284,0.6042840480804443,-0.02261696383357048,0.5221119523048401,0.5821237564086914,-0.034821897745132446,0.5000192523002625,0.5593106150627136,-0.043864067643880844,0.6207273006439209,0.624910295009613,-0.014689589850604534,0.579127311706543,0.6624405384063721,-0.045664891600608826,0.5896217226982117,0.7136951088905334,-0.05260990560054779,0.6087603569030762,0.7405758500099182,-0.05132024362683296,0.6461235284805298,0.6310312151908875,-0.02650439739227295,0.6094301342964172,0.6786254644393921,-0.05399371683597565,0.6188138127326965,0.7230907082557678,-0.047484684735536575,0.6346523761749268,0.747031033039093,-0.036562491208314896,0.6719435453414917,0.6485700607299805,-0.03953370824456215,0.6427838802337646,0.6854467391967773,-0.05614897236227989,0.6382312178611755,0.7225719690322876,-0.05141700804233551,0.6427760124206543,0.7462661862373352,-0.0435950793325901,0.2144249975681305,0.6948559880256653,1.3846607771483832e-07,0.2758715748786926,0.6534563899040222,0.0004400183097459376,0.3395684063434601,0.6598716378211975,-0.0052999574691057205,0.3887348175048828,0.6646289825439453,-0.010460405610501766,0.4171408712863922,0.6465147733688354,-0.014949314296245575,0.3324047029018402,0.6818199753761292,-0.027380626648664474,0.39768749475479126,0.7239024639129639,-0.04245442524552345,0.43083512783050537,0.7514699697494507,-0.04966142401099205,0.453825980424881,0.7777239680290222,-0.05248034745454788,0.31609565019607544,0.7242641448974609,-0.032437946647405624,0.38356542587280273,0.7483441829681396,-0.045898228883743286,0.3717140257358551,0.7242419719696045,-0.040437374264001846,0.35079607367515564,0.711851179599762,-0.033677320927381516,0.2969371974468231,0.760590136051178,-0.0357065312564373,0.36215877532958984,0.7844541072845459,-0.04438371583819389,0.348650187253952,0.7607365846633911,-0.030250877141952515,0.32883262634277344,0.7518218159675598,-0.018080193549394608,0.2771530747413635,0.7916364669799805,-0.03866291791200638,0.3239113688468933,0.8126925826072693,-0.036579493433237076,0.31596237421035767,0.7912607192993164,-0.021949997171759605,0.30037426948547363,0.7795701622962952,-0.010291137732565403
BYE,0.8215872049331665,0.5959534645080566,2.614962113511865e-07,0.7835543155670166,0.5436748266220093,-0.00853672157973051,0.7719050049781799,0.48262426257133484,-0.007904686033725739,0.7760450839996338,0.43439429998397827,-0.007680704817175865,0.7750986218452454,0.396299809217453,-0.006734007503837347,0.8020887970924377,0.44788140058517456,0.009021741338074207,0.8103774189949036,0.3884899616241455,0.0023444881662726402,0.8188769817352295,0.3522273302078247,-0.00554232019931078,0.8265612721443176,0.3222208023071289,-0.010960375890135765,0.8280354142189026,0.45319974422454834,0.007156874518841505,0.8364148139953613,0.39085853099823,0.0028118810150772333,0.8421311378479004,0.35267335176467896,-0.004674589727073908,0.846341073513031,0.32213294506073,-0.009864426217973232,0.8503912687301636,0.4666340947151184,0.002554066479206085,0.8576247096061707,0.40976494550704956,-0.0030544809997081757,0.8605583906173706,0.37455183267593384,-0.007627345621585846,0.8624376058578491,0.3469114303588867,-0.010512487962841988,0.8730285167694092,0.48748502135276794,-0.0034872787073254585,0.8800625205039978,0.4449993669986725,-0.008277063257992268,0.8819870352745056,0.417629599571228,-0.00906560942530632,0.8817811608314514,0.39406096935272217,-0.009120426140725613,0.0,0.0,0.0,0.0,0.0,0.0,0.0,0.0,0.0,0.0,0.0,0.0,0.0,0.0,0.0,0.0,0.0,0.0,0.0,0.0,0.0,0.0,0.0,0.0,0.0,0.0,0.0,0.0,0.0,0.0,0.0,0.0,0.0,0.0,0.0,0.0,0.0,0.0,0.0,0.0,0.0,0.0,0.0,0.0,0.0,0.0,0.0,0.0,0.0,0.0,0.0,0.0,0.0,0.0,0.0,0.0,0.0,0.0,0.0,0.0,0.0,0.0,0.0
BYE,0.8421461582183838,0.6080814003944397,1.8717319960614986e-07,0.7882146835327148,0.5896497964859009,-0.02259545587003231,0.7482598423957825,0.5415022969245911,-0.03356117382645607,0.7290751934051514,0.4836684465408325,-0.042750369757413864,0.7056940793991089,0.4440533220767975,-0.05132552981376648,0.7524792551994324,0.466715008020401,-0.01709233596920967,0.727853536605835,0.39521700143814087,-0.03183676302433014,0.7153031826019287,0.3530552387237549,-0.04308081045746803,0.70564866065979,0.315280944108963,-0.05162398889660835,0.7785237431526184,0.45152220129966736,-0.01657596416771412,0.7529821395874023,0.37587642669677734,-0.0308902096003294,0.7362751960754395,0.32895901799201965,-0.04263946786522865,0.721299409866333,0.2881808578968048,-0.05093803256750107,0.8064969778060913,0.4501388669013977,-0.019133539870381355,0.7816411256790161,0.3800086975097656,-0.034535765647888184,0.763180673122406,0.3361658751964569,-0.04597415775060654,0.7469472885131836,0.2996968626976013,-0.053122516721487045,0.8384692668914795,0.4586193561553955,-0.02364090271294117,0.8207981586456299,0.4059959650039673,-0.0373804084956646,0.8069168925285339,0.37120938301086426,-0.044977568089962006,0.794151246547699,0.34043169021606445,-0.04977595806121826,0.0,0.0,0.0,0.0,0.0,0.0,0.0,0.0,0.0,0.0,0.0,0.0,0.0,0.0,0.0,0.0,0.0,0.0,0.0,0.0,0.0,0.0,0.0,0.0,0.0,0.0,0.0,0.0,0.0,0.0,0.0,0.0,0.0,0.0,0.0,0.0,0.0,0.0,0.0,0.0,0.0,0.0,0.0,0.0,0.0,0.0,0.0,0.0,0.0,0.0,0.0,0.0,0.0,0.0,0.0,0.0,0.0,0.0,0.0,0.0,0.0,0.0,0.0
BYE,0.8620894551277161,0.6452618837356567,-5.833285143808098e-08,0.8185144066810608,0.5782201290130615,0.001080572372302413,0.8049689531326294,0.5127043128013611,0.00938690546900034,0.8062262535095215,0.4643705487251282,0.016036447137594223,0.8074490427970886,0.43034565448760986,0.023687509819865227,0.8297560214996338,0.47246798872947693,0.029096487909555435,0.8394656181335449,0.4140797257423401,0.029685739427804947,0.847121000289917,0.38649019598960876,0.02497539296746254,0.851531445980072,0.3663245737552643,0.021028196439146996,0.8558593988418579,0.4788568913936615,0.025820117443799973,0.8651344180107117,0.4175466299057007,0.02677817828953266,0.870599627494812,0.39262816309928894,0.020093869417905807,0.8709535598754883,0.37430277466773987,0.014719964936375618,0.8806206583976746,0.493976354598999,0.020016930997371674,0.8892571330070496,0.43941232562065125,0.01948927342891693,0.8908079862594604,0.4114387631416321,0.015296428464353085,0.8903837203979492,0.3904626965522766,0.01166496891528368,0.9078320860862732,0.5164245367050171,0.013653011992573738,0.9191483855247498,0.4736410677433014,0.01537319179624319,0.9210517406463623,0.4445081949234009,0.016856873407959938,0.9197396636009216,0.42311039566993713,0.016954222694039345,0.0,0.0,0.0,0.0,0.0,0.0,0.0,0.0,0.0,0.0,0.0,0.0,0.0,0.0,0.0,0.0,0.0,0.0,0.0,0.0,0.0,0.0,0.0,0.0,0.0,0.0,0.0,0.0,0.0,0.0,0.0,0.0,0.0,0.0,0.0,0.0,0.0,0.0,0.0,0.0,0.0,0.0,0.0,0.0,0.0,0.0,0.0,0.0,0.0,0.0,0.0,0.0,0.0,0.0,0.0,0.0,0.0,0.0,0.0,0.0,0.0,0.0,0.0
BYE,0.8678898811340332,0.6374956369400024,3.5528245234672795e-07,0.8206223845481873,0.6069581508636475,-0.02268528938293457,0.791749119758606,0.5543465614318848,-0.03487669304013252,0.7822113633155823,0.49713826179504395,-0.04512573778629303,0.7639071345329285,0.45234814286231995,-0.05491652712225914,0.80563884973526,0.48185664415359497,-0.021005095914006233,0.7974779605865479,0.40560105443000793,-0.039621058851480484,0.7937445044517517,0.3582260012626648,-0.054097868502140045,0.7915250062942505,0.3168037533760071,-0.06384803354740143,0.8330187797546387,0.4738757014274597,-0.021269988268613815,0.8245487213134766,0.39327722787857056,-0.037249550223350525,0.8178449273109436,0.3413504362106323,-0.05020486190915108,0.8104698061943054,0.29676124453544617,-0.058867163956165314,0.8615929484367371,0.47899171710014343,-0.024507757276296616,0.8531568050384521,0.4042985439300537,-0.03948574885725975,0.8450316190719604,0.35731789469718933,-0.049188364297151566,0.836654543876648,0.3176756501197815,-0.055200688540935516,0.8922860622406006,0.49466273188591003,-0.0298994742333889,0.8893636465072632,0.43775737285614014,-0.043333496898412704,0.8841666579246521,0.4001502990722656,-0.04957067221403122,0.8773820400238037,0.366769015789032,-0.052859630435705185,0.0,0.0,0.0,0.0,0.0,0.0,0.0,0.0,0.0,0.0,0.0,0.0,0.0,0.0,0.0,0.0,0.0,0.0,0.0,0.0,0.0,0.0,0.0,0.0,0.0,0.0,0.0,0.0,0.0,0.0,0.0,0.0,0.0,0.0,0.0,0.0,0.0,0.0,0.0,0.0,0.0,0.0,0.0,0.0,0.0,0.0,0.0,0.0,0.0,0.0,0.0,0.0,0.0,0.0,0.0,0.0,0.0,0.0,0.0,0.0,0.0,0.0,0.0
BYE,0.9298746585845947,0.6523776054382324,3.0685029628330085e-07,0.8916423320770264,0.6014078259468079,-0.010890268720686436,0.8782258629798889,0.5390641689300537,-0.011509034782648087,0.882426917552948,0.49114570021629333,-0.011408921331167221,0.883769690990448,0.4525132477283478,-0.010005904361605644,0.9046867489814758,0.5105346441268921,0.004206355195492506,0.9130330085754395,0.4511863887310028,-0.0018522016471251845,0.9216242432594299,0.4132632315158844,-0.0093207573518157,0.927668035030365,0.38206297159194946,-0.01461485493928194,0.9309753775596619,0.5170614123344421,0.004279807209968567,0.9401918053627014,0.4579772353172302,0.0006766204023733735,0.9446591138839722,0.4205628037452698,-0.006000332534313202,0.9456592798233032,0.3919098973274231,-0.010658897459506989,0.9539974331855774,0.5325652360916138,0.0019394535338506103,0.960493266582489,0.4773828983306885,-0.002453439636155963,0.9610593914985657,0.442565381526947,-0.005893882364034653,0.9598614573478699,0.4170913100242615,-0.008069171570241451,0.9784913659095764,0.5550504326820374,-0.0018868270562961698,0.985852062702179,0.5138079524040222,-0.00579436682164669,0.9861466884613037,0.4863901138305664,-0.005831745453178883,0.9842112064361572,0.46360287070274353,-0.005223737098276615,0.9206491708755493,0.6736651659011841,1.7033133303812065e-07,0.880092978477478,0.6100418567657471,-0.013926476240158081,0.8676363229751587,0.5403679609298706,-0.00912395864725113,0.8726067543029785,0.48618829250335693,-0.0034361272118985653,0.8768667578697205,0.4443480968475342,0.004683142527937889,0.8939182758331299,0.5031119585037231,0.030382508412003517,0.9062251448631287,0.4383358359336853,0.03594202548265457,0.9172595739364624,0.4067171812057495,0.03325710818171501,0.9267703294754028,0.37987184524536133,0.030617190524935722,0.9203454256057739,0.5104851722717285,0.036681998521089554,0.931698739528656,0.44716233015060425,0.04843518137931824,0.9400780200958252,0.4131941795349121,0.046171385794878006,0.9463462829589844,0.3847298324108124,0.04253343865275383,0.942412793636322,0.5259162783622742,0.03834410011768341,0.9531034231185913,0.4714852273464203,0.04758691042661667,0.9569768309593201,0.4386979043483734,0.047094594687223434,0.9621745347976685,0.41378524899482727,0.04470587521791458,0.9669888615608215,0.5463162660598755,0.03722713887691498,0.9768784642219543,0.5078572034835815,0.04702101647853851,0.9807905554771423,0.4821336567401886,0.05238010734319687,0.9838734269142151,0.4607151746749878,0.05471710115671158
BYE,0.9431104063987732,0.685019850730896,-9.073102269496758e-09,0.9270662665367126,0.6092333197593689,-0.004513989668339491,0.8900658488273621,0.5413608551025391,-0.0030008896719664335,0.8592824935913086,0.4913978576660156,-0.003061570692807436,0.8362841010093689,0.4602174460887909,-0.002855698112398386,0.8782637715339661,0.5060743093490601,0.012711605988442898,0.8355273008346558,0.45984160900115967,0.002658652840182185,0.8066983819007874,0.4322790801525116,-0.008844232186675072,0.7852144241333008,0.40657392144203186,-0.016681551933288574,0.8763927221298218,0.5111744403839111,0.00975253339856863,0.8311769962310791,0.46732577681541443,0.0013697838876396418,0.7977181673049927,0.4357326626777649,-0.008460154756903648,0.7711157202720642,0.41270390152931213,-0.015207608230412006,0.8751487135887146,0.526909351348877,0.0043004462495446205,0.8284024000167847,0.4931471347808838,-0.0036611745599657297,0.7983779907226562,0.4653656780719757,-0.008826377801597118,0.7760134339332581,0.44657501578330994,-0.011434926651418209,0.8760532736778259,0.5538318753242493,-0.0024094677064567804,0.8433831334114075,0.5315204858779907,-0.007912922650575638,0.8239654302597046,0.5138851404190063,-0.00920891109853983,0.808181643486023,0.5013185143470764,-0.009056967683136463,0.0,0.0,0.0,0.0,0.0,0.0,0.0,0.0,0.0,0.0,0.0,0.0,0.0,0.0,0.0,0.0,0.0,0.0,0.0,0.0,0.0,0.0,0.0,0.0,0.0,0.0,0.0,0.0,0.0,0.0,0.0,0.0,0.0,0.0,0.0,0.0,0.0,0.0,0.0,0.0,0.0,0.0,0.0,0.0,0.0,0.0,0.0,0.0,0.0,0.0,0.0,0.0,0.0,0.0,0.0,0.0,0.0,0.0,0.0,0.0,0.0,0.0,0.0
BYE,0.6681864857673645,0.6139417290687561,2.102804899095645e-07,0.6298500299453735,0.5888472199440002,-0.008733401075005531,0.604147732257843,0.5417416095733643,-0.012327396310865879,0.5959965586662292,0.49751490354537964,-0.01625119149684906,0.5933703184127808,0.461670458316803,-0.019869424402713776,0.6203433871269226,0.4934552013874054,-0.0027754155453294516,0.6117337346076965,0.4383595883846283,-0.012432380579411983,0.608135461807251,0.4035729765892029,-0.02136898972094059,0.6052785515785217,0.3743806779384613,-0.027690360322594643,0.6396037340164185,0.48798292875289917,-0.006152322515845299,0.6303982138633728,0.4313325881958008,-0.013693303801119328,0.6246566772460938,0.3950623869895935,-0.021613238379359245,0.6196185946464539,0.3651966154575348,-0.02718835510313511,0.6602332592010498,0.49009594321250916,-0.011374196037650108,0.6506399512290955,0.43480321764945984,-0.018945876508951187,0.6445407867431641,0.4008602499961853,-0.023160787299275398,0.6392228007316589,0.37350690364837646,-0.025986818596720695,0.6833564639091492,0.4988897442817688,-0.017846962437033653,0.6781788468360901,0.45653823018074036,-0.02444571442902088,0.6726099848747253,0.42898663878440857,-0.02561580203473568,0.666537344455719,0.40701448917388916,-0.025971082970499992,0.0,0.0,0.0,0.0,0.0,0.0,0.0,0.0,0.0,0.0,0.0,0.0,0.0,0.0,0.0,0.0,0.0,0.0,0.0,0.0,0.0,0.0,0.0,0.0,0.0,0.0,0.0,0.0,0.0,0.0,0.0,0.0,0.0,0.0,0.0,0.0,0.0,0.0,0.0,0.0,0.0,0.0,0.0,0.0,0.0,0.0,0.0,0.0,0.0,0.0,0.0,0.0,0.0,0.0,0.0,0.0,0.0,0.0,0.0,0.0,0.0,0.0,0.0
BYE,0.7768785953521729,0.6733156442642212,1.6902281174679956e-07,0.7342027425765991,0.6438272595405579,-0.0116505678743124,0.7021280527114868,0.5853468775749207,-0.012938340194523335,0.6994261741638184,0.5303102135658264,-0.013880387879908085,0.7179599404335022,0.50287926197052,-0.013601741753518581,0.7103034257888794,0.5527883768081665,0.0065000467002391815,0.7026075720787048,0.501314640045166,0.0003706264542415738,0.7006937265396118,0.4683971107006073,-0.007688351906836033,0.6992456316947937,0.44033244252204895,-0.014366437681019306,0.7315729260444641,0.5478984117507935,0.006633008364588022,0.722575306892395,0.49557799100875854,0.0026111872866749763,0.717694103717804,0.46153974533081055,-0.004458951763808727,0.7125185132026672,0.4319315552711487,-0.009912869893014431,0.7532894611358643,0.5516136288642883,0.0039142738096416,0.7442872524261475,0.5028749704360962,-0.0009540534229017794,0.7380098104476929,0.4704962968826294,-0.005584962200373411,0.7326693534851074,0.44548553228378296,-0.009073039516806602,0.778517484664917,0.5625054836273193,-0.0006394112715497613,0.7723055481910706,0.5269388556480408,-0.004579971544444561,0.7662467360496521,0.5026569962501526,-0.005970650818198919,0.760974645614624,0.48384910821914673,-0.007168514654040337,0.0,0.0,0.0,0.0,0.0,0.0,0.0,0.0,0.0,0.0,0.0,0.0,0.0,0.0,0.0,0.0,0.0,0.0,0.0,0.0,0.0,0.0,0.0,0.0,0.0,0.0,0.0,0.0,0.0,0.0,0.0,0.0,0.0,0.0,0.0,0.0,0.0,0.0,0.0,0.0,0.0,0.0,0.0,0.0,0.0,0.0,0.0,0.0,0.0,0.0,0.0,0.0,0.0,0.0,0.0,0.0,0.0,0.0,0.0,0.0,0.0,0.0,0.0
BYE,0.8533798456192017,0.6105837225914001,3.564575195014186e-07,0.7976185083389282,0.6097874641418457,-0.022997036576271057,0.7468377351760864,0.5765097141265869,-0.02947949804365635,0.714739203453064,0.5285178422927856,-0.033748824149370193,0.6941958665847778,0.4845837950706482,-0.035615820437669754,0.7364611029624939,0.5114189982414246,-0.0008298593456856906,0.7033113837242126,0.45305347442626953,-0.01069684699177742,0.6855793595314026,0.4146701693534851,-0.02169577218592167,0.668949544429779,0.38026562333106995,-0.030127014964818954,0.7582688331604004,0.48788613080978394,0.002624794142320752,0.7254159450531006,0.43083351850509644,-0.005225632805377245,0.7032838463783264,0.39120858907699585,-0.016573568806052208,0.6831448078155518,0.35888221859931946,-0.024400388821959496,0.7838766574859619,0.4761892259120941,0.002135235583409667,0.7525874376296997,0.42054301500320435,-0.007669786456972361,0.7308071255683899,0.3851047158241272,-0.017978018149733543,0.7119950652122498,0.3561885952949524,-0.024427708238363266,0.8151161074638367,0.47127798199653625,-0.0007107096607796848,0.7917472124099731,0.42747369408607483,-0.009356582537293434,0.7747083306312561,0.4023752212524414,-0.014055564068257809,0.7603800296783447,0.37887153029441833,-0.016578447073698044,0.0,0.0,0.0,0.0,0.0,0.0,0.0,0.0,0.0,0.0,0.0,0.0,0.0,0.0,0.0,0.0,0.0,0.0,0.0,0.0,0.0,0.0,0.0,0.0,0.0,0.0,0.0,0.0,0.0,0.0,0.0,0.0,0.0,0.0,0.0,0.0,0.0,0.0,0.0,0.0,0.0,0.0,0.0,0.0,0.0,0.0,0.0,0.0,0.0,0.0,0.0,0.0,0.0,0.0,0.0,0.0,0.0,0.0,0.0,0.0,0.0,0.0,0.0
BYE,0.874296247959137,0.6672206521034241,3.060987694425421e-07,0.8208538889884949,0.6260187029838562,-0.020582687109708786,0.7869796752929688,0.5675885081291199,-0.02040718123316765,0.7748632431030273,0.5087599754333496,-0.01856428012251854,0.770604133605957,0.46021682024002075,-0.014911672100424767,0.8038884997367859,0.5027178525924683,0.025397632271051407,0.7901848554611206,0.4341209828853607,0.02718726173043251,0.7898901700973511,0.3939773142337799,0.0207961555570364,0.7910288572311401,0.36096179485321045,0.01546510960906744,0.8316199779510498,0.49985361099243164,0.03243748098611832,0.820385217666626,0.4294550120830536,0.04172148182988167,0.816340982913971,0.3871697783470154,0.03840736299753189,0.8126647472381592,0.35434919595718384,0.034124068915843964,0.8581051230430603,0.5090119242668152,0.03363422676920891,0.8512150049209595,0.4474157691001892,0.04030068218708038,0.8429662585258484,0.40830788016319275,0.04007488861680031,0.8374954462051392,0.37562739849090576,0.03810494393110275,0.8897176384925842,0.521191418170929,0.03112959675490856,0.8878557085990906,0.4745968282222748,0.0374327078461647,0.881139874458313,0.44549560546875,0.04152480885386467,0.8742697238922119,0.4190382957458496,0.04306837543845177,0.0,0.0,0.0,0.0,0.0,0.0,0.0,0.0,0.0,0.0,0.0,0.0,0.0,0.0,0.0,0.0,0.0,0.0,0.0,0.0,0.0,0.0,0.0,0.0,0.0,0.0,0.0,0.0,0.0,0.0,0.0,0.0,0.0,0.0,0.0,0.0,0.0,0.0,0.0,0.0,0.0,0.0,0.0,0.0,0.0,0.0,0.0,0.0,0.0,0.0,0.0,0.0,0.0,0.0,0.0,0.0,0.0,0.0,0.0,0.0,0.0,0.0,0.0
BYE,0.8722683191299438,0.6920610666275024,2.9096261755512387e-07,0.8213145732879639,0.641119658946991,-0.014952704310417175,0.7897199988365173,0.574690043926239,-0.0175203587859869,0.775623619556427,0.5157167911529541,-0.020251872017979622,0.7697753310203552,0.4649021029472351,-0.021466774865984917,0.8067218065261841,0.5165033340454102,0.011634199880063534,0.7965953946113586,0.44679439067840576,0.002392211928963661,0.7929802536964417,0.40411922335624695,-0.00903532188385725,0.7908855080604553,0.36647266149520874,-0.017397290095686913,0.8349987864494324,0.5117676854133606,0.01120954379439354,0.8239315748214722,0.44046029448509216,0.005459980573505163,0.8185904026031494,0.39611271023750305,-0.004309115465730429,0.8137495517730713,0.3584901690483093,-0.011465397663414478,0.8639804720878601,0.5175549983978271,0.006616756785660982,0.8536215424537659,0.45171862840652466,-0.00018113934493158013,0.8465709090232849,0.4116925597190857,-0.00442111399024725,0.8394598960876465,0.3794355094432831,-0.007274373900145292,0.8956735730171204,0.5318862199783325,-0.00043900898890569806,0.8896585702896118,0.4821629524230957,-0.005714235827326775,0.8834934234619141,0.45035648345947266,-0.005786283407360315,0.8767753839492798,0.4227551221847534,-0.005398395471274853,0.0,0.0,0.0,0.0,0.0,0.0,0.0,0.0,0.0,0.0,0.0,0.0,0.0,0.0,0.0,0.0,0.0,0.0,0.0,0.0,0.0,0.0,0.0,0.0,0.0,0.0,0.0,0.0,0.0,0.0,0.0,0.0,0.0,0.0,0.0,0.0,0.0,0.0,0.0,0.0,0.0,0.0,0.0,0.0,0.0,0.0,0.0,0.0,0.0,0.0,0.0,0.0,0.0,0.0,0.0,0.0,0.0,0.0,0.0,0.0,0.0,0.0,0.0
AGAIN,0.7043184041976929,0.8397958278656006,8.163439702002506e-07,0.6959102153778076,0.7911151051521301,-0.037663619965314865,0.7167524099349976,0.7407588958740234,-0.059199437499046326,0.7501020431518555,0.7094913721084595,-0.07738423347473145,0.7627062797546387,0.6702018976211548,-0.0925176814198494,0.7628189921379089,0.6525296568870544,-0.047773659229278564,0.8081757426261902,0.5771183371543884,-0.07628337293863297,0.835978627204895,0.5311692357063293,-0.09187794476747513,0.8609120845794678,0.48917391896247864,-0.09950660914182663,0.7915136218070984,0.6883391737937927,-0.04608709365129471,0.8587409257888794,0.6383054256439209,-0.07928472757339478,0.9075707197189331,0.6051104664802551,-0.09538783133029938,0.9463400840759277,0.5759826898574829,-0.10031656175851822,0.8066912293434143,0.7351393699645996,-0.04712308198213577,0.8319290280342102,0.7504299283027649,-0.08827617019414902,0.7894753813743591,0.7863457798957825,-0.08879853039979935,0.7546822428703308,0.8065469264984131,-0.07543094456195831,0.8126970529556274,0.7847919464111328,-0.05083810165524483,0.8398894667625427,0.7939110994338989,-0.0793021023273468,0.8171472549438477,0.8145103454589844,-0.07266399264335632,0.7922970652580261,0.8248600959777832,-0.05898143723607063,0.0,0.0,0.0,0.0,0.0,0.0,0.0,0.0,0.0,0.0,0.0,0.0,0.0,0.0,0.0,0.0,0.0,0.0,0.0,0.0,0.0,0.0,0.0,0.0,0.0,0.0,0.0,0.0,0.0,0.0,0.0,0.0,0.0,0.0,0.0,0.0,0.0,0.0,0.0,0.0,0.0,0.0,0.0,0.0,0.0,0.0,0.0,0.0,0.0,0.0,0.0,0.0,0.0,0.0,0.0,0.0,0.0,0.0,0.0,0.0,0.0,0.0,0.0
AGAIN,0.7039614319801331,0.8116599917411804,7.214516699605156e-07,0.684488832950592,0.7606746554374695,-0.03194772079586983,0.6859733462333679,0.7056366205215454,-0.05184156075119972,0.7068077325820923,0.6722884774208069,-0.07043566554784775,0.7144752144813538,0.6370454430580139,-0.08626057952642441,0.7237643003463745,0.6016884446144104,-0.039604924619197845,0.7470424175262451,0.5067170262336731,-0.06810217350721359,0.7628414034843445,0.4472024738788605,-0.0828610435128212,0.7761551141738892,0.39656662940979004,-0.08875366300344467,0.7594273686408997,0.6256737112998962,-0.0412256233394146,0.8077343702316284,0.539046585559845,-0.07304123044013977,0.8391204476356506,0.4817221760749817,-0.08955524861812592,0.8615105152130127,0.43086451292037964,-0.09398575872182846,0.7853983640670776,0.6655184030532837,-0.0453641451895237,0.7951967716217041,0.668912410736084,-0.0846962034702301,0.7647759914398193,0.7108709812164307,-0.0865887701511383,0.7401241660118103,0.7381292581558228,-0.07343250513076782,0.8023148775100708,0.7127802968025208,-0.05177430436015129,0.8179200887680054,0.7069830298423767,-0.07398182153701782,0.7962546348571777,0.733623743057251,-0.06416783481836319,0.774469256401062,0.7548568248748779,-0.048347990959882736,0.0,0.0,0.0,0.0,0.0,0.0,0.0,0.0,0.0,0.0,0.0,0.0,0.0,0.0,0.0,0.0,0.0,0.0,0.0,0.0,0.0,0.0,0.0,0.0,0.0,0.0,0.0,0.0,0.0,0.0,0.0,0.0,0.0,0.0,0.0,0.0,0.0,0.0,0.0,0.0,0.0,0.0,0.0,0.0,0.0,0.0,0.0,0.0,0.0,0.0,0.0,0.0,0.0,0.0,0.0,0.0,0.0,0.0,0.0,0.0,0.0,0.0,0.0
AGAIN,0.6928982734680176,0.8192814588546753,5.723082949771197e-07,0.6676651239395142,0.7770200967788696,-0.031420134007930756,0.6591584086418152,0.7275617122650146,-0.051510974764823914,0.6651261448860168,0.6916670799255371,-0.07070262730121613,0.6466477513313293,0.6607324481010437,-0.08738555014133453,0.6701600551605225,0.6139671802520752,-0.04149924963712692,0.6728657484054565,0.5102019309997559,-0.07233045250177383,0.6765503883361816,0.4497694969177246,-0.0878625363111496,0.6812065243721008,0.39631813764572144,-0.09394621104001999,0.7077107429504395,0.6236969232559204,-0.04289296269416809,0.7320488691329956,0.5346055030822754,-0.07794929295778275,0.7499918937683105,0.47577136754989624,-0.0945557951927185,0.7640734910964966,0.4237107038497925,-0.09883493930101395,0.7408980131149292,0.6484692096710205,-0.04702167958021164,0.7497521638870239,0.6711289882659912,-0.0884988009929657,0.7257302403450012,0.7275397777557373,-0.09083444625139236,0.7046447396278381,0.7634193897247314,-0.07816070318222046,0.7683067321777344,0.6837242245674133,-0.053884461522102356,0.7763705253601074,0.6997991800308228,-0.0772603377699852,0.7543373703956604,0.7430402040481567,-0.06996825337409973,0.7341570854187012,0.7729417085647583,-0.05646501109004021,0.0,0.0,0.0,0.0,0.0,0.0,0.0,0.0,0.0,0.0,0.0,0.0,0.0,0.0,0.0,0.0,0.0,0.0,0.0,0.0,0.0,0.0,0.0,0.0,0.0,0.0,0.0,0.0,0.0,0.0,0.0,0.0,0.0,0.0,0.0,0.0,0.0,0.0,0.0,0.0,0.0,0.0,0.0,0.0,0.0,0.0,0.0,0.0,0.0,0.0,0.0,0.0,0.0,0.0,0.0,0.0,0.0,0.0,0.0,0.0,0.0,0.0,0.0
AGAIN,0.6964045166969299,0.8134294748306274,6.674671482187478e-08,0.6481048464775085,0.7701768279075623,-0.013940485194325447,0.6142855882644653,0.7124929428100586,-0.02475079894065857,0.5936530828475952,0.677947461605072,-0.0383344441652298,0.5594534277915955,0.6689168214797974,-0.05210874229669571,0.6118308305740356,0.6232902407646179,-0.020819447934627533,0.5716871619224548,0.5478180646896362,-0.04277840256690979,0.5478599071502686,0.5030550360679626,-0.05464799329638481,0.533279299736023,0.4630230665206909,-0.06127413734793663,0.6434802412986755,0.6089401245117188,-0.027917025610804558,0.6043078899383545,0.539706289768219,-0.060890138149261475,0.5785726308822632,0.49901318550109863,-0.07952931523323059,0.5610002279281616,0.4663146734237671,-0.08659644424915314,0.6791781783103943,0.6123089790344238,-0.03528260067105293,0.650752067565918,0.6265138387680054,-0.06716127693653107,0.6445987820625305,0.6905381679534912,-0.06967787444591522,0.6461664438247681,0.7329322099685669,-0.06189871206879616,0.717124342918396,0.6307805180549622,-0.044279031455516815,0.6903550028800964,0.6582306027412415,-0.06098364293575287,0.6743972301483154,0.7141668200492859,-0.055866338312625885,0.6694155931472778,0.7509496212005615,-0.04681040346622467,0.0,0.0,0.0,0.0,0.0,0.0,0.0,0.0,0.0,0.0,0.0,0.0,0.0,0.0,0.0,0.0,0.0,0.0,0.0,0.0,0.0,0.0,0.0,0.0,0.0,0.0,0.0,0.0,0.0,0.0,0.0,0.0,0.0,0.0,0.0,0.0,0.0,0.0,0.0,0.0,0.0,0.0,0.0,0.0,0.0,0.0,0.0,0.0,0.0,0.0,0.0,0.0,0.0,0.0,0.0,0.0,0.0,0.0,0.0,0.0,0.0,0.0,0.0
AGAIN,0.6417958736419678,0.7991863489151001,4.0354905195272295e-08,0.5932714343070984,0.7916356921195984,-0.01312625128775835,0.5430871844291687,0.7608139514923096,-0.025020377710461617,0.5077358484268188,0.7374454736709595,-0.039232831448316574,0.4754491150379181,0.7359929084777832,-0.05278986319899559,0.5289865732192993,0.6749417185783386,-0.024666331708431244,0.4687594473361969,0.6318591237068176,-0.05402242764830589,0.42924171686172485,0.6005173921585083,-0.07495760172605515,0.39713072776794434,0.5746850967407227,-0.08958642184734344,0.5566290020942688,0.6480223536491394,-0.03438334912061691,0.4950181543827057,0.6276978254318237,-0.07067609578371048,0.4531530737876892,0.610200822353363,-0.09218990057706833,0.4203259348869324,0.5937002301216125,-0.10319922864437103,0.5909183025360107,0.6450235843658447,-0.04480830579996109,0.5506253242492676,0.7003786563873291,-0.07539375871419907,0.5629176497459412,0.7558658719062805,-0.07159747928380966,0.577470600605011,0.7895614504814148,-0.06180140748620033,0.6265366077423096,0.658015251159668,-0.0578717477619648,0.5903313159942627,0.7144824862480164,-0.07800304889678955,0.5847272872924805,0.7631145715713501,-0.07172000408172607,0.5843316316604614,0.7963204979896545,-0.062079112976789474,0.6823123693466187,0.8203885555267334,-8.489699609981471e-08,0.6111406087875366,0.789436936378479,-0.008468630723655224,0.5601000785827637,0.7527198791503906,-0.019930852577090263,0.522996187210083,0.7285974025726318,-0.03540714457631111,0.4841286242008209,0.7280688285827637,-0.05210345238447189,0.5483251214027405,0.6584097743034363,-0.01304056216031313,0.4818216562271118,0.6256974339485168,-0.03590826317667961,0.4381769299507141,0.6079162359237671,-0.05174828693270683,0.4047854244709015,0.5922597646713257,-0.061711788177490234,0.5768822431564331,0.633804202079773,-0.022165413945913315,0.5024631023406982,0.6101900935173035,-0.05092158168554306,0.4530174136161804,0.6021712422370911,-0.06928223371505737,0.4146391749382019,0.5970514416694641,-0.07851404696702957,0.6103507280349731,0.6340823173522949,-0.031443603336811066,0.5589726567268372,0.6927732229232788,-0.053281791508197784,0.5686182975769043,0.7482069134712219,-0.05273519456386566,0.5841958522796631,0.7809283137321472,-0.047215256839990616,0.6433810591697693,0.6507349014282227,-0.042862746864557266,0.599149763584137,0.7129372358322144,-0.052954547107219696,0.5895754098892212,0.7642135620117188,-0.04621709883213043,0.5888214707374573,0.7964643836021423,-0.03852652385830879
AGAIN,0.6427906155586243,0.8270634412765503,-2.732251402903785e-07,0.5687302350997925,0.8123413324356079,-0.010560772381722927,0.5158207416534424,0.7913857698440552,-0.027087293565273285,0.480882465839386,0.7760040760040283,-0.04753805324435234,0.44436031579971313,0.7632390260696411,-0.06795854866504669,0.49544960260391235,0.6745309829711914,-0.02209853194653988,0.4225572347640991,0.6775171756744385,-0.05681140348315239,0.3777743875980377,0.6799204349517822,-0.08292093873023987,0.338259756565094,0.6794866919517517,-0.09866230934858322,0.5253871083259583,0.6611074805259705,-0.035811930894851685,0.45571643114089966,0.7052316665649414,-0.07444782555103302,0.4086434841156006,0.7349309921264648,-0.09344539791345596,0.37011927366256714,0.7553954124450684,-0.10247021913528442,0.5594892501831055,0.6692644953727722,-0.051796749234199524,0.5086783766746521,0.7504740357398987,-0.08764657378196716,0.5259584188461304,0.8003667593002319,-0.08612359315156937,0.5460945963859558,0.8282743096351624,-0.07729162275791168,0.5933445692062378,0.6924555897712708,-0.07002196460962296,0.5482357144355774,0.7509492039680481,-0.09110645949840546,0.5376458764076233,0.7980707287788391,-0.08477459847927094,0.5353319644927979,0.8309854865074158,-0.0752401202917099,0.0,0.0,0.0,0.0,0.0,0.0,0.0,0.0,0.0,0.0,0.0,0.0,0.0,0.0,0.0,0.0,0.0,0.0,0.0,0.0,0.0,0.0,0.0,0.0,0.0,0.0,0.0,0.0,0.0,0.0,0.0,0.0,0.0,0.0,0.0,0.0,0.0,0.0,0.0,0.0,0.0,0.0,0.0,0.0,0.0,0.0,0.0,0.0,0.0,0.0,0.0,0.0,0.0,0.0,0.0,0.0,0.0,0.0,0.0,0.0,0.0,0.0,0.0
AGAIN,0.7691491842269897,0.8644219040870667,6.946564781173947e-07,0.7777233719825745,0.8303210139274597,-0.03522045165300369,0.8140317797660828,0.8013890981674194,-0.04166696220636368,0.853808581829071,0.7901145815849304,-0.041180215775966644,0.8847240805625916,0.7731159329414368,-0.03846580907702446,0.8305606245994568,0.7476359605789185,-0.02584739401936531,0.8756405711174011,0.7218882441520691,-0.03694950416684151,0.9095079302787781,0.7059458494186401,-0.044562384486198425,0.9371655583381653,0.6935245990753174,-0.04872909560799599,0.8476637005805969,0.777379035949707,-0.01378975436091423,0.8959295153617859,0.7614539265632629,-0.026631781831383705,0.9346166849136353,0.7466703653335571,-0.03765806555747986,0.9662160873413086,0.7374987006187439,-0.04244105517864227,0.8529007434844971,0.8130171895027161,-0.0046993279829621315,0.8740153908729553,0.8255091309547424,-0.03072449564933777,0.8519690632820129,0.8407917022705078,-0.041521262377500534,0.8333096504211426,0.8514398336410522,-0.03990047052502632,0.850439190864563,0.8474274277687073,0.002534763654693961,0.8745629787445068,0.8555192947387695,-0.0267100241035223,0.8761613368988037,0.8732185959815979,-0.03626012057065964,0.8752471208572388,0.8884634971618652,-0.03531547635793686,0.0,0.0,0.0,0.0,0.0,0.0,0.0,0.0,0.0,0.0,0.0,0.0,0.0,0.0,0.0,0.0,0.0,0.0,0.0,0.0,0.0,0.0,0.0,0.0,0.0,0.0,0.0,0.0,0.0,0.0,0.0,0.0,0.0,0.0,0.0,0.0,0.0,0.0,0.0,0.0,0.0,0.0,0.0,0.0,0.0,0.0,0.0,0.0,0.0,0.0,0.0,0.0,0.0,0.0,0.0,0.0,0.0,0.0,0.0,0.0,0.0,0.0,0.0
AGAIN,0.7513192892074585,0.8313429355621338,6.335342277452582e-07,0.7589162588119507,0.783340334892273,-0.027429906651377678,0.7880080938339233,0.7399515509605408,-0.029795708134770393,0.8226019144058228,0.7172549962997437,-0.028366530314087868,0.8464820981025696,0.6929354071617126,-0.02452510967850685,0.792908251285553,0.6859357357025146,-0.00821175891906023,0.8323491215705872,0.6443662643432617,-0.016964327543973923,0.8625541925430298,0.6155669689178467,-0.02319219335913658,0.8873270153999329,0.5940629839897156,-0.02578737773001194,0.8134561777114868,0.7121301889419556,-0.00039800224476493895,0.8541468977928162,0.6761875748634338,-0.013076121918857098,0.8871221542358398,0.6452111601829529,-0.023723607882857323,0.9145886301994324,0.6244106292724609,-0.027267305180430412,0.8258801698684692,0.7486811876296997,0.0038052343297749758,0.8479952812194824,0.7522650361061096,-0.023482240736484528,0.8255967497825623,0.7770718932151794,-0.03421865031123161,0.8060681819915771,0.7948031425476074,-0.030795393511652946,0.8317501544952393,0.7855771780014038,0.006594008766114712,0.8580095171928406,0.7762144804000854,-0.020516689866781235,0.8573879599571228,0.792733371257782,-0.028081389144062996,0.8545571565628052,0.8090287446975708,-0.02549545094370842,0.7506833672523499,0.8508676290512085,5.944430654380994e-07,0.762372612953186,0.8028085231781006,-0.03393704816699028,0.7930511236190796,0.7569886445999146,-0.038921959698200226,0.8267996907234192,0.7246177196502686,-0.03854238986968994,0.8460332155227661,0.6953633427619934,-0.03533132001757622,0.7995734214782715,0.701158344745636,-0.016771847382187843,0.838595449924469,0.6464457511901855,-0.025807462632656097,0.8639041185379028,0.6130541563034058,-0.031509388238191605,0.884228527545929,0.5865893363952637,-0.033496979624032974,0.8189809322357178,0.7257608771324158,-0.005358384922146797,0.8642064332962036,0.6853766441345215,-0.01748216524720192,0.8971665501594543,0.6549504995346069,-0.027203118428587914,0.923665463924408,0.6297240853309631,-0.029939895495772362,0.8315978646278381,0.7586671710014343,0.002353495452553034,0.8487737774848938,0.7561672329902649,-0.02237747050821781,0.8237348794937134,0.7794256806373596,-0.03122437372803688,0.8037781119346619,0.7948275208473206,-0.02670530043542385,0.8383647799491882,0.7919546961784363,0.00792491715401411,0.8638789653778076,0.777387797832489,-0.012969077564775944,0.8597905039787292,0.7929982542991638,-0.016134466975927353,0.8532989025115967,0.8109361529350281,-0.011066367849707603
AGAIN,0.729280948638916,0.8143473863601685,6.122318723100761e-07,0.7341789603233337,0.7630823254585266,-0.02763313613831997,0.7505754232406616,0.7162346243858337,-0.036721840500831604,0.7780064344406128,0.6830506920814514,-0.043257925659418106,0.790796160697937,0.6507065892219543,-0.04657260701060295,0.7669159173965454,0.6465470194816589,-0.012816542759537697,0.7957161664962769,0.5871751308441162,-0.02496911957859993,0.8146573901176453,0.5512913465499878,-0.03214365616440773,0.8306351900100708,0.521721363067627,-0.0346672348678112,0.7897359728813171,0.6709980964660645,-0.006743789184838533,0.8281644582748413,0.6224370002746582,-0.022501803934574127,0.854877769947052,0.5901004076004028,-0.0316644012928009,0.8750860691070557,0.563921332359314,-0.03328467905521393,0.8055816292762756,0.7058191895484924,-0.004392472095787525,0.8175942897796631,0.7098792195320129,-0.02988443709909916,0.7953593730926514,0.7343483567237854,-0.035469334572553635,0.776928186416626,0.7518337368965149,-0.028308885172009468,0.8158811926841736,0.7414816617965698,-0.004039795603603125,0.8348739743232727,0.7365531325340271,-0.02090883068740368,0.828752338886261,0.7468514442443848,-0.020714638754725456,0.8215736746788025,0.7559699416160583,-0.013832390308380127,0.0,0.0,0.0,0.0,0.0,0.0,0.0,0.0,0.0,0.0,0.0,0.0,0.0,0.0,0.0,0.0,0.0,0.0,0.0,0.0,0.0,0.0,0.0,0.0,0.0,0.0,0.0,0.0,0.0,0.0,0.0,0.0,0.0,0.0,0.0,0.0,0.0,0.0,0.0,0.0,0.0,0.0,0.0,0.0,0.0,0.0,0.0,0.0,0.0,0.0,0.0,0.0,0.0,0.0,0.0,0.0,0.0,0.0,0.0,0.0,0.0,0.0,0.0
AGAIN,0.6932738423347473,0.7748571634292603,4.1191592003997357e-07,0.6788029670715332,0.7355344891548157,-0.021839819848537445,0.6773719191551208,0.6902748942375183,-0.033407311886548996,0.688545286655426,0.6537877321243286,-0.044565144926309586,0.6920627355575562,0.6215352416038513,-0.05381152406334877,0.6881076693534851,0.6179170608520508,-0.02050856128334999,0.7012431025505066,0.5486166477203369,-0.03878013417124748,0.7118406295776367,0.5089834928512573,-0.04902972653508186,0.7204923629760742,0.47302407026290894,-0.05346290022134781,0.7147597670555115,0.6316861510276794,-0.02105879783630371,0.7374325394630432,0.5705248713493347,-0.04186137393116951,0.7535003423690796,0.5330182313919067,-0.05173876881599426,0.7657458186149597,0.4984499216079712,-0.053858786821365356,0.7372456192970276,0.6571245193481445,-0.024166466668248177,0.7453213334083557,0.6532220840454102,-0.0517769530415535,0.7294307351112366,0.6885192394256592,-0.053268227726221085,0.7176240682601929,0.7103756666183472,-0.04424941912293434,0.7557176351547241,0.6883476376533508,-0.02884565107524395,0.7674618363380432,0.6738970875740051,-0.04487219825387001,0.7547682523727417,0.6955578923225403,-0.03901980072259903,0.7440125942230225,0.7118806838989258,-0.028980035334825516,0.7040485143661499,0.8016940355300903,2.838938826243975e-07,0.6938615441322327,0.7527129650115967,-0.016191141679883003,0.6941070556640625,0.702544093132019,-0.024920782074332237,0.7020001411437988,0.6615570187568665,-0.03457252308726311,0.7028622031211853,0.6271824836730957,-0.0424954779446125,0.7058157324790955,0.6320454478263855,-0.012001732364296913,0.7170064449310303,0.5564446449279785,-0.02680996060371399,0.7245473265647888,0.5136623978614807,-0.03372589871287346,0.7322692275047302,0.47870826721191406,-0.03589727729558945,0.7305798530578613,0.6420260667800903,-0.01409036573022604,0.747346818447113,0.5718958377838135,-0.033105041831731796,0.7587610483169556,0.5343624949455261,-0.042720623314380646,0.767450749874115,0.500771701335907,-0.04488237947225571,0.7529716491699219,0.6643800735473633,-0.01814904808998108,0.7510650157928467,0.659137487411499,-0.04106609895825386,0.7304473519325256,0.6924633979797363,-0.04281137138605118,0.7166913747787476,0.7104164958000183,-0.03553982824087143,0.770881712436676,0.6929486989974976,-0.023601282387971878,0.7733174562454224,0.6782634854316711,-0.03474239632487297,0.7563313841819763,0.7017002105712891,-0.028497612103819847,0.7447246313095093,0.7170972228050232,-0.019478600472211838
AGAIN,0.683828592300415,0.7917414307594299,3.2699247753953387e-07,0.6652050018310547,0.751549482345581,-0.019664153456687927,0.6555482149124146,0.7105129361152649,-0.029576582834124565,0.6601886749267578,0.6775338053703308,-0.03985830768942833,0.6592121720314026,0.64781653881073,-0.04801265522837639,0.6565229892730713,0.6306105852127075,-0.014709362760186195,0.6540716290473938,0.560512125492096,-0.029384592548012733,0.6538422703742981,0.5219441652297974,-0.0365973636507988,0.6539388298988342,0.4862634539604187,-0.0386667363345623,0.6841374635696411,0.6345171928405762,-0.014940953813493252,0.6912206411361694,0.5722216367721558,-0.032456837594509125,0.6970157623291016,0.5337333679199219,-0.041017837822437286,0.6999855041503906,0.5006604194641113,-0.04248923808336258,0.7092881202697754,0.6495507955551147,-0.017830297350883484,0.7124502062797546,0.6528580784797668,-0.04333590343594551,0.7015695571899414,0.6954920291900635,-0.04640544578433037,0.6910188794136047,0.7244929075241089,-0.038661181926727295,0.7308034896850586,0.6714052557945251,-0.022232238203287125,0.7363243103027344,0.6663447022438049,-0.03604763001203537,0.7264578342437744,0.6959770917892456,-0.03131791949272156,0.7172659635543823,0.7203167080879211,-0.022304773330688477,0.0,0.0,0.0,0.0,0.0,0.0,0.0,0.0,0.0,0.0,0.0,0.0,0.0,0.0,0.0,0.0,0.0,0.0,0.0,0.0,0.0,0.0,0.0,0.0,0.0,0.0,0.0,0.0,0.0,0.0,0.0,0.0,0.0,0.0,0.0,0.0,0.0,0.0,0.0,0.0,0.0,0.0,0.0,0.0,0.0,0.0,0.0,0.0,0.0,0.0,0.0,0.0,0.0,0.0,0.0,0.0,0.0,0.0,0.0,0.0,0.0,0.0,0.0
AGAIN,0.6763496398925781,0.8089632391929626,-1.4253971869493398e-07,0.6428045630455017,0.779265284538269,-0.011144845746457577,0.6182349324226379,0.7395378351211548,-0.01827898807823658,0.6066330671310425,0.7080839276313782,-0.02776418626308441,0.5916389226913452,0.6782709956169128,-0.037371955811977386,0.614050567150116,0.6650800704956055,-0.007144258823245764,0.5797469019889832,0.6173276305198669,-0.023061903193593025,0.5585429668426514,0.589646577835083,-0.032845087349414825,0.5441067218780518,0.5635133385658264,-0.03732965886592865,0.636677086353302,0.6543890237808228,-0.011705481447279453,0.5970279574394226,0.6155185699462891,-0.03285663202404976,0.5686057209968567,0.5916937589645386,-0.04503016546368599,0.5476925373077393,0.5703246593475342,-0.048774491995573044,0.6616728901863098,0.6523990631103516,-0.017800921574234962,0.6346465945243835,0.667809247970581,-0.04194154217839241,0.6358335614204407,0.720539391040802,-0.044455792754888535,0.6415084004402161,0.7558363080024719,-0.03826380521059036,0.6878368854522705,0.6598713397979736,-0.025288958102464676,0.6642910838127136,0.6804384589195251,-0.03847235068678856,0.6574573516845703,0.7239459753036499,-0.034314025193452835,0.657671332359314,0.753790557384491,-0.026502445340156555,0.0,0.0,0.0,0.0,0.0,0.0,0.0,0.0,0.0,0.0,0.0,0.0,0.0,0.0,0.0,0.0,0.0,0.0,0.0,0.0,0.0,0.0,0.0,0.0,0.0,0.0,0.0,0.0,0.0,0.0,0.0,0.0,0.0,0.0,0.0,0.0,0.0,0.0,0.0,0.0,0.0,0.0,0.0,0.0,0.0,0.0,0.0,0.0,0.0,0.0,0.0,0.0,0.0,0.0,0.0,0.0,0.0,0.0,0.0,0.0,0.0,0.0,0.0
AGAIN,0.66087806224823,0.8113195896148682,-1.9162739306466392e-07,0.6268993616104126,0.7844539284706116,-0.013165372423827648,0.6010546684265137,0.752577543258667,-0.024083739146590233,0.5905913710594177,0.7273286581039429,-0.03652918338775635,0.5794755220413208,0.7007257342338562,-0.048087019473314285,0.5953190326690674,0.6765285134315491,-0.011478389613330364,0.5633136630058289,0.6525957584381104,-0.0319446437060833,0.5438976883888245,0.6408150792121887,-0.04678426682949066,0.5259876847267151,0.6244295835494995,-0.055518075823783875,0.6197159290313721,0.6635012626647949,-0.01609170436859131,0.5959497094154358,0.6620593070983887,-0.042516086250543594,0.5761539340019226,0.670669674873352,-0.056245554238557816,0.5577611327171326,0.6737222075462341,-0.06109409034252167,0.6455348134040833,0.6607838869094849,-0.022688737139105797,0.6263023614883423,0.6946756839752197,-0.05144727602601051,0.6310434937477112,0.7452691793441772,-0.05262402445077896,0.6364108920097351,0.7783215045928955,-0.04537755250930786,0.6721712350845337,0.6682641506195068,-0.03078884445130825,0.6534349918365479,0.6987539529800415,-0.049221862107515335,0.650885820388794,0.74229896068573,-0.04630892723798752,0.653437077999115,0.7725039124488831,-0.03870890662074089,0.0,0.0,0.0,0.0,0.0,0.0,0.0,0.0,0.0,0.0,0.0,0.0,0.0,0.0,0.0,0.0,0.0,0.0,0.0,0.0,0.0,0.0,0.0,0.0,0.0,0.0,0.0,0.0,0.0,0.0,0.0,0.0,0.0,0.0,0.0,0.0,0.0,0.0,0.0,0.0,0.0,0.0,0.0,0.0,0.0,0.0,0.0,0.0,0.0,0.0,0.0,0.0,0.0,0.0,0.0,0.0,0.0,0.0,0.0,0.0,0.0,0.0,0.0
AGAIN,0.6564158201217651,0.8164501190185547,-2.006956094646739e-07,0.6244798898696899,0.7957906126976013,-0.015073193237185478,0.598591148853302,0.7648411393165588,-0.025435488671064377,0.5901705622673035,0.7374306321144104,-0.035754866898059845,0.5770134925842285,0.7131658792495728,-0.04463298246264458,0.5956475734710693,0.6817003488540649,-0.013730092905461788,0.5647901296615601,0.6664496660232544,-0.034007299691438675,0.5444949865341187,0.6554327011108398,-0.049437109380960464,0.5258935689926147,0.6410667896270752,-0.0593094639480114,0.6206002235412598,0.6680803298950195,-0.017289109528064728,0.5964175462722778,0.67528235912323,-0.04195156693458557,0.5771343111991882,0.6871755123138428,-0.054069504141807556,0.5597020387649536,0.6935973763465881,-0.0584171786904335,0.6472290754318237,0.6689954400062561,-0.0231553353369236,0.6292291879653931,0.7038992643356323,-0.048566289246082306,0.6340187788009644,0.7478985786437988,-0.048063769936561584,0.6393350958824158,0.7763416171073914,-0.04124381020665169,0.6750491261482239,0.682485044002533,-0.030948305502533913,0.6574665904045105,0.7143367528915405,-0.047632116824388504,0.6523151397705078,0.7537729740142822,-0.04469472914934158,0.6525207757949829,0.7799292206764221,-0.03795180842280388,0.0,0.0,0.0,0.0,0.0,0.0,0.0,0.0,0.0,0.0,0.0,0.0,0.0,0.0,0.0,0.0,0.0,0.0,0.0,0.0,0.0,0.0,0.0,0.0,0.0,0.0,0.0,0.0,0.0,0.0,0.0,0.0,0.0,0.0,0.0,0.0,0.0,0.0,0.0,0.0,0.0,0.0,0.0,0.0,0.0,0.0,0.0,0.0,0.0,0.0,0.0,0.0,0.0,0.0,0.0,0.0,0.0,0.0,0.0,0.0,0.0,0.0,0.0

I,0.6484125852584839,0.9649323225021362,6.066288449346757e-08,0.6456717252731323,0.8880391716957092,-0.004053064156323671,0.6144171953201294,0.8318480253219604,-0.005701325833797455,0.5757750868797302,0.8003029227256775,-0.007438737899065018,0.5450052618980408,0.7859424948692322,-0.009306727908551693,0.5820282101631165,0.8480569124221802,-0.008183041587471962,0.5459136366844177,0.8239071369171143,-0.016957804560661316,0.5439791083335876,0.8198428153991699,-0.023419015109539032,0.5491269826889038,0.8223813772201538,-0.026557158678770065,0.567845344543457,0.8897814154624939,-0.009213781915605068,0.541373074054718,0.8650776743888855,-0.012530753389000893,0.5493597388267517,0.8597885370254517,-0.01464033592492342,0.562951922416687,0.8644233345985413,-0.017087576910853386,0.5613040328025818,0.9307220578193665,-0.01047712191939354,0.5498727560043335,0.9074550271034241,-0.013157992623746395,0.5611788630485535,0.904792308807373,-0.010444944724440575,0.5748181343078613,0.909480094909668,-0.009363936260342598,0.5597955584526062,0.967230498790741,-0.01208523940294981,0.5544496774673462,0.9456865191459656,-0.012771020643413067,0.5654776096343994,0.9436326622962952,-0.007760064676403999,0.5765552520751953,0.9481799602508545,-0.003825385356321931,0.0,0.0,0.0,0.0,0.0,0.0,0.0,0.0,0.0,0.0,0.0,0.0,0.0,0.0,0.0,0.0,0.0,0.0,0.0,0.0,0.0,0.0,0.0,0.0,0.0,0.0,0.0,0.0,0.0,0.0,0.0,0.0,0.0,0.0,0.0,0.0,0.0,0.0,0.0,0.0,0.0,0.0,0.0,0.0,0.0,0.0,0.0,0.0,0.0,0.0,0.0,0.0,0.0,0.0,0.0,0.0,0.0,0.0,0.0,0.0,0.0,0.0,0.0
I,0.7618502974510193,0.8542703986167908,-2.0539340539471596e-07,0.760661780834198,0.7598259449005127,0.0475514717400074,0.7305116653442383,0.6970325112342834,0.08201921731233597,0.6848514676094055,0.6964846849441528,0.10914278030395508,0.6602561473846436,0.7252284288406372,0.13256414234638214,0.6425384879112244,0.6880692839622498,0.0843443050980568,0.6027771830558777,0.669161319732666,0.1331133395433426,0.5930359363555908,0.6696194410324097,0.15947479009628296,0.5894742608070374,0.666922926902771,0.17345646023750305,0.6110742092132568,0.729904055595398,0.07520602643489838,0.5929200649261475,0.754486083984375,0.12974394857883453,0.605624794960022,0.777457058429718,0.14344196021556854,0.6227311491966248,0.7838172316551208,0.1456705927848816,0.5989676713943481,0.7829166650772095,0.07029763609170914,0.5867246985435486,0.8020930886268616,0.11371089518070221,0.6028705835342407,0.8149769306182861,0.1152164489030838,0.6210724115371704,0.8195279240608215,0.10814185440540314,0.5950266122817993,0.8401423692703247,0.06950391829013824,0.5788300037384033,0.8543273210525513,0.10533246397972107,0.5933780074119568,0.8585232496261597,0.11707323044538498,0.6098712086677551,0.8606591820716858,0.12144938856363297,0.0,0.0,0.0,0.0,0.0,0.0,0.0,0.0,0.0,0.0,0.0,0.0,0.0,0.0,0.0,0.0,0.0,0.0,0.0,0.0,0.0,0.0,0.0,0.0,0.0,0.0,0.0,0.0,0.0,0.0,0.0,0.0,0.0,0.0,0.0,0.0,0.0,0.0,0.0,0.0,0.0,0.0,0.0,0.0,0.0,0.0,0.0,0.0,0.0,0.0,0.0,0.0,0.0,0.0,0.0,0.0,0.0,0.0,0.0,0.0,0.0,0.0,0.0
I,0.7763274908065796,0.9228944182395935,1.347039386700999e-07,0.7955471277236938,0.8216436505317688,0.04948592185974121,0.7771294116973877,0.7640379667282104,0.09456487745046616,0.7472631335258484,0.7608575224876404,0.13174349069595337,0.7258643507957458,0.7855461239814758,0.16708652675151825,0.6734693646430969,0.7500283718109131,0.12006933242082596,0.6343026757240295,0.7218723297119141,0.1783459484577179,0.618850588798523,0.7069682478904724,0.2152380645275116,0.6102069616317749,0.6966766715049744,0.23928037285804749,0.6414462327957153,0.8040891885757446,0.11558263748884201,0.6131365299224854,0.8250387907028198,0.17794790863990784,0.6090860962867737,0.8520633578300476,0.20749661326408386,0.6129439473152161,0.8682212233543396,0.2279893010854721,0.6285377144813538,0.8637526035308838,0.11142192780971527,0.6111614108085632,0.8796660304069519,0.15767954289913177,0.6139548420906067,0.8989015817642212,0.17117300629615784,0.6213212609291077,0.9085828065872192,0.1803429126739502,0.6316942572593689,0.9245188236236572,0.11060617864131927,0.6207367777824402,0.9363367557525635,0.1468876153230667,0.6275070309638977,0.9449840784072876,0.16350702941417694,0.6377096772193909,0.9516829252243042,0.17732898890972137,0.0,0.0,0.0,0.0,0.0,0.0,0.0,0.0,0.0,0.0,0.0,0.0,0.0,0.0,0.0,0.0,0.0,0.0,0.0,0.0,0.0,0.0,0.0,0.0,0.0,0.0,0.0,0.0,0.0,0.0,0.0,0.0,0.0,0.0,0.0,0.0,0.0,0.0,0.0,0.0,0.0,0.0,0.0,0.0,0.0,0.0,0.0,0.0,0.0,0.0,0.0,0.0,0.0,0.0,0.0,0.0,0.0,0.0,0.0,0.0,0.0,0.0,0.0
I,0.6980255246162415,0.7313854694366455,-3.3340089089506364e-07,0.6969425678253174,0.6592947840690613,0.017019806429743767,0.6680701971054077,0.6210739612579346,0.02783380076289177,0.6260530352592468,0.6192977428436279,0.03413141518831253,0.5987613201141357,0.6384459137916565,0.03857976570725441,0.6148624420166016,0.5999485850334167,0.033816251903772354,0.5815303921699524,0.6043084263801575,0.04502522945404053,0.5785374045372009,0.6164199113845825,0.04977837949991226,0.5803064703941345,0.618290901184082,0.051898110657930374,0.5869214534759521,0.6284561157226562,0.027671119198203087,0.5711202025413513,0.6704254150390625,0.04264442250132561,0.5876707434654236,0.6963384747505188,0.045437026768922806,0.6040446162223816,0.69718998670578,0.04572484642267227,0.5712465643882751,0.6692137718200684,0.02237488143146038,0.5615694522857666,0.7128227949142456,0.033687882125377655,0.5791937112808228,0.7382078766822815,0.034858494997024536,0.5944464206695557,0.7400467991828918,0.03324636071920395,0.5628077983856201,0.7148617506027222,0.01853785663843155,0.5561178922653198,0.753455638885498,0.029860233888030052,0.5726774334907532,0.7716605067253113,0.03721274808049202,0.5878223180770874,0.7747319936752319,0.042421452701091766,0.0,0.0,0.0,0.0,0.0,0.0,0.0,0.0,0.0,0.0,0.0,0.0,0.0,0.0,0.0,0.0,0.0,0.0,0.0,0.0,0.0,0.0,0.0,0.0,0.0,0.0,0.0,0.0,0.0,0.0,0.0,0.0,0.0,0.0,0.0,0.0,0.0,0.0,0.0,0.0,0.0,0.0,0.0,0.0,0.0,0.0,0.0,0.0,0.0,0.0,0.0,0.0,0.0,0.0,0.0,0.0,0.0,0.0,0.0,0.0,0.0,0.0,0.0
I,0.6439098119735718,0.7533997893333435,-3.370038825778465e-08,0.6285555958747864,0.6845356225967407,-0.0018393582431599498,0.5947331786155701,0.6619274020195007,0.0008508190512657166,0.560794472694397,0.660591721534729,0.0031083289068192244,0.5386029481887817,0.6736940145492554,0.005356179550290108,0.5730258822441101,0.6468347311019897,0.012442342936992645,0.5442718267440796,0.6570794582366943,0.011425312608480453,0.5466484427452087,0.6741786599159241,0.006756641902029514,0.556387186050415,0.6799656748771667,0.004113234579563141,0.5546610355377197,0.6721750497817993,0.013507386669516563,0.535639226436615,0.6955453753471375,0.014997169375419617,0.5461711287498474,0.7118597626686096,0.01047393586486578,0.5618622303009033,0.7141271233558655,0.007607112172991037,0.5404732823371887,0.7068091034889221,0.01363839115947485,0.5271995067596436,0.728303849697113,0.011627390049397945,0.5412886738777161,0.7426668405532837,0.009037923999130726,0.5583122968673706,0.743022620677948,0.008259596303105354,0.5300438404083252,0.7427431344985962,0.013706818222999573,0.5204052925109863,0.7621490359306335,0.010446230880916119,0.5361054539680481,0.7721881866455078,0.011859790422022343,0.551379382610321,0.7725452184677124,0.015361604280769825,0.0,0.0,0.0,0.0,0.0,0.0,0.0,0.0,0.0,0.0,0.0,0.0,0.0,0.0,0.0,0.0,0.0,0.0,0.0,0.0,0.0,0.0,0.0,0.0,0.0,0.0,0.0,0.0,0.0,0.0,0.0,0.0,0.0,0.0,0.0,0.0,0.0,0.0,0.0,0.0,0.0,0.0,0.0,0.0,0.0,0.0,0.0,0.0,0.0,0.0,0.0,0.0,0.0,0.0,0.0,0.0,0.0,0.0,0.0,0.0,0.0,0.0,0.0
I,0.7213742733001709,0.9662056565284729,-1.7479334246672806e-07,0.7241427898406982,0.8921152949333191,0.00618298863992095,0.7052745819091797,0.8360817432403564,0.009163609705865383,0.6695941090583801,0.8192389011383057,0.009758616797626019,0.6430160403251648,0.8298534154891968,0.008963288739323616,0.6478710174560547,0.8114352822303772,0.010175571776926517,0.608187735080719,0.7979046106338501,0.011632907204329967,0.584617555141449,0.797118067741394,0.00931293424218893,0.5676863193511963,0.7964776754379272,0.006270020734518766,0.6250681281089783,0.8406949639320374,0.005439395550638437,0.6113513112068176,0.85983806848526,0.008356600999832153,0.6267914772033691,0.8740546107292175,0.0074196006171405315,0.6439127922058105,0.8791062831878662,0.005260400008410215,0.6130865812301636,0.8809257745742798,0.0014869803562760353,0.60761958360672,0.8952197432518005,0.002924978034570813,0.6205652952194214,0.9065362215042114,0.004175377544015646,0.635167121887207,0.9111425876617432,0.0033946018666028976,0.6046717762947083,0.9217844009399414,-0.002256809500977397,0.6011643409729004,0.9327874183654785,-0.001630635466426611,0.6147574186325073,0.9437821507453918,0.0019366666674613953,0.6278406381607056,0.9491223096847534,0.0052322945557534695,0.0,0.0,0.0,0.0,0.0,0.0,0.0,0.0,0.0,0.0,0.0,0.0,0.0,0.0,0.0,0.0,0.0,0.0,0.0,0.0,0.0,0.0,0.0,0.0,0.0,0.0,0.0,0.0,0.0,0.0,0.0,0.0,0.0,0.0,0.0,0.0,0.0,0.0,0.0,0.0,0.0,0.0,0.0,0.0,0.0,0.0,0.0,0.0,0.0,0.0,0.0,0.0,0.0,0.0,0.0,0.0,0.0,0.0,0.0,0.0,0.0,0.0,0.0
I,0.7145241498947144,0.9631508588790894,-1.218673588709862e-07,0.7196574211120605,0.8923664689064026,0.008746403269469738,0.7061461806297302,0.8348702788352966,0.013389534316956997,0.6713935732841492,0.8164483904838562,0.016099892556667328,0.6452869772911072,0.8263029456138611,0.01726698689162731,0.6441285014152527,0.8118962049484253,0.012341991998255253,0.6084685921669006,0.7989580631256104,0.018673457205295563,0.587597668170929,0.7961882948875427,0.02048845961689949,0.5728297233581543,0.7927186489105225,0.01996888779103756,0.6196193695068359,0.8380502462387085,0.008526136167347431,0.6094123125076294,0.8566268682479858,0.01704145036637783,0.6234803199768066,0.8725817203521729,0.018813274800777435,0.6381152868270874,0.8782885670661926,0.017800558358430862,0.607292890548706,0.8757900595664978,0.006300501991063356,0.6035922169685364,0.8917761445045471,0.013122589327394962,0.6167355179786682,0.9050636291503906,0.016532156616449356,0.6307979822158813,0.9102113842964172,0.016187094151973724,0.5994938611984253,0.9160200953483582,0.004591220524162054,0.5964027047157288,0.9265075325965881,0.00963861308991909,0.6107802987098694,0.9379914402961731,0.01535865105688572,0.6239951252937317,0.9445799589157104,0.019703757017850876,0.0,0.0,0.0,0.0,0.0,0.0,0.0,0.0,0.0,0.0,0.0,0.0,0.0,0.0,0.0,0.0,0.0,0.0,0.0,0.0,0.0,0.0,0.0,0.0,0.0,0.0,0.0,0.0,0.0,0.0,0.0,0.0,0.0,0.0,0.0,0.0,0.0,0.0,0.0,0.0,0.0,0.0,0.0,0.0,0.0,0.0,0.0,0.0,0.0,0.0,0.0,0.0,0.0,0.0,0.0,0.0,0.0,0.0,0.0,0.0,0.0,0.0,0.0
I,0.6711153984069824,1.0179016590118408,-1.0405868522411765e-07,0.6791894435882568,0.950946033000946,0.006752242334187031,0.6655757427215576,0.8979979157447815,0.008571721613407135,0.6432647705078125,0.8753156661987305,0.007561592850834131,0.6226811408996582,0.873178243637085,0.005858724005520344,0.6173481345176697,0.8633459210395813,0.008694345131516457,0.582076907157898,0.8411344289779663,0.005962442606687546,0.5633364915847778,0.8406059741973877,0.0030377344228327274,0.5525565147399902,0.8469563722610474,0.001173226977698505,0.5971171259880066,0.8844653964042664,0.0024181075859814882,0.5821968913078308,0.8978089094161987,0.0014005668926984072,0.5952785611152649,0.9134536385536194,-0.00020480832608882338,0.6086101531982422,0.9208955764770508,-0.0015502552269026637,0.584412693977356,0.9186335206031799,-0.0034372867085039616,0.5776784420013428,0.9298514127731323,-0.004524521064013243,0.5892810225486755,0.9428048133850098,-0.0018180770566686988,0.5998916029930115,0.9483997225761414,-0.00041833450086414814,0.574909508228302,0.9542113542556763,-0.009051147848367691,0.5708892941474915,0.9609524607658386,-0.0082359304651618,0.5831015706062317,0.9716238975524902,-0.002687334083020687,0.5930430889129639,0.9778581857681274,0.0024544019252061844,0.0,0.0,0.0,0.0,0.0,0.0,0.0,0.0,0.0,0.0,0.0,0.0,0.0,0.0,0.0,0.0,0.0,0.0,0.0,0.0,0.0,0.0,0.0,0.0,0.0,0.0,0.0,0.0,0.0,0.0,0.0,0.0,0.0,0.0,0.0,0.0,0.0,0.0,0.0,0.0,0.0,0.0,0.0,0.0,0.0,0.0,0.0,0.0,0.0,0.0,0.0,0.0,0.0,0.0,0.0,0.0,0.0,0.0,0.0,0.0,0.0,0.0,0.0
I,0.6591259241104126,0.601216733455658,-1.4792536262575595e-07,0.6711623072624207,0.5401554107666016,0.009129498153924942,0.661334753036499,0.48735564947128296,0.014474642463028431,0.6326249837875366,0.4687455892562866,0.01782151870429516,0.6103891134262085,0.4773044288158417,0.01937606744468212,0.6089955568313599,0.47234490513801575,0.008654743432998657,0.5752057433128357,0.4434274435043335,0.015209868550300598,0.5568351745605469,0.4322907626628876,0.01707015372812748,0.5440019369125366,0.42275387048721313,0.01627955585718155,0.5864434242248535,0.4980927109718323,0.00456450879573822,0.577254056930542,0.4932861030101776,0.012207302264869213,0.5906220078468323,0.5041984915733337,0.013786770403385162,0.6044043302536011,0.5134338140487671,0.012059993110597134,0.5754803419113159,0.5318621397018433,0.0023102317936718464,0.5658343434333801,0.519281268119812,0.009006925858557224,0.5769161581993103,0.5262491703033447,0.013084443286061287,0.590007483959198,0.5364178419113159,0.012758488766849041,0.5683082342147827,0.5654534697532654,0.000819712586235255,0.5570127367973328,0.549228310585022,0.006882507354021072,0.568024754524231,0.5507654547691345,0.01366421952843666,0.580635130405426,0.5572786331176758,0.017572661861777306,0.0,0.0,0.0,0.0,0.0,0.0,0.0,0.0,0.0,0.0,0.0,0.0,0.0,0.0,0.0,0.0,0.0,0.0,0.0,0.0,0.0,0.0,0.0,0.0,0.0,0.0,0.0,0.0,0.0,0.0,0.0,0.0,0.0,0.0,0.0,0.0,0.0,0.0,0.0,0.0,0.0,0.0,0.0,0.0,0.0,0.0,0.0,0.0,0.0,0.0,0.0,0.0,0.0,0.0,0.0,0.0,0.0,0.0,0.0,0.0,0.0,0.0,0.0
I,0.667107880115509,0.6195200085639954,-7.648274191751625e-08,0.6795442700386047,0.5567113161087036,0.004931331146508455,0.6676824688911438,0.5035801529884338,0.00874514039605856,0.6376871466636658,0.48784124851226807,0.011584356427192688,0.6160815954208374,0.4979257881641388,0.013319097459316254,0.6172739863395691,0.4940696358680725,0.004541368689388037,0.584043025970459,0.46882379055023193,0.009126237593591213,0.5648322105407715,0.4584261178970337,0.010830920189619064,0.5504932999610901,0.4504964351654053,0.01050702016800642,0.5959699153900146,0.5221363306045532,0.0024076569825410843,0.5822101831436157,0.5113349556922913,0.0072618345730006695,0.595271646976471,0.5206547975540161,0.008969632908701897,0.6095317006111145,0.5310074090957642,0.008727584965527058,0.5855701565742493,0.5540993213653564,0.0016806706553325057,0.5754545331001282,0.5368973612785339,0.006469580344855785,0.5864035487174988,0.5423887372016907,0.010112631134688854,0.5994117259979248,0.5522312521934509,0.010551579296588898,0.5798720121383667,0.5847728848457336,0.001394307124428451,0.5727471113204956,0.5658218860626221,0.00653351005166769,0.5839130878448486,0.5674138069152832,0.012193451635539532,0.5956858992576599,0.5746293663978577,0.015810327604413033,0.0,0.0,0.0,0.0,0.0,0.0,0.0,0.0,0.0,0.0,0.0,0.0,0.0,0.0,0.0,0.0,0.0,0.0,0.0,0.0,0.0,0.0,0.0,0.0,0.0,0.0,0.0,0.0,0.0,0.0,0.0,0.0,0.0,0.0,0.0,0.0,0.0,0.0,0.0,0.0,0.0,0.0,0.0,0.0,0.0,0.0,0.0,0.0,0.0,0.0,0.0,0.0,0.0,0.0,0.0,0.0,0.0,0.0,0.0,0.0,0.0,0.0,0.0
I,0.6859886050224304,0.631921648979187,-1.055727381071847e-07,0.6890771985054016,0.5779826641082764,0.0051142689771950245,0.6725943088531494,0.5324013233184814,0.008942186832427979,0.6446272134780884,0.5221556425094604,0.011469561606645584,0.6241915822029114,0.5360156893730164,0.01277192123234272,0.6280836462974548,0.5192058086395264,0.007433976046741009,0.5901669263839722,0.5073113441467285,0.009709826670587063,0.5687701106071472,0.5035461187362671,0.009814000688493252,0.5535388588905334,0.49851199984550476,0.00901581160724163,0.6125075817108154,0.542468249797821,0.004622180014848709,0.5756132006645203,0.5453806519508362,0.008175404742360115,0.5692771077156067,0.5604166388511658,0.008705740794539452,0.5707196593284607,0.5687143802642822,0.007942001335322857,0.604552686214447,0.5709940791130066,0.0026158264372497797,0.5741220116615295,0.5732826590538025,0.004300419241189957,0.576417088508606,0.5858246088027954,0.005565986502915621,0.5859708189964294,0.5937974452972412,0.005480566062033176,0.6008703708648682,0.6011361479759216,0.0010597012005746365,0.579366147518158,0.6031696796417236,0.0032055722549557686,0.5848032236099243,0.6105785965919495,0.007045457139611244,0.5953658819198608,0.6167032122612,0.009953665547072887,0.0,0.0,0.0,0.0,0.0,0.0,0.0,0.0,0.0,0.0,0.0,0.0,0.0,0.0,0.0,0.0,0.0,0.0,0.0,0.0,0.0,0.0,0.0,0.0,0.0,0.0,0.0,0.0,0.0,0.0,0.0,0.0,0.0,0.0,0.0,0.0,0.0,0.0,0.0,0.0,0.0,0.0,0.0,0.0,0.0,0.0,0.0,0.0,0.0,0.0,0.0,0.0,0.0,0.0,0.0,0.0,0.0,0.0,0.0,0.0,0.0,0.0,0.0
I,0.6752579808235168,0.6454014778137207,-1.6701790173101472e-08,0.6809893250465393,0.5906997323036194,0.0007376939174719155,0.6651005744934082,0.542202889919281,0.0019504118245095015,0.6364839673042297,0.5274317860603333,0.0027759757358580828,0.6157395839691162,0.5364649891853333,0.002628206741064787,0.6193844079971313,0.5323075652122498,6.990668043727055e-05,0.5857192873954773,0.5156452059745789,-0.00046577866305597126,0.5658183693885803,0.5071861743927002,-0.0017381043871864676,0.5518444180488586,0.49934110045433044,-0.003323331708088517,0.6039943695068359,0.5582849979400635,-0.0013174957130104303,0.5713541507720947,0.5556890368461609,-0.0015763480914756656,0.5744054913520813,0.5651711821556091,-0.0012279122602194548,0.5843744277954102,0.5717576742172241,-0.001260579563677311,0.5963146090507507,0.5877763032913208,-0.0020648932550102472,0.5720111131668091,0.5872319936752319,-0.0024211674463003874,0.5793588757514954,0.5938219428062439,0.0006097907316870987,0.5916194319725037,0.5982147455215454,0.002119721146300435,0.5930446982383728,0.6174180507659912,-0.0028233719058334827,0.5758405327796936,0.6142452359199524,-0.0018400781555101275,0.5845022201538086,0.6186057925224304,0.0025731632485985756,0.596014142036438,0.6228449940681458,0.006012300495058298,0.0,0.0,0.0,0.0,0.0,0.0,0.0,0.0,0.0,0.0,0.0,0.0,0.0,0.0,0.0,0.0,0.0,0.0,0.0,0.0,0.0,0.0,0.0,0.0,0.0,0.0,0.0,0.0,0.0,0.0,0.0,0.0,0.0,0.0,0.0,0.0,0.0,0.0,0.0,0.0,0.0,0.0,0.0,0.0,0.0,0.0,0.0,0.0,0.0,0.0,0.0,0.0,0.0,0.0,0.0,0.0,0.0,0.0,0.0,0.0,0.0,0.0,0.0
I,0.7000278830528259,0.6380572319030762,8.0459201967642e-08,0.7217817306518555,0.5706607699394226,-0.003775398014113307,0.7022993564605713,0.5085756778717041,-0.0031725363805890083,0.666200578212738,0.48730918765068054,-0.0009732343023642898,0.6420328617095947,0.49245980381965637,-7.745813491055742e-05,0.6403329372406006,0.503959059715271,-0.009748130105435848,0.604550838470459,0.4714730978012085,-0.007747961673885584,0.5809090733528137,0.44964829087257385,-0.006687626708298922,0.5644607543945312,0.4355526268482208,-0.007744280621409416,0.616089940071106,0.5420756340026855,-0.008025359362363815,0.6008415818214417,0.5192613005638123,-0.003857143223285675,0.61870276927948,0.5245529413223267,0.0014336416497826576,0.6346388459205627,0.5374361276626587,0.0033756254706531763,0.6067190170288086,0.5829803347587585,-0.005590781569480896,0.5950211882591248,0.5559074878692627,-0.004032754804939032,0.6107986569404602,0.5599534511566162,0.0018172116251662374,0.625594437122345,0.5736322402954102,0.0038816609885543585,0.6034025549888611,0.621449887752533,-0.0030845412984490395,0.5919766426086426,0.5961904525756836,-0.003001186763867736,0.6062445044517517,0.5997347831726074,0.0021724789403378963,0.6177761554718018,0.611484944820404,0.005580972880125046,0.0,0.0,0.0,0.0,0.0,0.0,0.0,0.0,0.0,0.0,0.0,0.0,0.0,0.0,0.0,0.0,0.0,0.0,0.0,0.0,0.0,0.0,0.0,0.0,0.0,0.0,0.0,0.0,0.0,0.0,0.0,0.0,0.0,0.0,0.0,0.0,0.0,0.0,0.0,0.0,0.0,0.0,0.0,0.0,0.0,0.0,0.0,0.0,0.0,0.0,0.0,0.0,0.0,0.0,0.0,0.0,0.0,0.0,0.0,0.0,0.0,0.0,0.0
YOU,0.7202875018119812,0.9631348252296448,-6.086008284000854e-07,0.6772339344024658,0.9428219199180603,-0.02791639417409897,0.644542396068573,0.8928316235542297,-0.047308649867773056,0.6599371433258057,0.8647006750106812,-0.06437055766582489,0.6973723769187927,0.8560786843299866,-0.07623763382434845,0.6868274807929993,0.8221667408943176,-0.041564133018255234,0.6873610019683838,0.7968536615371704,-0.07300189882516861,0.6857114434242249,0.8127704858779907,-0.08652569353580475,0.6868931651115417,0.8177669048309326,-0.094363272190094,0.7308257222175598,0.8179119825363159,-0.04087045043706894,0.7125914692878723,0.8926324248313904,-0.07477791607379913,0.6991915106773376,0.9387338161468506,-0.07826212793588638,0.6991859078407288,0.930667519569397,-0.07708270847797394,0.7649781107902527,0.8395479321479797,-0.04399707168340683,0.745040774345398,0.925634503364563,-0.07592867314815521,0.7278367877006531,0.960521936416626,-0.06885015219449997,0.7250864505767822,0.9460903406143188,-0.06026842072606087,0.7945165634155273,0.8712368011474609,-0.05044519901275635,0.7783472537994385,0.9395001530647278,-0.07530667632818222,0.7570496201515198,0.9670290946960449,-0.07528828829526901,0.7466771602630615,0.9559915065765381,-0.0708804503083229,0.0,0.0,0.0,0.0,0.0,0.0,0.0,0.0,0.0,0.0,0.0,0.0,0.0,0.0,0.0,0.0,0.0,0.0,0.0,0.0,0.0,0.0,0.0,0.0,0.0,0.0,0.0,0.0,0.0,0.0,0.0,0.0,0.0,0.0,0.0,0.0,0.0,0.0,0.0,0.0,0.0,0.0,0.0,0.0,0.0,0.0,0.0,0.0,0.0,0.0,0.0,0.0,0.0,0.0,0.0,0.0,0.0,0.0,0.0,0.0,0.0,0.0,0.0
YOU,0.8670632839202881,0.900364875793457,-5.556707378673309e-07,0.808041512966156,0.8589985966682434,-0.03982966020703316,0.7830333113670349,0.7749136090278625,-0.06321725994348526,0.8335078358650208,0.7545943260192871,-0.08185896277427673,0.8919640779495239,0.7660644054412842,-0.09520483762025833,0.8473891019821167,0.7056835293769836,-0.06132672727108002,0.8774871230125427,0.7064135074615479,-0.10962933301925659,0.9008067846298218,0.7009960412979126,-0.13810856640338898,0.9301872849464417,0.6806721091270447,-0.15640157461166382,0.912362813949585,0.7053119540214539,-0.057615526020526886,0.9041783213615417,0.8324211835861206,-0.10701927542686462,0.8586255311965942,0.8696723580360413,-0.10590212047100067,0.8455296158790588,0.8334589600563049,-0.09770666062831879,0.9560142159461975,0.7392011284828186,-0.06057250127196312,0.9472067952156067,0.8658804893493652,-0.09927502274513245,0.900738000869751,0.8805338144302368,-0.07923547178506851,0.8857117891311646,0.8426639437675476,-0.06000668182969093,0.9882625341415405,0.7832781672477722,-0.06998372822999954,0.9800552725791931,0.8786359429359436,-0.10628749430179596,0.9429227709770203,0.8959764838218689,-0.10562140494585037,0.9283322095870972,0.8768036365509033,-0.09734836220741272,0.0,0.0,0.0,0.0,0.0,0.0,0.0,0.0,0.0,0.0,0.0,0.0,0.0,0.0,0.0,0.0,0.0,0.0,0.0,0.0,0.0,0.0,0.0,0.0,0.0,0.0,0.0,0.0,0.0,0.0,0.0,0.0,0.0,0.0,0.0,0.0,0.0,0.0,0.0,0.0,0.0,0.0,0.0,0.0,0.0,0.0,0.0,0.0,0.0,0.0,0.0,0.0,0.0,0.0,0.0,0.0,0.0,0.0,0.0,0.0,0.0,0.0,0.0
YOU,0.5661188364028931,0.843557596206665,-5.060529133515956e-07,0.525879442691803,0.8378232717514038,-0.024601619690656662,0.4864920973777771,0.8089286684989929,-0.04140270873904228,0.4781620502471924,0.7789826393127441,-0.05645650625228882,0.4951135516166687,0.7498303055763245,-0.068390391767025,0.5100861191749573,0.706367552280426,-0.032115813344717026,0.5008991956710815,0.7009177803993225,-0.05861993506550789,0.4883282482624054,0.7130504846572876,-0.07492925971746445,0.4776948094367981,0.7230091691017151,-0.084629587829113,0.5489250421524048,0.6961073875427246,-0.032655540853738785,0.5215552449226379,0.7975599765777588,-0.05612962692975998,0.5231307744979858,0.840036928653717,-0.060157179832458496,0.5331568717956543,0.8460599184036255,-0.06036697328090668,0.5847861766815186,0.7180262207984924,-0.03670046105980873,0.557313084602356,0.8197708129882812,-0.0578530952334404,0.558019757270813,0.8468524217605591,-0.04778354987502098,0.5649149417877197,0.8443519473075867,-0.038058552891016006,0.6155604720115662,0.7499400973320007,-0.04424815624952316,0.5901815295219421,0.8214788436889648,-0.06398854404687881,0.5843721032142639,0.8461064696311951,-0.05934398993849754,0.5877072811126709,0.8448567986488342,-0.05057217553257942,0.0,0.0,0.0,0.0,0.0,0.0,0.0,0.0,0.0,0.0,0.0,0.0,0.0,0.0,0.0,0.0,0.0,0.0,0.0,0.0,0.0,0.0,0.0,0.0,0.0,0.0,0.0,0.0,0.0,0.0,0.0,0.0,0.0,0.0,0.0,0.0,0.0,0.0,0.0,0.0,0.0,0.0,0.0,0.0,0.0,0.0,0.0,0.0,0.0,0.0,0.0,0.0,0.0,0.0,0.0,0.0,0.0,0.0,0.0,0.0,0.0,0.0,0.0
YOU,0.715434193611145,0.8561409115791321,-3.761774394206441e-07,0.6768526434898376,0.8178867697715759,-0.01844233274459839,0.6597244739532471,0.7526612877845764,-0.02896822802722454,0.6865645051002502,0.7269237041473389,-0.03780589625239372,0.7229980826377869,0.7252917289733887,-0.04569895565509796,0.7079018354415894,0.6964991092681885,-0.028660858049988747,0.7231318950653076,0.680573582649231,-0.05158618465065956,0.7385225892066956,0.6676954030990601,-0.07014245539903641,0.7561039328575134,0.6500412225723267,-0.0846797525882721,0.7538275718688965,0.6988925933837891,-0.03081369400024414,0.7372908592224121,0.7629252076148987,-0.05677947402000427,0.7104310989379883,0.7987576127052307,-0.06458054482936859,0.6993739604949951,0.8026723265647888,-0.06773194670677185,0.7849434018135071,0.7249977588653564,-0.0352870374917984,0.766478419303894,0.7946164608001709,-0.05964099243283272,0.7397865056991577,0.8219135999679565,-0.05592748895287514,0.7301574349403381,0.8184556365013123,-0.05063599348068237,0.8098786473274231,0.7611779570579529,-0.04225680232048035,0.7948129177093506,0.810749351978302,-0.06160768121480942,0.7685409784317017,0.8340343236923218,-0.05911606550216675,0.7542963624000549,0.8337340354919434,-0.05374690890312195,0.0,0.0,0.0,0.0,0.0,0.0,0.0,0.0,0.0,0.0,0.0,0.0,0.0,0.0,0.0,0.0,0.0,0.0,0.0,0.0,0.0,0.0,0.0,0.0,0.0,0.0,0.0,0.0,0.0,0.0,0.0,0.0,0.0,0.0,0.0,0.0,0.0,0.0,0.0,0.0,0.0,0.0,0.0,0.0,0.0,0.0,0.0,0.0,0.0,0.0,0.0,0.0,0.0,0.0,0.0,0.0,0.0,0.0,0.0,0.0,0.0,0.0,0.0
YOU,0.653380274772644,0.8407843708992004,1.259634672123866e-07,0.6367835998535156,0.7540051341056824,-0.0069394768215715885,0.5860878825187683,0.69822096824646,-0.024294089525938034,0.5285191535949707,0.7062334418296814,-0.0378301627933979,0.49425917863845825,0.7384381294250488,-0.05387843772768974,0.624096155166626,0.7139416933059692,-0.06024407967925072,0.572192370891571,0.6924343109130859,-0.08029348403215408,0.5317803621292114,0.692040205001831,-0.08736345916986465,0.5074282884597778,0.704092264175415,-0.09080874919891357,0.6162374019622803,0.7718666195869446,-0.06689966470003128,0.5282368063926697,0.7523799538612366,-0.08482396602630615,0.5239858031272888,0.7453707456588745,-0.08175015449523926,0.5444036722183228,0.7463358640670776,-0.07952742278575897,0.6047250032424927,0.826414942741394,-0.07051056623458862,0.5171474814414978,0.8033034801483154,-0.08564785122871399,0.5178864002227783,0.7880761027336121,-0.07542172819375992,0.5403799414634705,0.7821659445762634,-0.06678776443004608,0.5933322906494141,0.8749159574508667,-0.07298300415277481,0.5251249074935913,0.8490151166915894,-0.08253291249275208,0.5253839492797852,0.8321179151535034,-0.07322139292955399,0.5435776710510254,0.8262218832969666,-0.06554751843214035,0.0,0.0,0.0,0.0,0.0,0.0,0.0,0.0,0.0,0.0,0.0,0.0,0.0,0.0,0.0,0.0,0.0,0.0,0.0,0.0,0.0,0.0,0.0,0.0,0.0,0.0,0.0,0.0,0.0,0.0,0.0,0.0,0.0,0.0,0.0,0.0,0.0,0.0,0.0,0.0,0.0,0.0,0.0,0.0,0.0,0.0,0.0,0.0,0.0,0.0,0.0,0.0,0.0,0.0,0.0,0.0,0.0,0.0,0.0,0.0,0.0,0.0,0.0
YOU,0.7290306091308594,0.8307639360427856,9.294252123481783e-08,0.7125070095062256,0.7258885502815247,-0.01584780216217041,0.7019553780555725,0.6406081318855286,-0.03211900219321251,0.6700851321220398,0.6146815419197083,-0.049860451370477676,0.6455163359642029,0.6430663466453552,-0.0690496489405632,0.771516740322113,0.6528411507606506,-0.029380567371845245,0.7733650207519531,0.6175749897956848,-0.051110442727804184,0.7971101999282837,0.6103683114051819,-0.06729237735271454,0.8302275538444519,0.607872724533081,-0.0806410014629364,0.7852340936660767,0.7058427929878235,-0.03733498975634575,0.6744567155838013,0.6841306090354919,-0.06183681637048721,0.6692607998847961,0.6926459074020386,-0.06989772617816925,0.6940670609474182,0.6991055011749268,-0.07559127360582352,0.7742013335227966,0.7674874663352966,-0.04709196463227272,0.6610414385795593,0.7428090572357178,-0.06948244571685791,0.6707967519760132,0.7443834543228149,-0.06745088845491409,0.7029703259468079,0.7487340569496155,-0.0632825419306755,0.7525654435157776,0.8204308748245239,-0.05892646312713623,0.6677014827728271,0.791571855545044,-0.07767154276371002,0.6724663972854614,0.7859725952148438,-0.07655847072601318,0.6998418569564819,0.7860573530197144,-0.0722731202840805,0.0,0.0,0.0,0.0,0.0,0.0,0.0,0.0,0.0,0.0,0.0,0.0,0.0,0.0,0.0,0.0,0.0,0.0,0.0,0.0,0.0,0.0,0.0,0.0,0.0,0.0,0.0,0.0,0.0,0.0,0.0,0.0,0.0,0.0,0.0,0.0,0.0,0.0,0.0,0.0,0.0,0.0,0.0,0.0,0.0,0.0,0.0,0.0,0.0,0.0,0.0,0.0,0.0,0.0,0.0,0.0,0.0,0.0,0.0,0.0,0.0,0.0,0.0
YOU,0.5017722249031067,0.7137487530708313,5.510696965416173e-08,0.48399919271469116,0.6430997252464294,-0.00414348766207695,0.4303041696548462,0.5951292514801025,-0.014385614544153214,0.37700048089027405,0.5921768546104431,-0.02267162874341011,0.33873066306114197,0.6052709221839905,-0.033021487295627594,0.45071718096733093,0.5884884595870972,-0.034311600029468536,0.4096772074699402,0.5660386085510254,-0.051928114145994186,0.37940290570259094,0.5489248037338257,-0.06118340417742729,0.35470983386039734,0.536182701587677,-0.067241370677948,0.4413502812385559,0.632882833480835,-0.04166842997074127,0.3654438853263855,0.6187940835952759,-0.061206284910440445,0.3770594894886017,0.632034957408905,-0.06237130984663963,0.4009634256362915,0.643403172492981,-0.06065208837389946,0.4330836534500122,0.6819882392883301,-0.04706835374236107,0.3638390898704529,0.6675079464912415,-0.06403092294931412,0.3831119239330292,0.6724164485931396,-0.05378422886133194,0.4083436131477356,0.6783090233802795,-0.04347049444913864,0.4270380735397339,0.7294724583625793,-0.051729716360569,0.3755318224430084,0.711195707321167,-0.06238076090812683,0.391039103269577,0.7101311683654785,-0.053082216531038284,0.41156309843063354,0.7139634490013123,-0.044443193823099136,0.0,0.0,0.0,0.0,0.0,0.0,0.0,0.0,0.0,0.0,0.0,0.0,0.0,0.0,0.0,0.0,0.0,0.0,0.0,0.0,0.0,0.0,0.0,0.0,0.0,0.0,0.0,0.0,0.0,0.0,0.0,0.0,0.0,0.0,0.0,0.0,0.0,0.0,0.0,0.0,0.0,0.0,0.0,0.0,0.0,0.0,0.0,0.0,0.0,0.0,0.0,0.0,0.0,0.0,0.0,0.0,0.0,0.0,0.0,0.0,0.0,0.0,0.0
YOU,0.5392619371414185,0.7203986048698425,-4.656617136333807e-08,0.5189306139945984,0.6435344815254211,-0.006932903081178665,0.46137237548828125,0.5864085555076599,-0.020579634234309196,0.40463659167289734,0.5811991095542908,-0.030568020418286324,0.36997175216674805,0.6020981669425964,-0.043019168078899384,0.4956477880477905,0.5912172794342041,-0.05226024240255356,0.4546467363834381,0.5744086503982544,-0.07325664907693863,0.42739298939704895,0.562734842300415,-0.08278920501470566,0.4076109528541565,0.5533139705657959,-0.08871781080961227,0.48893386125564575,0.6417396664619446,-0.059767138212919235,0.3974360227584839,0.6287336349487305,-0.08165537565946579,0.40912574529647827,0.6388142108917236,-0.07984733581542969,0.4374765157699585,0.6470550298690796,-0.07682887464761734,0.47947245836257935,0.6960100531578064,-0.06475923210382462,0.3913618326187134,0.677619457244873,-0.08506999164819717,0.4108183681964874,0.6808978319168091,-0.07223522663116455,0.4414892792701721,0.6846625804901123,-0.06011718139052391,0.46966803073883057,0.7485015392303467,-0.06889422982931137,0.4037012755870819,0.7239112257957458,-0.0832197368144989,0.41916966438293457,0.7208771705627441,-0.0734686553478241,0.4437471926212311,0.7251139879226685,-0.06466415524482727,0.0,0.0,0.0,0.0,0.0,0.0,0.0,0.0,0.0,0.0,0.0,0.0,0.0,0.0,0.0,0.0,0.0,0.0,0.0,0.0,0.0,0.0,0.0,0.0,0.0,0.0,0.0,0.0,0.0,0.0,0.0,0.0,0.0,0.0,0.0,0.0,0.0,0.0,0.0,0.0,0.0,0.0,0.0,0.0,0.0,0.0,0.0,0.0,0.0,0.0,0.0,0.0,0.0,0.0,0.0,0.0,0.0,0.0,0.0,0.0,0.0,0.0,0.0
YOU,0.5869197845458984,0.7179288864135742,1.011327128708217e-07,0.5710741877555847,0.6349209547042847,-0.004119387362152338,0.5219420194625854,0.5722482800483704,-0.01895211450755596,0.4655921757221222,0.5660087466239929,-0.03225800022482872,0.4282025098800659,0.5781952142715454,-0.04883904010057449,0.5669474601745605,0.5748902559280396,-0.044538792222738266,0.5487191677093506,0.5559958815574646,-0.06712909787893295,0.5304461121559143,0.5309222340583801,-0.08099018037319183,0.5174589157104492,0.5103243589401245,-0.0904284119606018,0.5610405802726746,0.6254432201385498,-0.05589381232857704,0.4699558615684509,0.5983538031578064,-0.08116317540407181,0.47127026319503784,0.6079680919647217,-0.08614828437566757,0.49447813630104065,0.6265241503715515,-0.08770092576742172,0.5472464561462402,0.6827961802482605,-0.06479334831237793,0.45376870036125183,0.6500893831253052,-0.08865596354007721,0.46942344307899475,0.6546714305877686,-0.08030862361192703,0.5008326768875122,0.6669996976852417,-0.0700264498591423,0.531129777431488,0.7381203174591064,-0.07231538742780685,0.46285679936408997,0.7035340666770935,-0.09032658487558365,0.4768744111061096,0.7022736072540283,-0.08231117576360703,0.5046791434288025,0.7127426862716675,-0.07360847294330597,0.5797774791717529,0.7286272048950195,-4.581248447266262e-08,0.5586248636245728,0.6409804821014404,-0.003960008267313242,0.5113791227340698,0.5724750757217407,-0.01871625892817974,0.45876437425613403,0.5589563846588135,-0.03229851648211479,0.4214244782924652,0.5775727033615112,-0.04836628958582878,0.5565232038497925,0.5837345123291016,-0.046468622982501984,0.5338959097862244,0.563042938709259,-0.07297106832265854,0.5186222791671753,0.5385266542434692,-0.08882676064968109,0.5085178017616272,0.5161949992179871,-0.0986592173576355,0.5512707233428955,0.6372339725494385,-0.058794207870960236,0.45789867639541626,0.6016641855239868,-0.09000397473573685,0.47503116726875305,0.6042775511741638,-0.09669212251901627,0.511871874332428,0.6190856695175171,-0.09724300354719162,0.5388965010643005,0.6912466287612915,-0.06844639033079147,0.4462642967700958,0.6538228392601013,-0.09728953242301941,0.47146761417388916,0.6548680663108826,-0.08735986053943634,0.5102997422218323,0.664829671382904,-0.07417381554841995,0.5243241190910339,0.7438584566116333,-0.07689546048641205,0.45402318239212036,0.7072243094444275,-0.09676849842071533,0.47525206208229065,0.7030915021896362,-0.08643753081560135,0.5079687833786011,0.7104486227035522,-0.0756426751613617
YOU,0.6180037260055542,0.7514976859092712,-7.278813995981182e-08,0.6015518307685852,0.6599286198616028,-0.0009258798672817647,0.5579680800437927,0.5915179252624512,-0.014775954186916351,0.509016215801239,0.5725598335266113,-0.02931559458374977,0.4769681394100189,0.5882883071899414,-0.046433839946985245,0.6059306859970093,0.6064839959144592,-0.038315895944833755,0.5888570547103882,0.5810282826423645,-0.06539212167263031,0.5868433713912964,0.5581772327423096,-0.08295396715402603,0.590639054775238,0.5393322110176086,-0.09436094015836716,0.5990411639213562,0.657517671585083,-0.053145889192819595,0.5048049092292786,0.6252775192260742,-0.0815393254160881,0.5160099864006042,0.6390299797058105,-0.08510442823171616,0.5471712946891785,0.6549211144447327,-0.08569194376468658,0.5843843221664429,0.7138362526893616,-0.06670724600553513,0.49037882685661316,0.6765620112419128,-0.09647762775421143,0.5122144222259521,0.6867268085479736,-0.08590218424797058,0.5475906133651733,0.6992461681365967,-0.07295497506856918,0.5686330795288086,0.7686493992805481,-0.07916589826345444,0.4987630844116211,0.730029821395874,-0.10185036808252335,0.5173083543777466,0.7330345511436462,-0.0929088369011879,0.5481991171836853,0.7435692548751831,-0.08292608708143234,0.0,0.0,0.0,0.0,0.0,0.0,0.0,0.0,0.0,0.0,0.0,0.0,0.0,0.0,0.0,0.0,0.0,0.0,0.0,0.0,0.0,0.0,0.0,0.0,0.0,0.0,0.0,0.0,0.0,0.0,0.0,0.0,0.0,0.0,0.0,0.0,0.0,0.0,0.0,0.0,0.0,0.0,0.0,0.0,0.0,0.0,0.0,0.0,0.0,0.0,0.0,0.0,0.0,0.0,0.0,0.0,0.0,0.0,0.0,0.0,0.0,0.0,0.0
YOU,0.6101664304733276,0.8052424788475037,3.212612753600297e-08,0.588567852973938,0.7014279365539551,-0.0064570107497274876,0.5325330495834351,0.6361933350563049,-0.024254754185676575,0.4716942310333252,0.6399059891700745,-0.04169759526848793,0.43983492255210876,0.6812518835067749,-0.06099310889840126,0.5802786946296692,0.6583294868469238,-0.038707345724105835,0.5219997763633728,0.6424447298049927,-0.06141020730137825,0.4994063973426819,0.6376850008964539,-0.07619176805019379,0.49099862575531006,0.6467387080192566,-0.08539361506700516,0.56964111328125,0.719733476638794,-0.04786456376314163,0.47068145871162415,0.7030211687088013,-0.06351044774055481,0.48207923769950867,0.7001206278800964,-0.06470871716737747,0.5120012760162354,0.7003499269485474,-0.06787730008363724,0.5562816858291626,0.7783196568489075,-0.056178636848926544,0.4613933265209198,0.7477438449859619,-0.07015709578990936,0.4787018895149231,0.737974226474762,-0.06192085146903992,0.5090881586074829,0.7306922078132629,-0.05607229843735695,0.5420334935188293,0.8316807746887207,-0.06452163308858871,0.4719654321670532,0.7973670363426208,-0.07418517768383026,0.48367851972579956,0.7837590575218201,-0.06523443758487701,0.5084046125411987,0.7783573865890503,-0.058426566421985626,0.0,0.0,0.0,0.0,0.0,0.0,0.0,0.0,0.0,0.0,0.0,0.0,0.0,0.0,0.0,0.0,0.0,0.0,0.0,0.0,0.0,0.0,0.0,0.0,0.0,0.0,0.0,0.0,0.0,0.0,0.0,0.0,0.0,0.0,0.0,0.0,0.0,0.0,0.0,0.0,0.0,0.0,0.0,0.0,0.0,0.0,0.0,0.0,0.0,0.0,0.0,0.0,0.0,0.0,0.0,0.0,0.0,0.0,0.0,0.0,0.0,0.0,0.0
YOU,0.6079272627830505,0.8095257878303528,-1.864685472696692e-08,0.5875961780548096,0.7131229639053345,-0.0067914268001914024,0.5348038077354431,0.6444227695465088,-0.026768896728754044,0.47663038969039917,0.6357566118240356,-0.04306184500455856,0.44269034266471863,0.6688241958618164,-0.06192731484770775,0.5871556401252747,0.6685305237770081,-0.06659411638975143,0.5614439845085144,0.6482734084129333,-0.095072902739048,0.5327875018119812,0.6396446228027344,-0.10799895972013474,0.5106997489929199,0.6433776021003723,-0.11446211487054825,0.5797092318534851,0.7249237895011902,-0.07640720903873444,0.48285359144210815,0.695763349533081,-0.10038695484399796,0.48360031843185425,0.6980534195899963,-0.09554179757833481,0.5077913999557495,0.707080602645874,-0.09204793721437454,0.5641453862190247,0.7801758646965027,-0.0834658145904541,0.4663148522377014,0.746394693851471,-0.10600333660840988,0.48079684376716614,0.7448930144309998,-0.09118633717298508,0.5120034217834473,0.749697744846344,-0.07809216529130936,0.5467343926429749,0.8290942311286926,-0.08944442123174667,0.4729468524456024,0.7973524332046509,-0.10372322052717209,0.48401862382888794,0.7876698970794678,-0.09188921004533768,0.5090764164924622,0.7898417711257935,-0.08213518559932709,0.0,0.0,0.0,0.0,0.0,0.0,0.0,0.0,0.0,0.0,0.0,0.0,0.0,0.0,0.0,0.0,0.0,0.0,0.0,0.0,0.0,0.0,0.0,0.0,0.0,0.0,0.0,0.0,0.0,0.0,0.0,0.0,0.0,0.0,0.0,0.0,0.0,0.0,0.0,0.0,0.0,0.0,0.0,0.0,0.0,0.0,0.0,0.0,0.0,0.0,0.0,0.0,0.0,0.0,0.0,0.0,0.0,0.0,0.0,0.0,0.0,0.0,0.0
YOU,0.6204922199249268,0.8478094339370728,-7.115398403811923e-08,0.5953476428985596,0.7459787130355835,-0.005913620814681053,0.5422772169113159,0.6725953221321106,-0.020272770896553993,0.4860347509384155,0.6656810641288757,-0.03361566364765167,0.4568197727203369,0.713651180267334,-0.04802422970533371,0.5995578765869141,0.709383487701416,-0.03655964881181717,0.5854032039642334,0.6885271668434143,-0.0611184798181057,0.5663365125656128,0.6797026991844177,-0.07552331686019897,0.557914674282074,0.6876738667488098,-0.08357851952314377,0.5944884419441223,0.7623553276062012,-0.04631413146853447,0.5021491646766663,0.7397515773773193,-0.06835711002349854,0.4991340637207031,0.7401576042175293,-0.06915830075740814,0.5230578780174255,0.7463465332984924,-0.06948091834783554,0.5812349915504456,0.816426157951355,-0.05545547977089882,0.4859445095062256,0.7869169116020203,-0.07829438894987106,0.49724963307380676,0.7840439081192017,-0.06910282373428345,0.529807448387146,0.7845906019210815,-0.05869093909859657,0.5653572678565979,0.864343523979187,-0.06397663056850433,0.4926013648509979,0.8383722901344299,-0.07839751988649368,0.5011559724807739,0.8288294076919556,-0.07005432993173599,0.5286813974380493,0.8265030980110168,-0.06220746785402298,0.0,0.0,0.0,0.0,0.0,0.0,0.0,0.0,0.0,0.0,0.0,0.0,0.0,0.0,0.0,0.0,0.0,0.0,0.0,0.0,0.0,0.0,0.0,0.0,0.0,0.0,0.0,0.0,0.0,0.0,0.0,0.0,0.0,0.0,0.0,0.0,0.0,0.0,0.0,0.0,0.0,0.0,0.0,0.0,0.0,0.0,0.0,0.0,0.0,0.0,0.0,0.0,0.0,0.0,0.0,0.0,0.0,0.0,0.0,0.0,0.0,0.0,0.0
YOU,0.5999661684036255,0.8740532994270325,-8.161387654581631e-08,0.5746355652809143,0.7645033597946167,-0.003701558569446206,0.5229370594024658,0.6975140571594238,-0.01670943759381771,0.467599093914032,0.6932289004325867,-0.02980509027838707,0.4399973452091217,0.7342014908790588,-0.04342585802078247,0.5678801536560059,0.7199977040290833,-0.02890186570584774,0.5019959807395935,0.7057727575302124,-0.049431465566158295,0.4980546832084656,0.7161877155303955,-0.06161312013864517,0.5110716819763184,0.7318000793457031,-0.06802964210510254,0.566653847694397,0.7771847248077393,-0.03828125447034836,0.4714522957801819,0.7693291306495667,-0.054429762065410614,0.4768867492675781,0.7671210169792175,-0.05656270682811737,0.5020590424537659,0.7668712735176086,-0.05940397456288338,0.5571483969688416,0.8325256705284119,-0.04714009165763855,0.46601200103759766,0.813630998134613,-0.06319622695446014,0.47532331943511963,0.8069937229156494,-0.05621667206287384,0.5034080743789673,0.8059282302856445,-0.04957752302289009,0.5435916185379028,0.8833279013633728,-0.05552881956100464,0.472526490688324,0.8590550422668457,-0.064060278236866,0.4789815843105316,0.8520250916481018,-0.054856933653354645,0.5027939677238464,0.8536332845687866,-0.04729097709059715,0.0,0.0,0.0,0.0,0.0,0.0,0.0,0.0,0.0,0.0,0.0,0.0,0.0,0.0,0.0,0.0,0.0,0.0,0.0,0.0,0.0,0.0,0.0,0.0,0.0,0.0,0.0,0.0,0.0,0.0,0.0,0.0,0.0,0.0,0.0,0.0,0.0,0.0,0.0,0.0,0.0,0.0,0.0,0.0,0.0,0.0,0.0,0.0,0.0,0.0,0.0,0.0,0.0,0.0,0.0,0.0,0.0,0.0,0.0,0.0,0.0,0.0,0.0
YOU,0.6078830361366272,0.8734512329101562,-2.2861954107611382e-07,0.5742348432540894,0.7916699647903442,-0.0019095402676612139,0.5345685482025146,0.7284741401672363,-0.01676127500832081,0.5014112591743469,0.7184592485427856,-0.031856272369623184,0.48449039459228516,0.7397089600563049,-0.04845704510807991,0.5862197875976562,0.7270753383636475,-0.04461543262004852,0.5326154232025146,0.6971611380577087,-0.06724097579717636,0.5071205496788025,0.707646369934082,-0.07568816095590591,0.5014025568962097,0.7242308259010315,-0.07973933219909668,0.5885413289070129,0.7734193205833435,-0.055680401623249054,0.5031754374504089,0.760902464389801,-0.07580926269292831,0.504206657409668,0.7796436548233032,-0.07171262055635452,0.5272115468978882,0.7869188189506531,-0.06932523101568222,0.5807730555534363,0.8230504393577576,-0.06552335619926453,0.4970547556877136,0.8052317500114441,-0.08429086953401566,0.5047122240066528,0.8172817230224609,-0.07118768244981766,0.5304529070854187,0.8204991817474365,-0.06082582846283913,0.5669776797294617,0.8692438006401062,-0.07472919672727585,0.5009250044822693,0.8458055257797241,-0.08700830489397049,0.5063645243644714,0.8496837615966797,-0.07640091329813004,0.5274841785430908,0.8562681078910828,-0.0677059143781662,0.0,0.0,0.0,0.0,0.0,0.0,0.0,0.0,0.0,0.0,0.0,0.0,0.0,0.0,0.0,0.0,0.0,0.0,0.0,0.0,0.0,0.0,0.0,0.0,0.0,0.0,0.0,0.0,0.0,0.0,0.0,0.0,0.0,0.0,0.0,0.0,0.0,0.0,0.0,0.0,0.0,0.0,0.0,0.0,0.0,0.0,0.0,0.0,0.0,0.0,0.0,0.0,0.0,0.0,0.0,0.0,0.0,0.0,0.0,0.0,0.0,0.0,0.0
YOU,0.6101574897766113,0.7711201906204224,4.430150113421405e-08,0.5779302716255188,0.6878423690795898,-0.004327391739934683,0.5311005115509033,0.6237116456031799,-0.017037658020853996,0.48532140254974365,0.61204993724823,-0.030850477516651154,0.46456092596054077,0.632413923740387,-0.04742315784096718,0.5878624320030212,0.6268083453178406,-0.030209990218281746,0.573046863079071,0.6034218072891235,-0.051918454468250275,0.5691897869110107,0.5819084644317627,-0.06588313728570938,0.5760956406593323,0.5615091919898987,-0.07587733119726181,0.5907789468765259,0.6722694635391235,-0.04240331053733826,0.499146431684494,0.6552945971488953,-0.06488735973834991,0.4974726140499115,0.672566831111908,-0.0679110437631607,0.5215036869049072,0.6844819188117981,-0.06946449726819992,0.5830076336860657,0.7279699444770813,-0.054256487637758255,0.48667559027671814,0.7107287645339966,-0.07866289466619492,0.4966437816619873,0.7211568355560303,-0.07166263461112976,0.5280600190162659,0.727900505065918,-0.06277694553136826,0.5701126456260681,0.7833632826805115,-0.06559193879365921,0.49488532543182373,0.7626527547836304,-0.08476418256759644,0.5039927363395691,0.7635424137115479,-0.07915576547384262,0.5333192348480225,0.7678865790367126,-0.07233951985836029,0.6141223311424255,0.8194148540496826,1.881494426925201e-07,0.5952103137969971,0.7316993474960327,0.006735875736922026,0.5548635721206665,0.674168586730957,-0.0011930298060178757,0.5134499669075012,0.6530779004096985,-0.012703091837465763,0.485286682844162,0.6325391530990601,-0.026948247104883194,0.5912508368492126,0.6546322703361511,-0.014724913984537125,0.5766082406044006,0.6277486085891724,-0.03289226070046425,0.5709083080291748,0.5892705917358398,-0.04749717563390732,0.5689775347709656,0.5590247511863708,-0.05892151594161987,0.5898793339729309,0.6919440627098083,-0.03047420270740986,0.5096415877342224,0.6668027639389038,-0.0439927838742733,0.5042131543159485,0.6690073609352112,-0.045333992689847946,0.5156757831573486,0.6788241863250732,-0.04851500317454338,0.5821056365966797,0.7413317561149597,-0.04576341435313225,0.4892052412033081,0.7159825563430786,-0.059695787727832794,0.5004843473434448,0.7248405814170837,-0.04728769510984421,0.5270107388496399,0.7362397909164429,-0.03879383206367493,0.5725091695785522,0.7929409146308899,-0.060586392879486084,0.4992561340332031,0.7706061005592346,-0.0750330314040184,0.5102851390838623,0.774298369884491,-0.06755663454532623,0.5365236401557922,0.7813083529472351,-0.060650113970041275
HELP,0.4734133183956146,0.7615863084793091,-3.4092363421223126e-07,0.49390941858291626,0.6797012686729431,-0.005912465043365955,0.5336249470710754,0.6028454899787903,-0.01892155222594738,0.5569533705711365,0.5384799242019653,-0.03200109302997589,0.5568827390670776,0.480148583650589,-0.04245592653751373,0.5834380388259888,0.6176530718803406,-0.025690264999866486,0.6485710740089417,0.6393052935600281,-0.03999475762248039,0.6255786418914795,0.6566861271858215,-0.04595339670777321,0.5986143350601196,0.6524600386619568,-0.04881151765584946,0.5894804000854492,0.6709268093109131,-0.03240782022476196,0.6466413736343384,0.6893700957298279,-0.03611088544130325,0.6226776242256165,0.7038710713386536,-0.0321061834692955,0.5974510908126831,0.7019538283348083,-0.03204595670104027,0.5926382541656494,0.7278822064399719,-0.03889961168169975,0.6444949507713318,0.737773060798645,-0.03893067315220833,0.6218726634979248,0.7488809823989868,-0.025062203407287598,0.5964665412902832,0.7489212155342102,-0.019216308370232582,0.5930077433586121,0.7816663384437561,-0.04601971060037613,0.6359228491783142,0.7792949080467224,-0.04247349873185158,0.6142959594726562,0.7868169546127319,-0.026869649067521095,0.5938159823417664,0.7894977331161499,-0.017025718465447426,0.0,0.0,0.0,0.0,0.0,0.0,0.0,0.0,0.0,0.0,0.0,0.0,0.0,0.0,0.0,0.0,0.0,0.0,0.0,0.0,0.0,0.0,0.0,0.0,0.0,0.0,0.0,0.0,0.0,0.0,0.0,0.0,0.0,0.0,0.0,0.0,0.0,0.0,0.0,0.0,0.0,0.0,0.0,0.0,0.0,0.0,0.0,0.0,0.0,0.0,0.0,0.0,0.0,0.0,0.0,0.0,0.0,0.0,0.0,0.0,0.0,0.0,0.0
HELP,0.6056045293807983,0.9374828338623047,3.333837241825677e-07,0.6083958148956299,0.8819122314453125,-0.050509270280599594,0.5886180400848389,0.8429178595542908,-0.07048677653074265,0.5737142562866211,0.8228328227996826,-0.08129893243312836,0.5624258518218994,0.820243239402771,-0.08957792073488235,0.4999963045120239,0.8904402852058411,-0.0464460663497448,0.44375085830688477,0.8796762824058533,-0.06213337928056717,0.4035795331001282,0.876269519329071,-0.07609322667121887,0.36728569865226746,0.8784250617027283,-0.08591563254594803,0.48881471157073975,0.9119522571563721,-0.025247851386666298,0.4338155686855316,0.8969377279281616,-0.040316805243492126,0.3906096816062927,0.8893579840660095,-0.05349752679467201,0.35430648922920227,0.8902730345726013,-0.06246025487780571,0.48559337854385376,0.9246600866317749,-0.006995900999754667,0.43595415353775024,0.905454158782959,-0.018921608105301857,0.39957594871520996,0.8970209360122681,-0.02914813533425331,0.3667752742767334,0.8954311013221741,-0.03451356291770935,0.48633280396461487,0.9278939366340637,0.0069813295267522335,0.44753211736679077,0.908090353012085,-0.001330275321379304,0.4166353940963745,0.8983023762702942,-0.006831365171819925,0.38993901014328003,0.8939712047576904,-0.009530391544103622,0.43833649158477783,0.7662625312805176,-3.701418904711318e-07,0.4671996533870697,0.6856483221054077,-0.0009286091662943363,0.5141204595565796,0.6077633500099182,-0.010713819414377213,0.5388259291648865,0.5461430549621582,-0.021601621061563492,0.5375997424125671,0.4921085834503174,-0.030079999938607216,0.5510245561599731,0.6335710287094116,-0.02357979118824005,0.6193391680717468,0.6612716317176819,-0.03813263028860092,0.600036084651947,0.6767873764038086,-0.043601684272289276,0.5746800899505615,0.6703221797943115,-0.04587341845035553,0.5513467192649841,0.6855344176292419,-0.03160049766302109,0.6140608191490173,0.7090834379196167,-0.03459916636347771,0.5946879982948303,0.7216473817825317,-0.029046034440398216,0.5708365440368652,0.7173106074333191,-0.028484445065259933,0.5501219630241394,0.7407150268554688,-0.038991499692201614,0.6060140132904053,0.7542789578437805,-0.038272298872470856,0.5881292819976807,0.7648076415061951,-0.02432214468717575,0.5644960999488831,0.762930691242218,-0.0184485986828804,0.5478003025054932,0.7930686473846436,-0.046563874930143356,0.598219633102417,0.7934888005256653,-0.04105304926633835,0.5847918391227722,0.8007566332817078,-0.025714360177516937,0.5666494369506836,0.8025237321853638,-0.016584252938628197
HELP,0.40916329622268677,0.7093339562416077,-2.1870985733585258e-07,0.43775367736816406,0.6296600103378296,-0.0036639333702623844,0.4885600209236145,0.5503047704696655,-0.01325632818043232,0.5163205862045288,0.48745667934417725,-0.02272605523467064,0.5158920884132385,0.435489684343338,-0.028837425634264946,0.5297695398330688,0.5593917369842529,-0.023987555876374245,0.5974528193473816,0.5912714004516602,-0.032290827482938766,0.5789111256599426,0.6173279881477356,-0.033508673310279846,0.5534442067146301,0.6154963970184326,-0.034329235553741455,0.5318764448165894,0.6090279221534729,-0.03069005347788334,0.5967807173728943,0.6453487873077393,-0.02870580181479454,0.5747209787368774,0.6638501882553101,-0.020853642374277115,0.5487523674964905,0.6546794772148132,-0.019874872639775276,0.5300102829933167,0.6676160097122192,-0.03673454374074936,0.5903230309486389,0.6944829225540161,-0.03246260806918144,0.5681328773498535,0.7071142792701721,-0.017689762637019157,0.5408065319061279,0.6993623375892639,-0.012722037732601166,0.5249334573745728,0.7258433103561401,-0.04325044900178909,0.5778325796127319,0.7346112132072449,-0.036619268357753754,0.5582543015480042,0.7400227785110474,-0.021100101992487907,0.5337159633636475,0.7323485612869263,-0.012682009488344193,0.0,0.0,0.0,0.0,0.0,0.0,0.0,0.0,0.0,0.0,0.0,0.0,0.0,0.0,0.0,0.0,0.0,0.0,0.0,0.0,0.0,0.0,0.0,0.0,0.0,0.0,0.0,0.0,0.0,0.0,0.0,0.0,0.0,0.0,0.0,0.0,0.0,0.0,0.0,0.0,0.0,0.0,0.0,0.0,0.0,0.0,0.0,0.0,0.0,0.0,0.0,0.0,0.0,0.0,0.0,0.0,0.0,0.0,0.0,0.0,0.0,0.0,0.0
HELP,0.3969275653362274,0.7086949348449707,-2.4937074272202153e-07,0.4276594817638397,0.63251131772995,-0.0060267141088843346,0.48141270875930786,0.5533413887023926,-0.018825750797986984,0.5126111507415771,0.4882902503013611,-0.03174460679292679,0.5118873119354248,0.42991507053375244,-0.04140303283929825,0.5070998668670654,0.5654257535934448,-0.030516603961586952,0.5852565169334412,0.5963072776794434,-0.0497291162610054,0.5703052282333374,0.6184730529785156,-0.057451821863651276,0.545197069644928,0.6179003715515137,-0.06053691357374191,0.5058131217956543,0.6148812174797058,-0.038692597299814224,0.5851383805274963,0.6536058783531189,-0.049107447266578674,0.5642836689949036,0.6703503727912903,-0.045667510479688644,0.5359499454498291,0.6631541848182678,-0.04472830891609192,0.5044865012168884,0.6693733930587769,-0.04679277911782265,0.5770319700241089,0.7031803131103516,-0.05169764161109924,0.5560227036476135,0.7129600048065186,-0.037704091519117355,0.5284742712974548,0.7041366100311279,-0.030633725225925446,0.5031198859214783,0.7217541933059692,-0.05557231977581978,0.5618526339530945,0.7422537803649902,-0.05335880443453789,0.5425534844398499,0.7476939558982849,-0.03859379515051842,0.5191166400909424,0.7396577596664429,-0.02968251332640648,0.0,0.0,0.0,0.0,0.0,0.0,0.0,0.0,0.0,0.0,0.0,0.0,0.0,0.0,0.0,0.0,0.0,0.0,0.0,0.0,0.0,0.0,0.0,0.0,0.0,0.0,0.0,0.0,0.0,0.0,0.0,0.0,0.0,0.0,0.0,0.0,0.0,0.0,0.0,0.0,0.0,0.0,0.0,0.0,0.0,0.0,0.0,0.0,0.0,0.0,0.0,0.0,0.0,0.0,0.0,0.0,0.0,0.0,0.0,0.0,0.0,0.0,0.0
HELP,0.5238322019577026,0.7915308475494385,2.0043222548338235e-07,0.47040385007858276,0.7704030275344849,0.017902297899127007,0.40795964002609253,0.7498583793640137,0.022248871624469757,0.36568692326545715,0.7311657667160034,0.020069865509867668,0.3289700746536255,0.7141354084014893,0.015322066843509674,0.3838996887207031,0.7663613557815552,-0.0004167888837400824,0.31553927063941956,0.7395823001861572,-0.01913577876985073,0.26081109046936035,0.7250804305076599,-0.03281157463788986,0.21345223486423492,0.7132123708724976,-0.04260943457484245,0.384574294090271,0.7598755955696106,-0.022527683526277542,0.3112316429615021,0.7338171601295471,-0.042861755937337875,0.24773314595222473,0.7169083952903748,-0.05958123132586479,0.19499149918556213,0.7039446830749512,-0.07074341177940369,0.39636242389678955,0.7470085620880127,-0.04315321147441864,0.3218308687210083,0.7202630043029785,-0.06261567026376724,0.26017099618911743,0.707341194152832,-0.07734514027833939,0.20824000239372253,0.6975696086883545,-0.08629395812749863,0.41786065697669983,0.7258554697036743,-0.06188368424773216,0.3542741537094116,0.7048017382621765,-0.08158860355615616,0.3034905791282654,0.6954113245010376,-0.09197043627500534,0.26014190912246704,0.6875575184822083,-0.09767425060272217,0.0,0.0,0.0,0.0,0.0,0.0,0.0,0.0,0.0,0.0,0.0,0.0,0.0,0.0,0.0,0.0,0.0,0.0,0.0,0.0,0.0,0.0,0.0,0.0,0.0,0.0,0.0,0.0,0.0,0.0,0.0,0.0,0.0,0.0,0.0,0.0,0.0,0.0,0.0,0.0,0.0,0.0,0.0,0.0,0.0,0.0,0.0,0.0,0.0,0.0,0.0,0.0,0.0,0.0,0.0,0.0,0.0,0.0,0.0,0.0,0.0,0.0,0.0
HELP,0.37247493863105774,0.5924878120422363,-7.825917691661743e-08,0.403130441904068,0.5039746165275574,-0.024936039000749588,0.46783584356307983,0.40639469027519226,-0.052394799888134,0.5016713738441467,0.32618507742881775,-0.07356555759906769,0.5065902471542358,0.2558950185775757,-0.09005986154079437,0.48921531438827515,0.4392310082912445,-0.08669563382863998,0.5998202562332153,0.49070456624031067,-0.11571004986763,0.5790190696716309,0.5058164000511169,-0.12045367807149887,0.541132926940918,0.4921208322048187,-0.1202574074268341,0.47795459628105164,0.5068182349205017,-0.08801128715276718,0.5929646492004395,0.5522037148475647,-0.10921896249055862,0.5641213059425354,0.5626397132873535,-0.09883557260036469,0.5221134424209595,0.549199104309082,-0.0922272652387619,0.4691130518913269,0.5820541381835938,-0.08781006187200546,0.5745768547058105,0.6149621605873108,-0.09878327697515488,0.544404149055481,0.6192207932472229,-0.07398077100515366,0.5031836628913879,0.608065128326416,-0.05939725413918495,0.4620570242404938,0.6542836427688599,-0.08912884443998337,0.5430096387863159,0.6707161068916321,-0.0939267948269844,0.5225887894630432,0.6695721745491028,-0.07630259543657303,0.4899907410144806,0.6602884531021118,-0.06480800360441208,0.5234955549240112,0.8255500197410583,1.1424889407862793e-06,0.5516295433044434,0.7934255003929138,-0.09907098114490509,0.5642581582069397,0.7717112302780151,-0.16339993476867676,0.5859097838401794,0.7674912214279175,-0.21216940879821777,0.6107456088066101,0.7728872299194336,-0.2627972662448883,0.43175938725471497,0.7495971322059631,-0.1466301679611206,0.3572183847427368,0.7152711153030396,-0.19916099309921265,0.29669123888015747,0.7029415965080261,-0.23508000373840332,0.2427610605955124,0.6956716775894165,-0.2592618763446808,0.40340515971183777,0.7710156440734863,-0.11608743667602539,0.3274288475513458,0.7402429580688477,-0.1667894870042801,0.26303011178970337,0.7233431339263916,-0.20003299415111542,0.20497889816761017,0.7085393667221069,-0.2227352410554886,0.38713809847831726,0.7843019962310791,-0.08870440721511841,0.31870946288108826,0.7588379979133606,-0.12682385742664337,0.264548122882843,0.745668888092041,-0.15083961188793182,0.2157573401927948,0.7308393716812134,-0.16548492014408112,0.3780246078968048,0.7925490736961365,-0.06858134269714355,0.32561275362968445,0.7772510647773743,-0.09528227150440216,0.283450722694397,0.7645531296730042,-0.11057496815919876,0.2437928020954132,0.7510857582092285,-0.12030698359012604
HELP,0.3600551187992096,0.677726149559021,-3.371789603079378e-07,0.39642253518104553,0.5858104825019836,-0.01940036192536354,0.4675952196121216,0.4831640422344208,-0.04289034381508827,0.5083035230636597,0.39505237340927124,-0.06350922584533691,0.5124074816703796,0.31518375873565674,-0.07929042726755142,0.4897904396057129,0.5124089121818542,-0.06567476689815521,0.6028130054473877,0.5636764764785767,-0.09744860231876373,0.5800186991691589,0.5811179876327515,-0.10750572383403778,0.545244038105011,0.571574866771698,-0.11019127070903778,0.48069652915000916,0.5838263034820557,-0.0705089345574379,0.5933704972267151,0.6302469968795776,-0.09256280213594437,0.5650478005409241,0.638227105140686,-0.08710180968046188,0.5270242094993591,0.6267982721328735,-0.08357233554124832,0.4752357602119446,0.6554530262947083,-0.07532992959022522,0.5767970085144043,0.6932064294815063,-0.08795039355754852,0.5511378049850464,0.6943684816360474,-0.06923951953649521,0.515038788318634,0.6819430589675903,-0.05797034129500389,0.4730343222618103,0.721049427986145,-0.08153825998306274,0.5532448291778564,0.7448776960372925,-0.0837431401014328,0.5315156579017639,0.7450289726257324,-0.0672134980559349,0.5006414651870728,0.7336981296539307,-0.05661556497216225,0.5523436665534973,0.8626382350921631,9.931272870744579e-07,0.5878918170928955,0.8221349716186523,-0.10056234896183014,0.6054121851921082,0.7977551221847534,-0.16448649764060974,0.6101168394088745,0.8147677183151245,-0.2136239856481552,0.6066939830780029,0.8560003638267517,-0.26265040040016174,0.4489012062549591,0.8059607148170471,-0.1422954648733139,0.36793410778045654,0.776969313621521,-0.19460998475551605,0.3033796548843384,0.765998125076294,-0.22984451055526733,0.24469062685966492,0.7621299028396606,-0.25349679589271545,0.41995730996131897,0.817707896232605,-0.11182104796171188,0.3383210003376007,0.7931386232376099,-0.16086870431900024,0.2708824872970581,0.7768436074256897,-0.19135884940624237,0.21227122843265533,0.7680273652076721,-0.21252164244651794,0.40635913610458374,0.8257955312728882,-0.08553547412157059,0.33232736587524414,0.8036993741989136,-0.12415128201246262,0.2745242714881897,0.7896673679351807,-0.1460946500301361,0.22468578815460205,0.7811990976333618,-0.1592283546924591,0.3988519310951233,0.8310636281967163,-0.06674198061227798,0.3455953896045685,0.81174635887146,-0.09295997023582458,0.29922008514404297,0.8009721636772156,-0.1072213277220726,0.25634637475013733,0.7938420176506042,-0.11657731980085373
HELP,0.18359152972698212,0.564376950263977,-3.6551395510286966e-07,0.21635934710502625,0.4887619912624359,-0.016747811809182167,0.2669942080974579,0.3895092308521271,-0.03185257315635681,0.28612565994262695,0.31539517641067505,-0.04514240846037865,0.2807595729827881,0.2511892318725586,-0.05462278798222542,0.25705015659332275,0.37138035893440247,-0.05530213937163353,0.3509941101074219,0.42079460620880127,-0.08838123083114624,0.3288947343826294,0.44649738073349,-0.09995156526565552,0.2995162904262543,0.43200936913490295,-0.10586027055978775,0.24120207130908966,0.4244040846824646,-0.06279083341360092,0.3458808362483978,0.4751453697681427,-0.08871548622846603,0.3177523612976074,0.4924912452697754,-0.08438625186681747,0.2886851131916046,0.47788384556770325,-0.08285092562437057,0.23101603984832764,0.4859459102153778,-0.07154089212417603,0.33039212226867676,0.5251678228378296,-0.09214692562818527,0.30362293124198914,0.53446364402771,-0.07910992950201035,0.2759339511394501,0.5204750299453735,-0.07134824991226196,0.22537018358707428,0.5461258888244629,-0.08165062218904495,0.3061826229095459,0.5679534077644348,-0.09076707065105438,0.28892624378204346,0.5705729126930237,-0.08182446658611298,0.26394641399383545,0.5612171292304993,-0.07692309468984604,0.0,0.0,0.0,0.0,0.0,0.0,0.0,0.0,0.0,0.0,0.0,0.0,0.0,0.0,0.0,0.0,0.0,0.0,0.0,0.0,0.0,0.0,0.0,0.0,0.0,0.0,0.0,0.0,0.0,0.0,0.0,0.0,0.0,0.0,0.0,0.0,0.0,0.0,0.0,0.0,0.0,0.0,0.0,0.0,0.0,0.0,0.0,0.0,0.0,0.0,0.0,0.0,0.0,0.0,0.0,0.0,0.0,0.0,0.0,0.0,0.0,0.0,0.0
HELP,0.2044377624988556,0.6471378207206726,-5.096533186588204e-07,0.23980139195919037,0.5740382671356201,-0.02421555295586586,0.29087239503860474,0.4803786277770996,-0.03932162746787071,0.310850590467453,0.40301355719566345,-0.05140974000096321,0.30608931183815,0.33730748295783997,-0.06000886112451553,0.27696505188941956,0.48144233226776123,-0.04991651326417923,0.3746053874492645,0.5265175700187683,-0.08243022114038467,0.35332950949668884,0.5469753742218018,-0.09719099849462509,0.31983858346939087,0.532305896282196,-0.10523480921983719,0.2595072090625763,0.5355551838874817,-0.05238041281700134,0.3705458343029022,0.5825612545013428,-0.07660752534866333,0.3402615785598755,0.5925546288490295,-0.07595363259315491,0.3070075213909149,0.5787067413330078,-0.07833574712276459,0.24923692643642426,0.5914760231971741,-0.057422325015068054,0.3493150770664215,0.6328264474868774,-0.07763909548521042,0.32292595505714417,0.6354868412017822,-0.06963374465703964,0.2960754334926605,0.6215140223503113,-0.06590594351291656,0.24289220571517944,0.6412842273712158,-0.06480877101421356,0.3229784071445465,0.671960711479187,-0.07407266646623611,0.30510464310646057,0.6696627140045166,-0.0686342716217041,0.2792651057243347,0.6566839218139648,-0.0671069473028183,0.0,0.0,0.0,0.0,0.0,0.0,0.0,0.0,0.0,0.0,0.0,0.0,0.0,0.0,0.0,0.0,0.0,0.0,0.0,0.0,0.0,0.0,0.0,0.0,0.0,0.0,0.0,0.0,0.0,0.0,0.0,0.0,0.0,0.0,0.0,0.0,0.0,0.0,0.0,0.0,0.0,0.0,0.0,0.0,0.0,0.0,0.0,0.0,0.0,0.0,0.0,0.0,0.0,0.0,0.0,0.0,0.0,0.0,0.0,0.0,0.0,0.0,0.0
HELP,0.30224406719207764,0.31118106842041016,-2.6882753445534036e-07,0.3265494406223297,0.24446821212768555,-0.008345045149326324,0.3798806667327881,0.16059324145317078,-0.02349507436156273,0.40282973647117615,0.09355717152357101,-0.0382390059530735,0.40060558915138245,0.03290542960166931,-0.05028819292783737,0.39230504631996155,0.14484284818172455,-0.0497276596724987,0.4831249713897705,0.1997569501399994,-0.07495353370904922,0.46026888489723206,0.2259601503610611,-0.08292310684919357,0.4304521381855011,0.21512386202812195,-0.0867181196808815,0.38050419092178345,0.18761898577213287,-0.059288542717695236,0.475915789604187,0.2471025288105011,-0.07633569091558456,0.4503200948238373,0.266480028629303,-0.07099439948797226,0.4205070436000824,0.2522796392440796,-0.06961196660995483,0.3696631193161011,0.24134625494480133,-0.06853008270263672,0.4627548158168793,0.2936473786830902,-0.08078209310770035,0.437895804643631,0.30792027711868286,-0.06666066497564316,0.40896064043045044,0.29327547550201416,-0.05999100208282471,0.3603411912918091,0.29733067750930786,-0.07820004224777222,0.4387529790401459,0.33545976877212524,-0.08370114862918854,0.4191647469997406,0.34385383129119873,-0.073065847158432,0.39017900824546814,0.33071666955947876,-0.06779249012470245,0.0,0.0,0.0,0.0,0.0,0.0,0.0,0.0,0.0,0.0,0.0,0.0,0.0,0.0,0.0,0.0,0.0,0.0,0.0,0.0,0.0,0.0,0.0,0.0,0.0,0.0,0.0,0.0,0.0,0.0,0.0,0.0,0.0,0.0,0.0,0.0,0.0,0.0,0.0,0.0,0.0,0.0,0.0,0.0,0.0,0.0,0.0,0.0,0.0,0.0,0.0,0.0,0.0,0.0,0.0,0.0,0.0,0.0,0.0,0.0,0.0,0.0,0.0
HELP,0.2992992103099823,0.3576326370239258,-3.889939819146093e-07,0.32794302701950073,0.28726479411125183,-0.01035389769822359,0.3863944411277771,0.20181429386138916,-0.0222706850618124,0.41479620337486267,0.13167956471443176,-0.033461593091487885,0.4146314859390259,0.07090446352958679,-0.04148915037512779,0.40318751335144043,0.1839739978313446,-0.04155963286757469,0.49382978677749634,0.24218836426734924,-0.06795375049114227,0.4693528413772583,0.2695549726486206,-0.07698202133178711,0.4385931193828583,0.25622761249542236,-0.0816277414560318,0.3934813141822815,0.22874434292316437,-0.05055783689022064,0.48603424429893494,0.2931465208530426,-0.06854387372732162,0.45764780044555664,0.3133767247200012,-0.06387954205274582,0.43066394329071045,0.29746705293655396,-0.06264377385377884,0.38310664892196655,0.2859403192996979,-0.06027467921376228,0.4703063666820526,0.3411940634250641,-0.07509694993495941,0.4434531331062317,0.3544347286224365,-0.06310069561004639,0.41817769408226013,0.3388415575027466,-0.05687914043664932,0.37370097637176514,0.3450166583061218,-0.07070160657167435,0.44713613390922546,0.38237234950065613,-0.07671195268630981,0.4252772033214569,0.38796907663345337,-0.06722848862409592,0.3990842401981354,0.37607869505882263,-0.06211630254983902,0.0,0.0,0.0,0.0,0.0,0.0,0.0,0.0,0.0,0.0,0.0,0.0,0.0,0.0,0.0,0.0,0.0,0.0,0.0,0.0,0.0,0.0,0.0,0.0,0.0,0.0,0.0,0.0,0.0,0.0,0.0,0.0,0.0,0.0,0.0,0.0,0.0,0.0,0.0,0.0,0.0,0.0,0.0,0.0,0.0,0.0,0.0,0.0,0.0,0.0,0.0,0.0,0.0,0.0,0.0,0.0,0.0,0.0,0.0,0.0,0.0,0.0,0.0
HELP,0.4215697646141052,0.7223062515258789,1.2605867141246563e-06,0.45608943700790405,0.6776097416877747,-0.13870787620544434,0.4498204290866852,0.6581022143363953,-0.21508100628852844,0.4219508171081543,0.6541133522987366,-0.26538994908332825,0.37858080863952637,0.66252601146698,-0.31535571813583374,0.30453822016716003,0.6324093341827393,-0.19108018279075623,0.22345823049545288,0.6061710715293884,-0.24835951626300812,0.15903012454509735,0.5771440863609314,-0.28949132561683655,0.10140399634838104,0.5519643425941467,-0.31717589497566223,0.27633100748062134,0.6524336338043213,-0.13915503025054932,0.1960030496120453,0.6246943473815918,-0.19550295174121857,0.1308877170085907,0.592734694480896,-0.23921144008636475,0.07480238378047943,0.5613454580307007,-0.2700408697128296,0.26301977038383484,0.666128933429718,-0.09099145978689194,0.1891583949327469,0.6425178050994873,-0.13712641596794128,0.12625226378440857,0.6150736808776855,-0.17849360406398773,0.07774868607521057,0.5888128280639648,-0.20588892698287964,0.2562392055988312,0.6735574007034302,-0.051384054124355316,0.19625899195671082,0.6517773270606995,-0.0853961631655693,0.14753420650959015,0.6327358484268188,-0.11296568810939789,0.10948383808135986,0.6135798692703247,-0.13314089179039001,0.30504074692726135,0.4730881452560425,-4.31470482453733e-07,0.32943058013916016,0.4049517512321472,-0.022869689390063286,0.3852984607219696,0.31377291679382324,-0.04383428022265434,0.4103090465068817,0.23790621757507324,-0.060521483421325684,0.4062383770942688,0.1707785427570343,-0.0738823190331459,0.3901660740375519,0.3259250819683075,-0.07337687164545059,0.48849597573280334,0.3709242045879364,-0.10368625819683075,0.46585139632225037,0.38912254571914673,-0.11167928576469421,0.435480535030365,0.3797266483306885,-0.11462845653295517,0.3758208155632019,0.3847874402999878,-0.07675139605998993,0.48059341311454773,0.4348102807998657,-0.10020510852336884,0.4508635103702545,0.44017452001571655,-0.09381023049354553,0.41760900616645813,0.43087491393089294,-0.09132851660251617,0.36771050095558167,0.4467436373233795,-0.08017794787883759,0.46537473797798157,0.4849136471748352,-0.09611482173204422,0.4385712146759033,0.4852808713912964,-0.08066216856241226,0.408434122800827,0.4768146574497223,-0.07259948551654816,0.36414220929145813,0.5041742920875549,-0.0851421132683754,0.43689820170402527,0.5306935906410217,-0.09167281538248062,0.4195432662963867,0.5295852422714233,-0.08048620820045471,0.39527061581611633,0.5216002464294434,-0.07465789467096329
HELP,0.39051496982574463,0.7503741383552551,8.62356557718158e-07,0.4280187487602234,0.7160043120384216,-0.16335690021514893,0.420598566532135,0.683562159538269,-0.26794150471687317,0.41318559646606445,0.6265109181404114,-0.3435255289077759,0.3850831985473633,0.5785945653915405,-0.4187283217906952,0.2933317720890045,0.685019314289093,-0.26302099227905273,0.30292537808418274,0.6468450427055359,-0.3576231300830841,0.2443397045135498,0.642739474773407,-0.42052286863327026,0.1750866174697876,0.6431285738945007,-0.46448594331741333,0.2720404267311096,0.7069389224052429,-0.20969468355178833,0.30286750197410583,0.6814578175544739,-0.29487496614456177,0.2252494990825653,0.6830745339393616,-0.3409977853298187,0.1297742873430252,0.6755826473236084,-0.37860649824142456,0.273149698972702,0.7198065519332886,-0.16166384518146515,0.2954470217227936,0.7010713219642639,-0.22502878308296204,0.2190741002559662,0.6973279118537903,-0.2539115250110626,0.13549625873565674,0.6848787665367126,-0.2769085168838501,0.2817196249961853,0.7290728688240051,-0.1263566017150879,0.2870063781738281,0.7169432044029236,-0.17819347977638245,0.22876158356666565,0.7164506912231445,-0.20898562669754028,0.16097138822078705,0.7155398726463318,-0.23336206376552582,0.0,0.0,0.0,0.0,0.0,0.0,0.0,0.0,0.0,0.0,0.0,0.0,0.0,0.0,0.0,0.0,0.0,0.0,0.0,0.0,0.0,0.0,0.0,0.0,0.0,0.0,0.0,0.0,0.0,0.0,0.0,0.0,0.0,0.0,0.0,0.0,0.0,0.0,0.0,0.0,0.0,0.0,0.0,0.0,0.0,0.0,0.0,0.0,0.0,0.0,0.0,0.0,0.0,0.0,0.0,0.0,0.0,0.0,0.0,0.0,0.0,0.0,0.0
HELP,0.31662213802337646,0.7863933444023132,-1.549255728150456e-07,0.3458041846752167,0.7035020589828491,-0.017366889864206314,0.40446311235427856,0.6101523637771606,-0.039986081421375275,0.43533462285995483,0.5314342379570007,-0.05888315290212631,0.43765464425086975,0.4600600004196167,-0.07368627935647964,0.41281184554100037,0.6418060660362244,-0.06943326443433762,0.5212080478668213,0.6641715168952942,-0.09874861687421799,0.5028856992721558,0.6778453588485718,-0.10569005459547043,0.46965229511260986,0.6749303936958313,-0.10516784340143204,0.4071113169193268,0.7126204967498779,-0.07236533612012863,0.5198442339897156,0.7325977683067322,-0.09372616559267044,0.49502140283584595,0.7381527423858643,-0.08614261448383331,0.4570798873901367,0.7300273776054382,-0.07980876415967941,0.4065760672092438,0.7810283899307251,-0.07422471791505814,0.5093715786933899,0.7943730354309082,-0.0859464630484581,0.4829181432723999,0.7948421835899353,-0.06404854357242584,0.4476394057273865,0.7867890000343323,-0.04964263364672661,0.40896716713905334,0.8402496576309204,-0.07688229531049728,0.48917174339294434,0.839453935623169,-0.07675092667341232,0.4678269624710083,0.8407491445541382,-0.056841183453798294,0.43958646059036255,0.8389943242073059,-0.043806292116642,0.0,0.0,0.0,0.0,0.0,0.0,0.0,0.0,0.0,0.0,0.0,0.0,0.0,0.0,0.0,0.0,0.0,0.0,0.0,0.0,0.0,0.0,0.0,0.0,0.0,0.0,0.0,0.0,0.0,0.0,0.0,0.0,0.0,0.0,0.0,0.0,0.0,0.0,0.0,0.0,0.0,0.0,0.0,0.0,0.0,0.0,0.0,0.0,0.0,0.0,0.0,0.0,0.0,0.0,0.0,0.0,0.0,0.0,0.0,0.0,0.0,0.0,0.0
HELP,0.2768975496292114,0.7789247035980225,-3.158580170747882e-07,0.3086565434932709,0.7003484964370728,-0.012374934740364552,0.3692948818206787,0.6083256006240845,-0.03088664449751377,0.40089598298072815,0.5344150066375732,-0.04760826379060745,0.40360763669013977,0.46698805689811707,-0.06037129461765289,0.3750932514667511,0.6307424306869507,-0.05706756189465523,0.47794482111930847,0.6461694836616516,-0.08576150983572006,0.45281630754470825,0.6584259271621704,-0.09421297162771225,0.41782331466674805,0.6555060148239136,-0.09500602632761002,0.3714333176612854,0.696615993976593,-0.06317479908466339,0.47757628560066223,0.7093899846076965,-0.08090784400701523,0.45117688179016113,0.7143793106079102,-0.07412334531545639,0.4155038595199585,0.7113763093948364,-0.06967532634735107,0.3719903230667114,0.76216059923172,-0.06894448399543762,0.46893569827079773,0.7673306465148926,-0.07795510441064835,0.4425434172153473,0.7693678736686707,-0.05778220668435097,0.4090349078178406,0.767472505569458,-0.04577874019742012,0.37525463104248047,0.8208204507827759,-0.07554792612791061,0.4517192840576172,0.811979353427887,-0.0730346217751503,0.42863547801971436,0.8145623803138733,-0.05361524969339371,0.40091586112976074,0.8176702260971069,-0.04201842471957207,0.0,0.0,0.0,0.0,0.0,0.0,0.0,0.0,0.0,0.0,0.0,0.0,0.0,0.0,0.0,0.0,0.0,0.0,0.0,0.0,0.0,0.0,0.0,0.0,0.0,0.0,0.0,0.0,0.0,0.0,0.0,0.0,0.0,0.0,0.0,0.0,0.0,0.0,0.0,0.0,0.0,0.0,0.0,0.0,0.0,0.0,0.0,0.0,0.0,0.0,0.0,0.0,0.0,0.0,0.0,0.0,0.0,0.0,0.0,0.0,0.0,0.0,0.0
HELP,0.21705511212348938,0.7209017276763916,-4.071817159001512e-07,0.24824687838554382,0.65018630027771,-0.01050982903689146,0.28631964325904846,0.5670198202133179,-0.021289322525262833,0.2994001507759094,0.4986511766910553,-0.031880106776952744,0.29377081990242004,0.44517821073532104,-0.039363060146570206,0.2757282555103302,0.5664212703704834,-0.032915305346250534,0.3570217490196228,0.587605893611908,-0.0570039376616478,0.3409624695777893,0.6102328896522522,-0.06631281226873398,0.31617775559425354,0.603421688079834,-0.07068690657615662,0.2663351893424988,0.6146819591522217,-0.03915639594197273,0.3529021739959717,0.6355195045471191,-0.05593772977590561,0.3313654363155365,0.6504806876182556,-0.05274201184511185,0.3066295385360718,0.6445820927619934,-0.05279305949807167,0.26366814970970154,0.6622270345687866,-0.04674147814512253,0.34443074464797974,0.6780415773391724,-0.058502379804849625,0.32403287291526794,0.6865257024765015,-0.046727053821086884,0.3008144497871399,0.680478036403656,-0.04083209112286568,0.2646302580833435,0.705399215221405,-0.05556216463446617,0.3299017548561096,0.7115383148193359,-0.0567045696079731,0.3151795566082001,0.7166194915771484,-0.04593304544687271,0.29303690791130066,0.7123396396636963,-0.04065394401550293,0.27611595392227173,0.7654844522476196,-3.9920112726576917e-07,0.2879785895347595,0.6982793807983398,-0.0184465404599905,0.3049631416797638,0.6120322346687317,-0.033650606870651245,0.318846195936203,0.5336267352104187,-0.04642586037516594,0.3183111250400543,0.46659618616104126,-0.056452441960573196,0.3265243470668793,0.6398491263389587,-0.04200805723667145,0.3645053505897522,0.624506413936615,-0.05295209959149361,0.34398171305656433,0.6396613717079163,-0.0520501509308815,0.32661792635917664,0.6406580805778503,-0.051841381937265396,0.3169730305671692,0.686846911907196,-0.04087374731898308,0.36526578664779663,0.6711510419845581,-0.04863443225622177,0.3421030640602112,0.683652400970459,-0.043804872781038284,0.32239973545074463,0.6843938231468201,-0.0449797697365284,0.3166961371898651,0.7334466576576233,-0.03951643779873848,0.3635609745979309,0.7188777923583984,-0.04302579537034035,0.34073692560195923,0.7277131080627441,-0.02937539853155613,0.3165140450000763,0.7259721755981445,-0.02535986714065075,0.3177264630794525,0.7712575793266296,-0.03941408917307854,0.35580307245254517,0.7605236768722534,-0.04063336178660393,0.33599868416786194,0.7667855620384216,-0.029211757704615593,0.3164866864681244,0.765209436416626,-0.024301253259181976
HELP,0.7953609824180603,0.8749323487281799,8.230557568822405e-08,0.8438284993171692,0.8541721105575562,-0.026153232902288437,0.8885595202445984,0.8364164233207703,-0.05055048316717148,0.9286531209945679,0.8317428827285767,-0.07169505208730698,0.9645879864692688,0.842150866985321,-0.09456032514572144,0.8458207845687866,0.8447742462158203,-0.06773046404123306,0.8389337658882141,0.8084657192230225,-0.09641046822071075,0.8246389627456665,0.7793473601341248,-0.11505567282438278,0.8104270696640015,0.7473586797714233,-0.12821558117866516,0.8022782802581787,0.8564760088920593,-0.06636498868465424,0.7851542234420776,0.8150057196617126,-0.08818498998880386,0.770835816860199,0.7788577675819397,-0.09880874305963516,0.7587195634841919,0.7408252954483032,-0.11072762310504913,0.7663112878799438,0.8611397743225098,-0.06493185460567474,0.7501712441444397,0.8248739242553711,-0.08196284621953964,0.7388217449188232,0.7903302907943726,-0.08976258337497711,0.7302813529968262,0.754587709903717,-0.097894586622715,0.7400350570678711,0.8616610169410706,-0.06555203348398209,0.7200722694396973,0.8398697972297668,-0.07750777900218964,0.7088867425918579,0.8160635232925415,-0.08306816965341568,0.7021794319152832,0.7874897122383118,-0.08977655321359634,0.0,0.0,0.0,0.0,0.0,0.0,0.0,0.0,0.0,0.0,0.0,0.0,0.0,0.0,0.0,0.0,0.0,0.0,0.0,0.0,0.0,0.0,0.0,0.0,0.0,0.0,0.0,0.0,0.0,0.0,0.0,0.0,0.0,0.0,0.0,0.0,0.0,0.0,0.0,0.0,0.0,0.0,0.0,0.0,0.0,0.0,0.0,0.0,0.0,0.0,0.0,0.0,0.0,0.0,0.0,0.0,0.0,0.0,0.0,0.0,0.0,0.0,0.0
HELP,0.53496253490448,0.5606754422187805,-3.548080655946251e-07,0.555258572101593,0.4866555631160736,-0.002025877358391881,0.5975845456123352,0.4077703356742859,-0.013106545433402061,0.619153618812561,0.34577175974845886,-0.02514350786805153,0.6181435585021973,0.29290771484375,-0.034718502312898636,0.6303322911262512,0.4060112237930298,-0.025534534826874733,0.7026336193084717,0.4434334337711334,-0.044917650520801544,0.6820544600486755,0.46394991874694824,-0.05424847453832626,0.6533988118171692,0.45532819628715515,-0.059010252356529236,0.6314581632614136,0.4493873417377472,-0.03528516739606857,0.6990471482276917,0.4905397891998291,-0.04385320097208023,0.6773899793624878,0.5090978741645813,-0.042007625102996826,0.6527661681175232,0.4977175295352936,-0.04332394152879715,0.6313866376876831,0.5025030374526978,-0.04487919434905052,0.6950718760490417,0.5373276472091675,-0.049849510192871094,0.6733311414718628,0.5516868233680725,-0.03837406262755394,0.6488043069839478,0.5406458377838135,-0.03371039777994156,0.6293099522590637,0.5580263733863831,-0.054677847772836685,0.6819921135902405,0.5820302963256836,-0.05477390065789223,0.6598836779594421,0.5910931825637817,-0.04262729361653328,0.6356625556945801,0.58070969581604,-0.03560973331332207,0.0,0.0,0.0,0.0,0.0,0.0,0.0,0.0,0.0,0.0,0.0,0.0,0.0,0.0,0.0,0.0,0.0,0.0,0.0,0.0,0.0,0.0,0.0,0.0,0.0,0.0,0.0,0.0,0.0,0.0,0.0,0.0,0.0,0.0,0.0,0.0,0.0,0.0,0.0,0.0,0.0,0.0,0.0,0.0,0.0,0.0,0.0,0.0,0.0,0.0,0.0,0.0,0.0,0.0,0.0,0.0,0.0,0.0,0.0,0.0,0.0,0.0,0.0
HELP,0.6294160485267639,0.8983656167984009,5.75517617562582e-07,0.6605467796325684,0.8597631454467773,-0.0549391470849514,0.6742582321166992,0.8303262591362,-0.09192237257957458,0.6827395558357239,0.8097750544548035,-0.12001797556877136,0.6951980590820312,0.7989597320556641,-0.14810964465141296,0.5860705971717834,0.7980796098709106,-0.08542180061340332,0.537712037563324,0.7609043717384338,-0.11644560843706131,0.502230167388916,0.7428235411643982,-0.13655734062194824,0.4711471199989319,0.729823648929596,-0.14936187863349915,0.557278573513031,0.8175763487815857,-0.06891659647226334,0.5073214769363403,0.7811340093612671,-0.09528014808893204,0.46942228078842163,0.7563436627388,-0.11073813587427139,0.43762072920799255,0.7371810078620911,-0.12085602432489395,0.540115475654602,0.8350026607513428,-0.05403623729944229,0.4950474798679352,0.8078305125236511,-0.07340136915445328,0.4629537761211395,0.787697434425354,-0.0852036103606224,0.4363757371902466,0.7701547741889954,-0.0920870453119278,0.5323376655578613,0.8499874472618103,-0.04323525354266167,0.4954490661621094,0.8357269763946533,-0.056715287268161774,0.46905627846717834,0.8221244215965271,-0.06345279514789581,0.4480402171611786,0.8090226650238037,-0.0670977309346199,0.5343776941299438,0.6909932494163513,-2.996050909587211e-07,0.5577306747436523,0.6188979744911194,-0.009853014722466469,0.6075295805931091,0.5449373722076416,-0.023406928405165672,0.6365916132926941,0.48897305130958557,-0.03575269505381584,0.6392879486083984,0.43479371070861816,-0.04478193819522858,0.6361267566680908,0.5717930197715759,-0.04058457538485527,0.7175480127334595,0.6067876219749451,-0.059846844524145126,0.6981220245361328,0.6209820508956909,-0.06508693099021912,0.669723391532898,0.6139624714851379,-0.06597694009542465,0.6347059607505798,0.6311030387878418,-0.045492541044950485,0.7117299437522888,0.6621049642562866,-0.05607505515217781,0.6895856261253357,0.6698862910270691,-0.05044778808951378,0.661190927028656,0.6625518798828125,-0.04799064248800278,0.6320319175720215,0.6890647411346436,-0.050113093107938766,0.7016343474388123,0.7153568863868713,-0.05649113282561302,0.6794710755348206,0.7181406617164612,-0.04160809516906738,0.6512753963470459,0.7098739147186279,-0.03358826786279678,0.6281186938285828,0.7404752373695374,-0.05538060888648033,0.6836916208267212,0.7575691938400269,-0.05620824918150902,0.6638548374176025,0.7571841478347778,-0.04242507740855217,0.6393700838088989,0.7488282322883606,-0.033715106546878815
HELP,0.30039191246032715,0.6897883415222168,-8.554262365123577e-08,0.32497498393058777,0.6075969934463501,-0.021866144612431526,0.37980353832244873,0.5051620602607727,-0.04865396395325661,0.4009645879268646,0.424123078584671,-0.0717061385512352,0.3954125940799713,0.34556037187576294,-0.08980625867843628,0.3748069107532501,0.5122827291488647,-0.08312135189771652,0.49421805143356323,0.5456602573394775,-0.11828425526618958,0.4734947681427002,0.5655015110969543,-0.1285683810710907,0.4371798038482666,0.5577258467674255,-0.1307116001844406,0.36420926451683044,0.5813181400299072,-0.08756304532289505,0.4918193221092224,0.6088255643844604,-0.11780934780836105,0.46477246284484863,0.6196300387382507,-0.1116616427898407,0.42197853326797485,0.6130837798118591,-0.1057266891002655,0.3627864122390747,0.6521345376968384,-0.09108620136976242,0.47826194763183594,0.6710448265075684,-0.1067388579249382,0.4509059190750122,0.6746928691864014,-0.08343075215816498,0.4106574058532715,0.6678285002708435,-0.0681113600730896,0.36659932136535645,0.7155501246452332,-0.09635927528142929,0.45609474182128906,0.7230254411697388,-0.09830787032842636,0.43646660447120667,0.7198679447174072,-0.07944140583276749,0.4017197787761688,0.7130522131919861,-0.06759901344776154,0.0,0.0,0.0,0.0,0.0,0.0,0.0,0.0,0.0,0.0,0.0,0.0,0.0,0.0,0.0,0.0,0.0,0.0,0.0,0.0,0.0,0.0,0.0,0.0,0.0,0.0,0.0,0.0,0.0,0.0,0.0,0.0,0.0,0.0,0.0,0.0,0.0,0.0,0.0,0.0,0.0,0.0,0.0,0.0,0.0,0.0,0.0,0.0,0.0,0.0,0.0,0.0,0.0,0.0,0.0,0.0,0.0,0.0,0.0,0.0,0.0,0.0,0.0
YES,0.38049960136413574,0.5267014503479004,-2.3379853075766732e-07,0.41593465209007263,0.5184118747711182,-0.014284230768680573,0.456722617149353,0.4736056923866272,-0.019235290586948395,0.4678027033805847,0.41944417357444763,-0.023250898346304893,0.4525935649871826,0.3812299370765686,-0.023743880912661552,0.4464692175388336,0.4118148386478424,-0.007679936476051807,0.4632267355918884,0.3724774122238159,-0.02552814967930317,0.45793893933296204,0.419575959444046,-0.031231120228767395,0.448208749294281,0.4378087818622589,-0.031958069652318954,0.42194274067878723,0.4062983989715576,-0.008272388018667698,0.43609583377838135,0.3744875490665436,-0.025767367333173752,0.43332627415657043,0.4345354437828064,-0.027066702023148537,0.4258330762386322,0.4439496397972107,-0.024008359760046005,0.3955761790275574,0.40982571244239807,-0.011811511591076851,0.4100985825061798,0.38372963666915894,-0.034526895731687546,0.4113191068172455,0.44183987379074097,-0.02730288729071617,0.40364938974380493,0.45184725522994995,-0.01698654517531395,0.36565059423446655,0.41644084453582764,-0.015767669305205345,0.3835906684398651,0.3961615264415741,-0.030764400959014893,0.38844817876815796,0.43523842096328735,-0.023012693971395493,0.3809112310409546,0.446124404668808,-0.013658624142408371,0.0,0.0,0.0,0.0,0.0,0.0,0.0,0.0,0.0,0.0,0.0,0.0,0.0,0.0,0.0,0.0,0.0,0.0,0.0,0.0,0.0,0.0,0.0,0.0,0.0,0.0,0.0,0.0,0.0,0.0,0.0,0.0,0.0,0.0,0.0,0.0,0.0,0.0,0.0,0.0,0.0,0.0,0.0,0.0,0.0,0.0,0.0,0.0,0.0,0.0,0.0,0.0,0.0,0.0,0.0,0.0,0.0,0.0,0.0,0.0,0.0,0.0,0.0
YES,0.39392024278640747,0.5119634866714478,-2.1257147864162107e-07,0.43297716975212097,0.49635016918182373,-0.015638679265975952,0.47305500507354736,0.46148681640625,-0.02640417404472828,0.48736560344696045,0.419160395860672,-0.036243245005607605,0.4671352803707123,0.38884711265563965,-0.04253194481134415,0.4586774408817291,0.3619537949562073,-0.014579074457287788,0.4866490960121155,0.3606557548046112,-0.03295345976948738,0.47618165612220764,0.4096623957157135,-0.04097795858979225,0.4601196348667145,0.4137064814567566,-0.04520003870129585,0.43211525678634644,0.3543851375579834,-0.01614067144691944,0.4557143747806549,0.3721907138824463,-0.03161599114537239,0.4497705101966858,0.42894676327705383,-0.033066436648368835,0.44009315967559814,0.42242953181266785,-0.03240271285176277,0.40630578994750977,0.3646320104598999,-0.020003346726298332,0.4290081858634949,0.38771894574165344,-0.037189118564128876,0.42906931042671204,0.4372948706150055,-0.030291413888335228,0.41941916942596436,0.43328386545181274,-0.023358343169093132,0.38205254077911377,0.3834472894668579,-0.02511867694556713,0.40375247597694397,0.40488505363464355,-0.035450372844934464,0.4062250554561615,0.436917245388031,-0.02858979068696499,0.39600592851638794,0.43609628081321716,-0.021246081218123436,0.0,0.0,0.0,0.0,0.0,0.0,0.0,0.0,0.0,0.0,0.0,0.0,0.0,0.0,0.0,0.0,0.0,0.0,0.0,0.0,0.0,0.0,0.0,0.0,0.0,0.0,0.0,0.0,0.0,0.0,0.0,0.0,0.0,0.0,0.0,0.0,0.0,0.0,0.0,0.0,0.0,0.0,0.0,0.0,0.0,0.0,0.0,0.0,0.0,0.0,0.0,0.0,0.0,0.0,0.0,0.0,0.0,0.0,0.0,0.0,0.0,0.0,0.0
YES,0.38795146346092224,0.5067782998085022,-2.7674985858539003e-07,0.43718528747558594,0.5008036494255066,-0.015055096708238125,0.47835078835487366,0.490438312292099,-0.03015739843249321,0.49738430976867676,0.47277146577835083,-0.045628685504198074,0.47896474599838257,0.45848554372787476,-0.058733146637678146,0.47481295466423035,0.3657097816467285,-0.013792929239571095,0.49912795424461365,0.41382068395614624,-0.037745971232652664,0.48855727910995483,0.4496776759624481,-0.05610943213105202,0.4768880605697632,0.44979047775268555,-0.06855668127536774,0.44380858540534973,0.36268770694732666,-0.019013410434126854,0.47060278058052063,0.4266437292098999,-0.037647634744644165,0.46301451325416565,0.4621896743774414,-0.04714079573750496,0.454161137342453,0.4574887156486511,-0.05429480969905853,0.4143235683441162,0.37835898995399475,-0.026852542534470558,0.4417935907840729,0.44247496128082275,-0.041965302079916,0.43769773840904236,0.47175055742263794,-0.04141952097415924,0.42823469638824463,0.4630541503429413,-0.041177622973918915,0.3890613317489624,0.4042322337627411,-0.036961544305086136,0.4128487706184387,0.45566195249557495,-0.04511423036456108,0.4122401773929596,0.4752546548843384,-0.04326923191547394,0.40492865443229675,0.46654799580574036,-0.04148386791348457,0.0,0.0,0.0,0.0,0.0,0.0,0.0,0.0,0.0,0.0,0.0,0.0,0.0,0.0,0.0,0.0,0.0,0.0,0.0,0.0,0.0,0.0,0.0,0.0,0.0,0.0,0.0,0.0,0.0,0.0,0.0,0.0,0.0,0.0,0.0,0.0,0.0,0.0,0.0,0.0,0.0,0.0,0.0,0.0,0.0,0.0,0.0,0.0,0.0,0.0,0.0,0.0,0.0,0.0,0.0,0.0,0.0,0.0,0.0,0.0,0.0,0.0,0.0
YES,0.3933286666870117,0.4655776619911194,-1.47580664133784e-07,0.4389687478542328,0.4682995676994324,-0.011850763112306595,0.47872862219810486,0.4955551028251648,-0.02827807515859604,0.497660756111145,0.5326263904571533,-0.04540228098630905,0.4915294349193573,0.566693902015686,-0.06314442306756973,0.4815778136253357,0.4255560636520386,-0.03494444862008095,0.4974699318408966,0.5163928866386414,-0.05620023235678673,0.4855518341064453,0.520818829536438,-0.06990382075309753,0.475874662399292,0.49736618995666504,-0.08087947964668274,0.44852784276008606,0.42695334553718567,-0.04262495040893555,0.46678921580314636,0.533858597278595,-0.057202257215976715,0.4561527669429779,0.5293569564819336,-0.05928131192922592,0.44867682456970215,0.5004117488861084,-0.06460199505090714,0.41554832458496094,0.44120126962661743,-0.05097464844584465,0.43508845567703247,0.539873480796814,-0.061682119965553284,0.4277136027812958,0.5330490469932556,-0.05494840070605278,0.4223160147666931,0.5048721432685852,-0.05257062613964081,0.3853098154067993,0.4600068926811218,-0.062086064368486404,0.4030442237854004,0.5374346375465393,-0.07165736705064774,0.4042692184448242,0.533000111579895,-0.06921835988759995,0.40163543820381165,0.5130169987678528,-0.06794369220733643,0.0,0.0,0.0,0.0,0.0,0.0,0.0,0.0,0.0,0.0,0.0,0.0,0.0,0.0,0.0,0.0,0.0,0.0,0.0,0.0,0.0,0.0,0.0,0.0,0.0,0.0,0.0,0.0,0.0,0.0,0.0,0.0,0.0,0.0,0.0,0.0,0.0,0.0,0.0,0.0,0.0,0.0,0.0,0.0,0.0,0.0,0.0,0.0,0.0,0.0,0.0,0.0,0.0,0.0,0.0,0.0,0.0,0.0,0.0,0.0,0.0,0.0,0.0
YES,0.30910223722457886,0.45613983273506165,-2.675604662272235e-07,0.3444503843784332,0.43333667516708374,-0.007797471713274717,0.3748491108417511,0.3953363001346588,-0.013064438477158546,0.38237690925598145,0.35922855138778687,-0.01881016418337822,0.3640730679035187,0.33715203404426575,-0.023212803527712822,0.35169124603271484,0.3111298084259033,-0.0046673426404595375,0.372597336769104,0.3078467845916748,-0.01858890987932682,0.3716309368610382,0.34447553753852844,-0.028742602095007896,0.3636627197265625,0.3557504117488861,-0.03485865518450737,0.3259373903274536,0.31299668550491333,-0.00839629303663969,0.3437315821647644,0.317004531621933,-0.018828287720680237,0.348515123128891,0.3567539155483246,-0.023297792300581932,0.3441110849380493,0.3662218153476715,-0.025838470086455345,0.3012414276599884,0.3274342119693756,-0.013780156150460243,0.3178268373012543,0.33372822403907776,-0.026944050565361977,0.3283822536468506,0.37095949053764343,-0.02550237998366356,0.32615453004837036,0.3823501765727997,-0.022707464173436165,0.2776302099227905,0.34904322028160095,-0.01964462921023369,0.29385149478912354,0.35017168521881104,-0.027596529573202133,0.30621933937072754,0.37741079926490784,-0.022505464032292366,0.307820588350296,0.39065518975257874,-0.016957774758338928,0.0,0.0,0.0,0.0,0.0,0.0,0.0,0.0,0.0,0.0,0.0,0.0,0.0,0.0,0.0,0.0,0.0,0.0,0.0,0.0,0.0,0.0,0.0,0.0,0.0,0.0,0.0,0.0,0.0,0.0,0.0,0.0,0.0,0.0,0.0,0.0,0.0,0.0,0.0,0.0,0.0,0.0,0.0,0.0,0.0,0.0,0.0,0.0,0.0,0.0,0.0,0.0,0.0,0.0,0.0,0.0,0.0,0.0,0.0,0.0,0.0,0.0,0.0
YES,0.26783743500709534,0.4334055185317993,-1.5539244202500413e-07,0.3014269173145294,0.4150533080101013,-0.019961167126893997,0.33029815554618835,0.36565420031547546,-0.027342112734913826,0.3138425946235657,0.3207191526889801,-0.03235943615436554,0.2852295935153961,0.30205515027046204,-0.03270159289240837,0.31998351216316223,0.3014954924583435,-0.006040683016180992,0.32051998376846313,0.2743183374404907,-0.026171954348683357,0.3192373812198639,0.32232511043548584,-0.035801876336336136,0.3157481253147125,0.3388932943344116,-0.03995039686560631,0.29254665970802307,0.3009580969810486,-0.004410203546285629,0.28953906893730164,0.28294458985328674,-0.024445200338959694,0.2963065207004547,0.3367325961589813,-0.027195414528250694,0.2970566749572754,0.342787504196167,-0.02431849204003811,0.2677154839038849,0.3123534917831421,-0.007055473513901234,0.26536279916763306,0.30527979135513306,-0.02661862038075924,0.2751352787017822,0.35143235325813293,-0.018621930852532387,0.27609553933143616,0.35387754440307617,-0.00865999050438404,0.2426733672618866,0.33016082644462585,-0.011627741158008575,0.24480649828910828,0.3308349847793579,-0.021971143782138824,0.2548903524875641,0.36118054389953613,-0.014939960092306137,0.2567783296108246,0.3627766966819763,-0.006740659475326538,0.0,0.0,0.0,0.0,0.0,0.0,0.0,0.0,0.0,0.0,0.0,0.0,0.0,0.0,0.0,0.0,0.0,0.0,0.0,0.0,0.0,0.0,0.0,0.0,0.0,0.0,0.0,0.0,0.0,0.0,0.0,0.0,0.0,0.0,0.0,0.0,0.0,0.0,0.0,0.0,0.0,0.0,0.0,0.0,0.0,0.0,0.0,0.0,0.0,0.0,0.0,0.0,0.0,0.0,0.0,0.0,0.0,0.0,0.0,0.0,0.0,0.0,0.0
YES,0.2631811499595642,0.44711485505104065,-1.4872011888655834e-07,0.2963627576828003,0.4247470200061798,-0.01938071846961975,0.32178279757499695,0.38566794991493225,-0.0305961761623621,0.3045983910560608,0.34989023208618164,-0.03946405276656151,0.276842325925827,0.3318352997303009,-0.04486752673983574,0.3088706433773041,0.29541337490081787,-0.013848884031176567,0.3064311742782593,0.30184197425842285,-0.03537214919924736,0.3072500228881836,0.34469589591026306,-0.048096831887960434,0.3076240122318268,0.3559650182723999,-0.05513806268572807,0.2765413820743561,0.29293468594551086,-0.014007505029439926,0.2778361141681671,0.3133210241794586,-0.033067736774683,0.28515398502349854,0.3601561188697815,-0.03829402104020119,0.28620466589927673,0.36051061749458313,-0.039066191762685776,0.24857410788536072,0.30691951513290405,-0.017586948350071907,0.2530198395252228,0.3384489119052887,-0.03797633573412895,0.2638779282569885,0.3770495057106018,-0.036350350826978683,0.26613250374794006,0.37215879559516907,-0.03193723410367966,0.22382009029388428,0.3284268379211426,-0.022781498730182648,0.23254291713237762,0.35889899730682373,-0.03493207320570946,0.24426625669002533,0.38757243752479553,-0.03180639445781708,0.24868379533290863,0.38451671600341797,-0.02675139531493187,0.0,0.0,0.0,0.0,0.0,0.0,0.0,0.0,0.0,0.0,0.0,0.0,0.0,0.0,0.0,0.0,0.0,0.0,0.0,0.0,0.0,0.0,0.0,0.0,0.0,0.0,0.0,0.0,0.0,0.0,0.0,0.0,0.0,0.0,0.0,0.0,0.0,0.0,0.0,0.0,0.0,0.0,0.0,0.0,0.0,0.0,0.0,0.0,0.0,0.0,0.0,0.0,0.0,0.0,0.0,0.0,0.0,0.0,0.0,0.0,0.0,0.0,0.0
YES,0.25607526302337646,0.4511668086051941,-7.368013399400297e-08,0.28908371925354004,0.4345541000366211,-0.023145973682403564,0.31654849648475647,0.4046925902366638,-0.03891962394118309,0.2980870306491852,0.38328105211257935,-0.05136289820075035,0.2655596137046814,0.37555328011512756,-0.0607592798769474,0.28979137539863586,0.3008636236190796,-0.025948138907551765,0.29012805223464966,0.3357854187488556,-0.05182226747274399,0.2915962338447571,0.3717096447944641,-0.06819584220647812,0.2915346026420593,0.37085893750190735,-0.07849379628896713,0.2533814311027527,0.30169838666915894,-0.026621829718351364,0.259219229221344,0.35398876667022705,-0.04785674810409546,0.2703282833099365,0.3924238681793213,-0.054689157754182816,0.27363523840904236,0.384430468082428,-0.05790431797504425,0.22448861598968506,0.32195621728897095,-0.030576949939131737,0.2352045178413391,0.3828791081905365,-0.0512249730527401,0.2481013387441635,0.4127424657344818,-0.049299631267786026,0.250939279794693,0.39852282404899597,-0.04621927812695503,0.20231792330741882,0.3514253497123718,-0.03689586743712425,0.21512649953365326,0.4037019908428192,-0.050511959940195084,0.23026171326637268,0.4273972511291504,-0.04860187694430351,0.2357073873281479,0.4176581799983978,-0.04506097733974457,0.0,0.0,0.0,0.0,0.0,0.0,0.0,0.0,0.0,0.0,0.0,0.0,0.0,0.0,0.0,0.0,0.0,0.0,0.0,0.0,0.0,0.0,0.0,0.0,0.0,0.0,0.0,0.0,0.0,0.0,0.0,0.0,0.0,0.0,0.0,0.0,0.0,0.0,0.0,0.0,0.0,0.0,0.0,0.0,0.0,0.0,0.0,0.0,0.0,0.0,0.0,0.0,0.0,0.0,0.0,0.0,0.0,0.0,0.0,0.0,0.0,0.0,0.0
YES,0.26341280341148376,0.4623330533504486,-6.716445710708285e-08,0.2978956699371338,0.45436039566993713,-0.02770823799073696,0.32356399297714233,0.4382320046424866,-0.047739092260599136,0.30701151490211487,0.4408508539199829,-0.06370876729488373,0.27756425738334656,0.4493486285209656,-0.07740289717912674,0.2915820777416229,0.3355545997619629,-0.040692903101444244,0.2961468994617462,0.40135854482650757,-0.06989561766386032,0.30038753151893616,0.4256928563117981,-0.08940218389034271,0.29891252517700195,0.4160664677619934,-0.10195454210042953,0.25578027963638306,0.340604692697525,-0.039333246648311615,0.2674764096736908,0.41889530420303345,-0.06156307831406593,0.2778186500072479,0.43568354845046997,-0.06948865205049515,0.2765786349773407,0.4181053042411804,-0.07566433399915695,0.2287679761648178,0.36300620436668396,-0.040893446654081345,0.24329176545143127,0.4378158748149872,-0.05898730829358101,0.25584903359413147,0.4508247971534729,-0.05616481974720955,0.25458407402038574,0.43195855617523193,-0.054167550057172775,0.2089747190475464,0.3920116722583771,-0.04571812227368355,0.22270965576171875,0.4461348056793213,-0.058174364268779755,0.23590286076068878,0.45874589681625366,-0.05677570402622223,0.23864960670471191,0.445734441280365,-0.054704852402210236,0.0,0.0,0.0,0.0,0.0,0.0,0.0,0.0,0.0,0.0,0.0,0.0,0.0,0.0,0.0,0.0,0.0,0.0,0.0,0.0,0.0,0.0,0.0,0.0,0.0,0.0,0.0,0.0,0.0,0.0,0.0,0.0,0.0,0.0,0.0,0.0,0.0,0.0,0.0,0.0,0.0,0.0,0.0,0.0,0.0,0.0,0.0,0.0,0.0,0.0,0.0,0.0,0.0,0.0,0.0,0.0,0.0,0.0,0.0,0.0,0.0,0.0,0.0
YES,0.2386690378189087,0.3834851384162903,-5.403234748513341e-09,0.2739066779613495,0.3958660960197449,-0.02176048792898655,0.3071063458919525,0.4281464219093323,-0.04224982112646103,0.3200971186161041,0.4675028920173645,-0.059158675372600555,0.3206718862056732,0.4964600205421448,-0.07699314504861832,0.3000560998916626,0.40672627091407776,-0.05785191059112549,0.30112528800964355,0.495330274105072,-0.08062699437141418,0.30005359649658203,0.4946516156196594,-0.0963531881570816,0.3000609278678894,0.47454777359962463,-0.10779906064271927,0.2643371522426605,0.4118848145008087,-0.05582761391997337,0.2716549038887024,0.5126438736915588,-0.07137654721736908,0.2722731828689575,0.5021776556968689,-0.07441864907741547,0.2704496383666992,0.47356200218200684,-0.0805436372756958,0.23202474415302277,0.42198190093040466,-0.05314011126756668,0.24295970797538757,0.5091555714607239,-0.06344383209943771,0.24565114080905914,0.49710899591445923,-0.05595596507191658,0.2443375289440155,0.4683893024921417,-0.05317285656929016,0.20375794172286987,0.4329811930656433,-0.053320880979299545,0.21751832962036133,0.4972582161426544,-0.0598500557243824,0.2232670933008194,0.4902537167072296,-0.054705940186977386,0.22489625215530396,0.4670282006263733,-0.0522453598678112,0.0,0.0,0.0,0.0,0.0,0.0,0.0,0.0,0.0,0.0,0.0,0.0,0.0,0.0,0.0,0.0,0.0,0.0,0.0,0.0,0.0,0.0,0.0,0.0,0.0,0.0,0.0,0.0,0.0,0.0,0.0,0.0,0.0,0.0,0.0,0.0,0.0,0.0,0.0,0.0,0.0,0.0,0.0,0.0,0.0,0.0,0.0,0.0,0.0,0.0,0.0,0.0,0.0,0.0,0.0,0.0,0.0,0.0,0.0,0.0,0.0,0.0,0.0
YES,0.19370636343955994,0.3829338550567627,-3.1538934308628086e-07,0.22636592388153076,0.35219913721084595,-0.021684804931282997,0.24616704881191254,0.30468645691871643,-0.033132653683423996,0.2393687516450882,0.26203399896621704,-0.04332388937473297,0.21353378891944885,0.23959071934223175,-0.048878464847803116,0.25347900390625,0.237897127866745,-0.011925136670470238,0.2478446066379547,0.21230442821979523,-0.03698945418000221,0.24547739326953888,0.26099076867103577,-0.04872813820838928,0.2481655329465866,0.27498310804367065,-0.05365534499287605,0.22212648391723633,0.2383584827184677,-0.011738710105419159,0.21452370285987854,0.21428266167640686,-0.03833453729748726,0.21834929287433624,0.2718432545661926,-0.040939342230558395,0.22360539436340332,0.2805027961730957,-0.036668624728918076,0.19246651232242584,0.245768204331398,-0.016122013330459595,0.18410757184028625,0.2294003665447235,-0.04449022561311722,0.19274252653121948,0.283576101064682,-0.03578177094459534,0.19934479892253876,0.2909371554851532,-0.022997815161943436,0.16410726308822632,0.25700849294662476,-0.02223552204668522,0.16060788929462433,0.24296483397483826,-0.037275396287441254,0.16912850737571716,0.281750351190567,-0.027605390176177025,0.1747196912765503,0.2929498851299286,-0.016241392120718956,0.0,0.0,0.0,0.0,0.0,0.0,0.0,0.0,0.0,0.0,0.0,0.0,0.0,0.0,0.0,0.0,0.0,0.0,0.0,0.0,0.0,0.0,0.0,0.0,0.0,0.0,0.0,0.0,0.0,0.0,0.0,0.0,0.0,0.0,0.0,0.0,0.0,0.0,0.0,0.0,0.0,0.0,0.0,0.0,0.0,0.0,0.0,0.0,0.0,0.0,0.0,0.0,0.0,0.0,0.0,0.0,0.0,0.0,0.0,0.0,0.0,0.0,0.0
YES,0.11771798133850098,0.43398210406303406,-3.2059395493888587e-07,0.12966468930244446,0.39394575357437134,-0.030581409111618996,0.1282448172569275,0.3399302363395691,-0.03924846649169922,0.10395131260156631,0.29798197746276855,-0.04413784667849541,0.08165761828422546,0.2728974521160126,-0.04282842576503754,0.15564727783203125,0.2921357750892639,-0.006949950009584427,0.11667376756668091,0.26093757152557373,-0.035191308706998825,0.11906193941831589,0.29975804686546326,-0.05082457885146141,0.13319838047027588,0.3179674744606018,-0.05585675314068794,0.12809206545352936,0.2973679006099701,0.0015715447952970862,0.09242568165063858,0.2717805504798889,-0.028769418597221375,0.09990750253200531,0.3147779405117035,-0.03848838806152344,0.11474944651126862,0.32641592621803284,-0.03638302534818649,0.10428784787654877,0.3054167628288269,0.004040188621729612,0.07303768396377563,0.28937509655952454,-0.026828598231077194,0.0838775783777237,0.3299902379512787,-0.026545431464910507,0.10017721354961395,0.3370968699455261,-0.016633739694952965,0.08483246713876724,0.31646236777305603,0.003978772554546595,0.06380996108055115,0.3061509430408478,-0.015652956441044807,0.07390133291482925,0.33509311079978943,-0.014542785473167896,0.08889298141002655,0.34367454051971436,-0.00664565060287714,0.0,0.0,0.0,0.0,0.0,0.0,0.0,0.0,0.0,0.0,0.0,0.0,0.0,0.0,0.0,0.0,0.0,0.0,0.0,0.0,0.0,0.0,0.0,0.0,0.0,0.0,0.0,0.0,0.0,0.0,0.0,0.0,0.0,0.0,0.0,0.0,0.0,0.0,0.0,0.0,0.0,0.0,0.0,0.0,0.0,0.0,0.0,0.0,0.0,0.0,0.0,0.0,0.0,0.0,0.0,0.0,0.0,0.0,0.0,0.0,0.0,0.0,0.0
YES,0.15306560695171356,0.4275440573692322,-4.329933744884329e-07,0.2055201679468155,0.3833199739456177,-0.010294833220541477,0.24316664040088654,0.3391585350036621,-0.024319183081388474,0.25854432582855225,0.3018764555454254,-0.040506478399038315,0.23795203864574432,0.28561660647392273,-0.05419192463159561,0.19676676392555237,0.23530039191246033,-0.014032184146344662,0.23859557509422302,0.24312925338745117,-0.03658326342701912,0.24025973677635193,0.2866283059120178,-0.052525874227285385,0.22454936802387238,0.2960776090621948,-0.06288109719753265,0.16849574446678162,0.24170570075511932,-0.021624907851219177,0.21610160171985626,0.2731648087501526,-0.03762140870094299,0.21870297193527222,0.3167760968208313,-0.04493914544582367,0.20401914417743683,0.31374162435531616,-0.051405031234025955,0.14644913375377655,0.2637683153152466,-0.031006773933768272,0.19276884198188782,0.2934598922729492,-0.0456901416182518,0.19707365334033966,0.33170515298843384,-0.04388466849923134,0.18168172240257263,0.3305915594100952,-0.04304894059896469,0.13108384609222412,0.29220765829086304,-0.041994038969278336,0.17003631591796875,0.3142600357532501,-0.04878371208906174,0.17623542249202728,0.3411955237388611,-0.04345979914069176,0.16443032026290894,0.3449894189834595,-0.039454713463783264,0.15205585956573486,0.42286810278892517,-2.8479837155259702e-08,0.18707546591758728,0.3865523934364319,-0.00964739266782999,0.20402535796165466,0.34001219272613525,-0.01876193657517433,0.20472083985805511,0.3059343695640564,-0.029200123623013496,0.20714513957500458,0.2805670201778412,-0.03658147528767586,0.17983242869377136,0.24559052288532257,-0.0027950583025813103,0.21067556738853455,0.25440162420272827,-0.022423340007662773,0.22720882296562195,0.2779656946659088,-0.033614885061979294,0.23186847567558289,0.28227245807647705,-0.03981517627835274,0.15683986246585846,0.24431078135967255,-0.008098803460597992,0.20189866423606873,0.2681118845939636,-0.02565964311361313,0.2106320559978485,0.3102062940597534,-0.028849871829152107,0.20565159618854523,0.3097941279411316,-0.028170978650450706,0.13895750045776367,0.2630913555622101,-0.016446387395262718,0.1846899688243866,0.2896724343299866,-0.03622131422162056,0.19304761290550232,0.3276120722293854,-0.031152116134762764,0.18608467280864716,0.3283078670501709,-0.024047164246439934,0.12438441812992096,0.29445937275886536,-0.02609015628695488,0.1648205667734146,0.3134726583957672,-0.03875589743256569,0.17422181367874146,0.34053096175193787,-0.03323756530880928,0.16903355717658997,0.34306731820106506,-0.026087146252393723
YES,0.17265303432941437,0.4273904263973236,-2.112968928713599e-07,0.2166060507297516,0.40261736512184143,-0.018714936450123787,0.25002893805503845,0.3783433437347412,-0.03605043515563011,0.2587242126464844,0.357038289308548,-0.05284985899925232,0.23926526308059692,0.3539467751979828,-0.06682344526052475,0.2165765017271042,0.2592686712741852,-0.021696001291275024,0.2475709319114685,0.3002021312713623,-0.04666058346629143,0.24698078632354736,0.3362264633178711,-0.06359569728374481,0.23816260695457458,0.3356579840183258,-0.07526999711990356,0.18333783745765686,0.26736611127853394,-0.025867246091365814,0.2224125862121582,0.32321614027023315,-0.04605720937252045,0.22425994277000427,0.3603406548500061,-0.053402356803417206,0.21678021550178528,0.3531312942504883,-0.058894168585538864,0.15708570182323456,0.2939322590827942,-0.03284852206707001,0.19820094108581543,0.3528967499732971,-0.05011329799890518,0.20241156220436096,0.3781559467315674,-0.049520835280418396,0.1930801421403885,0.3665957748889923,-0.049062881618738174,0.13826431334018707,0.3288208246231079,-0.04227669537067413,0.17336967587471008,0.37474092841148376,-0.05279988795518875,0.18001240491867065,0.3914456367492676,-0.05213754624128342,0.17230068147182465,0.3825381398200989,-0.05097687616944313,0.0,0.0,0.0,0.0,0.0,0.0,0.0,0.0,0.0,0.0,0.0,0.0,0.0,0.0,0.0,0.0,0.0,0.0,0.0,0.0,0.0,0.0,0.0,0.0,0.0,0.0,0.0,0.0,0.0,0.0,0.0,0.0,0.0,0.0,0.0,0.0,0.0,0.0,0.0,0.0,0.0,0.0,0.0,0.0,0.0,0.0,0.0,0.0,0.0,0.0,0.0,0.0,0.0,0.0,0.0,0.0,0.0,0.0,0.0,0.0,0.0,0.0,0.0
YES,0.18077166378498077,0.41105663776397705,-1.76878209856568e-08,0.21810293197631836,0.40587538480758667,-0.026656795293092728,0.24678365886211395,0.401472270488739,-0.04751671850681305,0.24984529614448547,0.4236499071121216,-0.0653127133846283,0.22689417004585266,0.45044267177581787,-0.08216764032840729,0.2152719795703888,0.30962496995925903,-0.04921651631593704,0.22784866392612457,0.3908218443393707,-0.0784880667924881,0.23041334748268127,0.4028691053390503,-0.09817783534526825,0.227244034409523,0.38476449251174927,-0.1118011400103569,0.17857018113136292,0.3239363133907318,-0.04901871457695961,0.2027961164712906,0.41869115829467773,-0.069321408867836,0.20762154459953308,0.42043057084083557,-0.0737856775522232,0.20301075279712677,0.39354953169822693,-0.08008170127868652,0.15007834136486053,0.35333898663520813,-0.05114610865712166,0.1788148581981659,0.43605566024780273,-0.0666700154542923,0.18360206484794617,0.43429142236709595,-0.06064245477318764,0.17874717712402344,0.40752503275871277,-0.05777524411678314,0.12942667305469513,0.3865421414375305,-0.056996773928403854,0.15472690761089325,0.445086270570755,-0.06897572427988052,0.1599462628364563,0.4434667229652405,-0.06748802214860916,0.1552782505750656,0.4254953861236572,-0.0664181038737297,0.0,0.0,0.0,0.0,0.0,0.0,0.0,0.0,0.0,0.0,0.0,0.0,0.0,0.0,0.0,0.0,0.0,0.0,0.0,0.0,0.0,0.0,0.0,0.0,0.0,0.0,0.0,0.0,0.0,0.0,0.0,0.0,0.0,0.0,0.0,0.0,0.0,0.0,0.0,0.0,0.0,0.0,0.0,0.0,0.0,0.0,0.0,0.0,0.0,0.0,0.0,0.0,0.0,0.0,0.0,0.0,0.0,0.0,0.0,0.0,0.0,0.0,0.0
YES,0.17851974070072174,0.4173070788383484,5.3619846340779986e-08,0.21527685225009918,0.41686493158340454,-0.025519460439682007,0.246078222990036,0.4309161305427551,-0.04676269739866257,0.24789190292358398,0.46667927503585815,-0.0640888661146164,0.23177200555801392,0.4989221692085266,-0.08153443038463593,0.21721677482128143,0.35881438851356506,-0.05359058454632759,0.22405320405960083,0.44808635115623474,-0.08072452247142792,0.22853529453277588,0.4524489641189575,-0.10100340843200684,0.23035463690757751,0.433842271566391,-0.1151617243885994,0.18143422901630402,0.3726228177547455,-0.05123980715870857,0.1982462853193283,0.46954062581062317,-0.06760623306035995,0.2041771560907364,0.4633442461490631,-0.07225117087364197,0.2018623799085617,0.43826714158058167,-0.07949137687683105,0.1530105024576187,0.39667412638664246,-0.04990352690219879,0.17345479130744934,0.4796106815338135,-0.06114538013935089,0.17817872762680054,0.4698469042778015,-0.05424430966377258,0.17445054650306702,0.4435967206954956,-0.05131036788225174,0.1322571039199829,0.4213252067565918,-0.052133046090602875,0.15038222074508667,0.479600191116333,-0.06025918945670128,0.15709362924098969,0.4731115698814392,-0.0561845488846302,0.15556542575359344,0.4528564214706421,-0.05360715836286545,0.0,0.0,0.0,0.0,0.0,0.0,0.0,0.0,0.0,0.0,0.0,0.0,0.0,0.0,0.0,0.0,0.0,0.0,0.0,0.0,0.0,0.0,0.0,0.0,0.0,0.0,0.0,0.0,0.0,0.0,0.0,0.0,0.0,0.0,0.0,0.0,0.0,0.0,0.0,0.0,0.0,0.0,0.0,0.0,0.0,0.0,0.0,0.0,0.0,0.0,0.0,0.0,0.0,0.0,0.0,0.0,0.0,0.0,0.0,0.0,0.0,0.0,0.0
YES,0.14480045437812805,0.4035864770412445,1.846498349777903e-07,0.1899425983428955,0.42632073163986206,-0.029494183138012886,0.21694327890872955,0.4674198031425476,-0.05340582877397537,0.2196260243654251,0.521558940410614,-0.0720347911119461,0.20352602005004883,0.5653793811798096,-0.09201303124427795,0.1769401729106903,0.43091240525245667,-0.06744792312383652,0.18861311674118042,0.5123152732849121,-0.09162711352109909,0.19735358655452728,0.5143235325813293,-0.11124859005212784,0.19825197756290436,0.49728620052337646,-0.12595082819461823,0.14154191315174103,0.43990829586982727,-0.06331217288970947,0.16350987553596497,0.5245601534843445,-0.07600626349449158,0.17299094796180725,0.5197635293006897,-0.07986965030431747,0.17187181115150452,0.4993304908275604,-0.08910968154668808,0.11588266491889954,0.45386654138565063,-0.05877596512436867,0.1411607712507248,0.5280142426490784,-0.06679295003414154,0.14831984043121338,0.5201618671417236,-0.060028091073036194,0.1468004733324051,0.4991017282009125,-0.059646863490343094,0.09886438399553299,0.46834638714790344,-0.05784982442855835,0.11776712536811829,0.5223115682601929,-0.06302490830421448,0.12517297267913818,0.525451123714447,-0.056618545204401016,0.12707704305648804,0.5181313753128052,-0.054883506149053574,0.0,0.0,0.0,0.0,0.0,0.0,0.0,0.0,0.0,0.0,0.0,0.0,0.0,0.0,0.0,0.0,0.0,0.0,0.0,0.0,0.0,0.0,0.0,0.0,0.0,0.0,0.0,0.0,0.0,0.0,0.0,0.0,0.0,0.0,0.0,0.0,0.0,0.0,0.0,0.0,0.0,0.0,0.0,0.0,0.0,0.0,0.0,0.0,0.0,0.0,0.0,0.0,0.0,0.0,0.0,0.0,0.0,0.0,0.0,0.0,0.0,0.0,0.0
YES,0.31073296070098877,0.5713988542556763,-3.0413656304517644e-07,0.346941739320755,0.5489811897277832,-0.014309310354292393,0.37970301508903503,0.5089205503463745,-0.022907130420207977,0.38072675466537476,0.4672759771347046,-0.030798140913248062,0.35586288571357727,0.44350796937942505,-0.03566611930727959,0.36456769704818726,0.4240560531616211,-0.00964801013469696,0.3821960389614105,0.4177476465702057,-0.02772851102054119,0.3773055374622345,0.4624135494232178,-0.03836492449045181,0.3681451976299286,0.46940723061561584,-0.04486614465713501,0.33737823367118835,0.4203515350818634,-0.011656428687274456,0.35239940881729126,0.43127715587615967,-0.027535654604434967,0.3538300395011902,0.47794198989868164,-0.03253940865397453,0.34805944561958313,0.47681373357772827,-0.034440167248249054,0.31223437190055847,0.4326646029949188,-0.016176242381334305,0.32675647735595703,0.45463910698890686,-0.03285231813788414,0.3337526023387909,0.4943948984146118,-0.030521906912326813,0.32832539081573486,0.4922361373901367,-0.02678917907178402,0.2891615331172943,0.45235374569892883,-0.02202519401907921,0.30449748039245605,0.475658118724823,-0.03169751167297363,0.31240013241767883,0.5024317502975464,-0.02799243852496147,0.30831268429756165,0.5024125576019287,-0.02333490364253521,0.0,0.0,0.0,0.0,0.0,0.0,0.0,0.0,0.0,0.0,0.0,0.0,0.0,0.0,0.0,0.0,0.0,0.0,0.0,0.0,0.0,0.0,0.0,0.0,0.0,0.0,0.0,0.0,0.0,0.0,0.0,0.0,0.0,0.0,0.0,0.0,0.0,0.0,0.0,0.0,0.0,0.0,0.0,0.0,0.0,0.0,0.0,0.0,0.0,0.0,0.0,0.0,0.0,0.0,0.0,0.0,0.0,0.0,0.0,0.0,0.0,0.0,0.0
YES,0.34598785638809204,0.578459620475769,-2.069904496693198e-07,0.3863358497619629,0.5609482526779175,-0.020270131528377533,0.4182031750679016,0.5387003421783447,-0.036717433482408524,0.4258842468261719,0.5098344683647156,-0.05177675560116768,0.40630441904067993,0.4936312139034271,-0.06343664228916168,0.4071216583251953,0.4226558208465576,-0.019765587523579597,0.42234498262405396,0.4491492807865143,-0.045473840087652206,0.42061811685562134,0.4868258237838745,-0.06307527422904968,0.414168119430542,0.49650299549102783,-0.07352111488580704,0.3753749132156372,0.4219840168952942,-0.020919807255268097,0.3943054676055908,0.47130441665649414,-0.042832937091588974,0.3966764509677887,0.5121244192123413,-0.05162832885980606,0.3921513259410858,0.5145861506462097,-0.056032754480838776,0.3474808633327484,0.4396604597568512,-0.02520625852048397,0.369128942489624,0.4989985227584839,-0.043315209448337555,0.37569573521614075,0.5286297798156738,-0.04280491918325424,0.37196436524391174,0.5248618721961975,-0.0405619740486145,0.32510247826576233,0.4676644206047058,-0.031997162848711014,0.34599876403808594,0.5178420543670654,-0.042626868933439255,0.35344135761260986,0.538329541683197,-0.04194209724664688,0.3515009880065918,0.5321786999702454,-0.039444636553525925,0.0,0.0,0.0,0.0,0.0,0.0,0.0,0.0,0.0,0.0,0.0,0.0,0.0,0.0,0.0,0.0,0.0,0.0,0.0,0.0,0.0,0.0,0.0,0.0,0.0,0.0,0.0,0.0,0.0,0.0,0.0,0.0,0.0,0.0,0.0,0.0,0.0,0.0,0.0,0.0,0.0,0.0,0.0,0.0,0.0,0.0,0.0,0.0,0.0,0.0,0.0,0.0,0.0,0.0,0.0,0.0,0.0,0.0,0.0,0.0,0.0,0.0,0.0
YES,0.3560287654399872,0.5295715928077698,-8.646966165315462e-08,0.3922478258609772,0.5382585525512695,-0.021820535883307457,0.42581963539123535,0.5646095871925354,-0.04355425760149956,0.43780314922332764,0.5969960689544678,-0.06312879174947739,0.43465888500213623,0.62581467628479,-0.08288168162107468,0.42498183250427246,0.5042363405227661,-0.05453915521502495,0.43538251519203186,0.5880447626113892,-0.0799301415681839,0.43144193291664124,0.5944370031356812,-0.0952320545911789,0.4269401729106903,0.5762076377868652,-0.10625241696834564,0.38997843861579895,0.5047829747200012,-0.056240301579236984,0.405901163816452,0.6043035984039307,-0.0735250860452652,0.4036281108856201,0.5971914529800415,-0.07488366216421127,0.39850831031799316,0.570548415184021,-0.07937683165073395,0.35784536600112915,0.5165138840675354,-0.058443259447813034,0.3777388632297516,0.6075770854949951,-0.07047858089208603,0.3767325282096863,0.5987072587013245,-0.060265686362981796,0.3731115758419037,0.5722612142562866,-0.05506885424256325,0.33003494143486023,0.5329603552818298,-0.06425933539867401,0.3483108878135681,0.6011303067207336,-0.07465582340955734,0.35227343440055847,0.5953792333602905,-0.06983296573162079,0.35106953978538513,0.5755975842475891,-0.06629660725593567,0.0,0.0,0.0,0.0,0.0,0.0,0.0,0.0,0.0,0.0,0.0,0.0,0.0,0.0,0.0,0.0,0.0,0.0,0.0,0.0,0.0,0.0,0.0,0.0,0.0,0.0,0.0,0.0,0.0,0.0,0.0,0.0,0.0,0.0,0.0,0.0,0.0,0.0,0.0,0.0,0.0,0.0,0.0,0.0,0.0,0.0,0.0,0.0,0.0,0.0,0.0,0.0,0.0,0.0,0.0,0.0,0.0,0.0,0.0,0.0,0.0,0.0,0.0
YES,0.36462685465812683,0.607646107673645,5.317751856637187e-07,0.40722256898880005,0.5751417279243469,-0.01119659747928381,0.4402828514575958,0.5003407597541809,-0.01609445922076702,0.4680701792240143,0.44429609179496765,-0.0228914562612772,0.5007076859474182,0.40939995646476746,-0.029858769848942757,0.4310832917690277,0.45147502422332764,-0.00851683970540762,0.4646642506122589,0.40411126613616943,-0.02668745070695877,0.48868876695632935,0.37436750531196594,-0.03803662583231926,0.5116921067237854,0.34590885043144226,-0.04514584317803383,0.4055860638618469,0.4394039809703827,-0.012817737646400928,0.44471675157546997,0.39274153113365173,-0.03465075418353081,0.4749663472175598,0.36811563372612,-0.04382510855793953,0.5028191804885864,0.33893871307373047,-0.047577865421772,0.37197232246398926,0.4396895170211792,-0.01945185661315918,0.40205106139183044,0.40271061658859253,-0.05361894518136978,0.4037846028804779,0.4632636308670044,-0.05321237072348595,0.40333372354507446,0.5081228017807007,-0.043270621448755264,0.3361355662345886,0.45322874188423157,-0.026407411321997643,0.36193859577178955,0.4346254765987396,-0.05564451217651367,0.3812713325023651,0.4722321927547455,-0.0561983659863472,0.3936266303062439,0.5027157664299011,-0.04953048378229141,0.0,0.0,0.0,0.0,0.0,0.0,0.0,0.0,0.0,0.0,0.0,0.0,0.0,0.0,0.0,0.0,0.0,0.0,0.0,0.0,0.0,0.0,0.0,0.0,0.0,0.0,0.0,0.0,0.0,0.0,0.0,0.0,0.0,0.0,0.0,0.0,0.0,0.0,0.0,0.0,0.0,0.0,0.0,0.0,0.0,0.0,0.0,0.0,0.0,0.0,0.0,0.0,0.0,0.0,0.0,0.0,0.0,0.0,0.0,0.0,0.0,0.0,0.0
YES,0.319934606552124,0.5721845030784607,5.834537546434149e-07,0.36710432171821594,0.5220295190811157,-0.006838763598352671,0.3982618451118469,0.45584142208099365,-0.010973043739795685,0.4245421588420868,0.4108583629131317,-0.01780773513019085,0.44978469610214233,0.3817390203475952,-0.025482889264822006,0.3812466263771057,0.41345280408859253,-0.012068193405866623,0.40347233414649963,0.35412365198135376,-0.03014563024044037,0.41698330640792847,0.31393158435821533,-0.040774568915367126,0.4276038408279419,0.27769604325294495,-0.04630754515528679,0.35275477170944214,0.4055973291397095,-0.019423138350248337,0.37712791562080383,0.3436051607131958,-0.03923666477203369,0.39498209953308105,0.3080037832260132,-0.0484558567404747,0.40884292125701904,0.2750525176525116,-0.0518372543156147,0.3197532296180725,0.4127504229545593,-0.02793000265955925,0.3281327784061432,0.3734378516674042,-0.05569170042872429,0.3370349705219269,0.4172520041465759,-0.056639041751623154,0.34440404176712036,0.4558749198913574,-0.0486098974943161,0.28612151741981506,0.43327653408050537,-0.036615725606679916,0.29678988456726074,0.40705832839012146,-0.05688248574733734,0.3141316771507263,0.4323907494544983,-0.05483364686369896,0.3281075060367584,0.4597344398498535,-0.047378674149513245,0.0,0.0,0.0,0.0,0.0,0.0,0.0,0.0,0.0,0.0,0.0,0.0,0.0,0.0,0.0,0.0,0.0,0.0,0.0,0.0,0.0,0.0,0.0,0.0,0.0,0.0,0.0,0.0,0.0,0.0,0.0,0.0,0.0,0.0,0.0,0.0,0.0,0.0,0.0,0.0,0.0,0.0,0.0,0.0,0.0,0.0,0.0,0.0,0.0,0.0,0.0,0.0,0.0,0.0,0.0,0.0,0.0,0.0,0.0,0.0,0.0,0.0,0.0
YES,0.266237735748291,0.5823947787284851,3.4794285852512985e-07,0.30956920981407166,0.5284061431884766,-0.006569723132997751,0.3252875804901123,0.4602466821670532,-0.007341118063777685,0.33631631731987,0.4073369801044464,-0.011238629929721355,0.35773468017578125,0.37447863817214966,-0.015521910972893238,0.3190080523490906,0.42209646105766296,0.0015881364233791828,0.3309246599674225,0.36357927322387695,-0.010991730727255344,0.33824896812438965,0.3262362480163574,-0.01932625286281109,0.34451040625572205,0.28861257433891296,-0.02497856505215168,0.2929474413394928,0.4158919155597687,-0.004174488130956888,0.304904043674469,0.3580628037452698,-0.02104858122766018,0.3154101073741913,0.32326215505599976,-0.03094610571861267,0.3238625228404999,0.28766584396362305,-0.036208610981702805,0.2627424895763397,0.42275547981262207,-0.01177290640771389,0.26334378123283386,0.3784030079841614,-0.036771636456251144,0.2688186764717102,0.4224699139595032,-0.03789834305644035,0.2738319933414459,0.4582534730434418,-0.031398385763168335,0.23094817996025085,0.4400382936000824,-0.019795022904872894,0.23222145438194275,0.4092835783958435,-0.03819166496396065,0.24430164694786072,0.4346250593662262,-0.0366273894906044,0.253658652305603,0.4584278464317322,-0.030885763466358185,0.0,0.0,0.0,0.0,0.0,0.0,0.0,0.0,0.0,0.0,0.0,0.0,0.0,0.0,0.0,0.0,0.0,0.0,0.0,0.0,0.0,0.0,0.0,0.0,0.0,0.0,0.0,0.0,0.0,0.0,0.0,0.0,0.0,0.0,0.0,0.0,0.0,0.0,0.0,0.0,0.0,0.0,0.0,0.0,0.0,0.0,0.0,0.0,0.0,0.0,0.0,0.0,0.0,0.0,0.0,0.0,0.0,0.0,0.0,0.0,0.0,0.0,0.0
YES,0.24509449303150177,0.5729561448097229,3.0670651085529244e-07,0.28774088621139526,0.5203275084495544,-0.0055857449769973755,0.30173254013061523,0.4558766782283783,-0.005635969340801239,0.3096560537815094,0.40467286109924316,-0.008800079114735126,0.32893940806388855,0.3720264732837677,-0.012187079526484013,0.29141929745674133,0.41409778594970703,0.003467822913080454,0.30346110463142395,0.3643958568572998,-0.00748480437323451,0.3099626898765564,0.33167019486427307,-0.015385106205940247,0.31527775526046753,0.29918020963668823,-0.02091069333255291,0.2652081847190857,0.41119202971458435,-0.0022114687599241734,0.27733415365219116,0.36135193705558777,-0.01576189137995243,0.28575998544692993,0.3305906057357788,-0.023377936333417892,0.2931616008281708,0.2991916835308075,-0.027817288413643837,0.23637674748897552,0.4215649962425232,-0.009965001605451107,0.23822666704654694,0.3818429708480835,-0.033354517072439194,0.2477119415998459,0.42515435814857483,-0.033789873123168945,0.2558598816394806,0.46377646923065186,-0.02738148532807827,0.20696961879730225,0.4426739811897278,-0.01809360831975937,0.20816168189048767,0.4102517366409302,-0.036677662283182144,0.22271083295345306,0.43463680148124695,-0.03557742014527321,0.2345210611820221,0.4625003933906555,-0.030323846265673637,0.0,0.0,0.0,0.0,0.0,0.0,0.0,0.0,0.0,0.0,0.0,0.0,0.0,0.0,0.0,0.0,0.0,0.0,0.0,0.0,0.0,0.0,0.0,0.0,0.0,0.0,0.0,0.0,0.0,0.0,0.0,0.0,0.0,0.0,0.0,0.0,0.0,0.0,0.0,0.0,0.0,0.0,0.0,0.0,0.0,0.0,0.0,0.0,0.0,0.0,0.0,0.0,0.0,0.0,0.0,0.0,0.0,0.0,0.0,0.0,0.0,0.0,0.0
YES,0.21933868527412415,0.5695847272872925,3.68268757711121e-07,0.2535441517829895,0.527092456817627,-0.012632583267986774,0.26748648285865784,0.46554622054100037,-0.017219169065356255,0.2812229096889496,0.4187312126159668,-0.023206032812595367,0.3042708933353424,0.39207515120506287,-0.029472725465893745,0.2550642192363739,0.4175935983657837,-0.012374860234558582,0.26008257269859314,0.35642296075820923,-0.027532771229743958,0.26019546389579773,0.31518083810806274,-0.03646091744303703,0.25996243953704834,0.2770061194896698,-0.041768427938222885,0.2275545448064804,0.4148709774017334,-0.016116786748170853,0.23124010860919952,0.35227274894714355,-0.034601595252752304,0.23392052948474884,0.30944138765335083,-0.04416319727897644,0.2350304275751114,0.27193039655685425,-0.04837947338819504,0.19921129941940308,0.42690974473953247,-0.021435556933283806,0.19338466227054596,0.3909204304218292,-0.048745203763246536,0.2060888111591339,0.43697088956832886,-0.049541644752025604,0.21627002954483032,0.47488468885421753,-0.04169321060180664,0.17228233814239502,0.44928979873657227,-0.02743990533053875,0.1668919026851654,0.416531503200531,-0.047684378921985626,0.1801508665084839,0.44256526231765747,-0.04464656859636307,0.19116702675819397,0.46989962458610535,-0.03699551150202751,0.0,0.0,0.0,0.0,0.0,0.0,0.0,0.0,0.0,0.0,0.0,0.0,0.0,0.0,0.0,0.0,0.0,0.0,0.0,0.0,0.0,0.0,0.0,0.0,0.0,0.0,0.0,0.0,0.0,0.0,0.0,0.0,0.0,0.0,0.0,0.0,0.0,0.0,0.0,0.0,0.0,0.0,0.0,0.0,0.0,0.0,0.0,0.0,0.0,0.0,0.0,0.0,0.0,0.0,0.0,0.0,0.0,0.0,0.0,0.0,0.0,0.0,0.0
YES,0.21773286163806915,0.5765210390090942,2.506442910998885e-07,0.24906787276268005,0.5259649753570557,-0.016270240768790245,0.2567732036113739,0.47038620710372925,-0.02010013535618782,0.2567330300807953,0.41834771633148193,-0.02502439171075821,0.2639804780483246,0.37855300307273865,-0.02892068773508072,0.26208624243736267,0.4199228584766388,0.0076332371681928635,0.266695111989975,0.37526050209999084,-0.002745818579569459,0.26559892296791077,0.3443070352077484,-0.012186278589069843,0.26406019926071167,0.31892284750938416,-0.01864294521510601,0.2349003702402115,0.4170731008052826,0.007902649231255054,0.23565328121185303,0.3686438798904419,-0.006361670792102814,0.2362276315689087,0.3453998565673828,-0.01567479781806469,0.23930487036705017,0.32959479093551636,-0.020007673650979996,0.2051418423652649,0.42839235067367554,0.004185717552900314,0.2010822892189026,0.38653671741485596,-0.021841976791620255,0.2079353630542755,0.42510131001472473,-0.02615651860833168,0.2159932255744934,0.46416813135147095,-0.021245036274194717,0.17538267374038696,0.44852328300476074,-0.0006511044921353459,0.17116177082061768,0.41484197974205017,-0.02439173497259617,0.18126805126667023,0.4400128722190857,-0.026673128828406334,0.19089578092098236,0.47017791867256165,-0.022393617779016495,0.0,0.0,0.0,0.0,0.0,0.0,0.0,0.0,0.0,0.0,0.0,0.0,0.0,0.0,0.0,0.0,0.0,0.0,0.0,0.0,0.0,0.0,0.0,0.0,0.0,0.0,0.0,0.0,0.0,0.0,0.0,0.0,0.0,0.0,0.0,0.0,0.0,0.0,0.0,0.0,0.0,0.0,0.0,0.0,0.0,0.0,0.0,0.0,0.0,0.0,0.0,0.0,0.0,0.0,0.0,0.0,0.0,0.0,0.0,0.0,0.0,0.0,0.0
YES,0.28346437215805054,0.5604639649391174,5.849988156114705e-07,0.3268021047115326,0.5280773639678955,-0.012045219540596008,0.36054927110671997,0.4678551256656647,-0.01892322115600109,0.39270326495170593,0.4314466118812561,-0.028434444218873978,0.42640945315361023,0.4178687036037445,-0.03864985704421997,0.34419265389442444,0.4118250608444214,-0.018440179526805878,0.37102749943733215,0.3464675545692444,-0.03827852010726929,0.38363420963287354,0.3010072410106659,-0.04850386455655098,0.3946126103401184,0.26145848631858826,-0.053701817989349365,0.31444767117500305,0.4032684862613678,-0.024421390146017075,0.3409121632575989,0.3385518789291382,-0.050040412694215775,0.3599972426891327,0.292433500289917,-0.06182941049337387,0.376726359128952,0.2518470883369446,-0.06560859829187393,0.2807072103023529,0.4096357524394989,-0.03142503648996353,0.2970069348812103,0.38359686732292175,-0.06655298173427582,0.30600476264953613,0.43747225403785706,-0.06860905140638351,0.312566339969635,0.4811381995677948,-0.05853390321135521,0.2469828575849533,0.4281626343727112,-0.0388178713619709,0.26332464814186096,0.41567301750183105,-0.06463121622800827,0.2821015417575836,0.4494766592979431,-0.06304139643907547,0.2952491044998169,0.47914713621139526,-0.054198842495679855,0.2730671465396881,0.5730399489402771,5.750744094257243e-07,0.30774953961372375,0.5348503589630127,-0.01358043123036623,0.3211267590522766,0.4878290891647339,-0.021156294271349907,0.32317909598350525,0.44203048944473267,-0.03132648766040802,0.3359917104244232,0.4095712900161743,-0.04058364778757095,0.3189064562320709,0.4179922342300415,-0.0009685472468845546,0.3382612466812134,0.36963972449302673,-0.019559578970074654,0.35352298617362976,0.33748599886894226,-0.03256513178348541,0.3672644793987274,0.30966031551361084,-0.03981223702430725,0.29666396975517273,0.40777403116226196,-0.0051333182491362095,0.32443419098854065,0.3514443039894104,-0.02622922882437706,0.3469664454460144,0.31695300340652466,-0.03731387108564377,0.36772850155830383,0.28670069575309753,-0.041040290147066116,0.26689791679382324,0.4105908274650574,-0.01268844399601221,0.28985241055488586,0.376662015914917,-0.04476969316601753,0.3016444146633148,0.42431873083114624,-0.04833310469985008,0.3103972375392914,0.46496760845184326,-0.04049056023359299,0.23326607048511505,0.4274521470069885,-0.021016068756580353,0.2575185000896454,0.41181710362434387,-0.04775330051779747,0.27692052721977234,0.44558560848236084,-0.048471707850694656,0.2893751859664917,0.4757627248764038,-0.04141257703304291
YES,0.2853896915912628,0.5790696740150452,5.506013280864863e-07,0.3304889500141144,0.5409164428710938,-0.009760953485965729,0.35770976543426514,0.47847625613212585,-0.015668310225009918,0.38288477063179016,0.43594643473625183,-0.024201931431889534,0.4137474298477173,0.41307345032691956,-0.03322150185704231,0.3493824601173401,0.4275525212287903,-0.01349217351526022,0.3794761002063751,0.3696460425853729,-0.03227463364601135,0.395732045173645,0.32975149154663086,-0.042866699397563934,0.410325288772583,0.29360532760620117,-0.04893612861633301,0.3210863471031189,0.4153178036212921,-0.018925117328763008,0.349785715341568,0.3598940968513489,-0.041401609778404236,0.37226933240890503,0.3248143792152405,-0.050606124103069305,0.39204004406929016,0.29187363386154175,-0.05380405858159065,0.2865099012851715,0.41724544763565063,-0.0257588978856802,0.3054208755493164,0.38768893480300903,-0.056444473564624786,0.31237101554870605,0.44055941700935364,-0.055576737970113754,0.31668946146965027,0.4827363193035126,-0.04578641057014465,0.25051164627075195,0.4329163134098053,-0.033143650740385056,0.2679186761379242,0.41959890723228455,-0.05646307393908501,0.2860793471336365,0.45122870802879333,-0.054336316883563995,0.29745689034461975,0.47899550199508667,-0.046432025730609894,0.0,0.0,0.0,0.0,0.0,0.0,0.0,0.0,0.0,0.0,0.0,0.0,0.0,0.0,0.0,0.0,0.0,0.0,0.0,0.0,0.0,0.0,0.0,0.0,0.0,0.0,0.0,0.0,0.0,0.0,0.0,0.0,0.0,0.0,0.0,0.0,0.0,0.0,0.0,0.0,0.0,0.0,0.0,0.0,0.0,0.0,0.0,0.0,0.0,0.0,0.0,0.0,0.0,0.0,0.0,0.0,0.0,0.0,0.0,0.0,0.0,0.0,0.0
YES,0.2830074727535248,0.5924546718597412,3.882879013872298e-07,0.3264999985694885,0.5483405590057373,-0.009557928889989853,0.34756502509117126,0.48721781373023987,-0.013977842405438423,0.36014994978904724,0.4358188807964325,-0.021387308835983276,0.3827034831047058,0.4030722677707672,-0.028619036078453064,0.3414659798145294,0.43837210536003113,0.0032392418943345547,0.3697342276573181,0.40199533104896545,-0.012120556086301804,0.38981834053993225,0.3807918429374695,-0.024280576035380363,0.40901392698287964,0.35768651962280273,-0.03272956237196922,0.3169706463813782,0.42743951082229614,-0.0015014780219644308,0.34291622042655945,0.3921595513820648,-0.019700350239872932,0.36617910861968994,0.37954485416412354,-0.028744205832481384,0.3880307972431183,0.36225876212120056,-0.033832475543022156,0.28608229756355286,0.4282246232032776,-0.009544064290821552,0.30678999423980713,0.39470797777175903,-0.04038244113326073,0.3109937906265259,0.44352811574935913,-0.042891815304756165,0.31253582239151,0.4835178852081299,-0.036910317838191986,0.25174909830093384,0.44123122096061707,-0.01802007667720318,0.27074313163757324,0.4207924008369446,-0.04485522583127022,0.28732648491859436,0.4548552632331848,-0.047246966511011124,0.2970980703830719,0.48619207739830017,-0.04341890662908554,0.0,0.0,0.0,0.0,0.0,0.0,0.0,0.0,0.0,0.0,0.0,0.0,0.0,0.0,0.0,0.0,0.0,0.0,0.0,0.0,0.0,0.0,0.0,0.0,0.0,0.0,0.0,0.0,0.0,0.0,0.0,0.0,0.0,0.0,0.0,0.0,0.0,0.0,0.0,0.0,0.0,0.0,0.0,0.0,0.0,0.0,0.0,0.0,0.0,0.0,0.0,0.0,0.0,0.0,0.0,0.0,0.0,0.0,0.0,0.0,0.0,0.0,0.0
YES,0.34756436944007874,0.5621340870857239,6.93246647642809e-07,0.38973790407180786,0.5377646088600159,-0.017543988302350044,0.42891451716423035,0.47824081778526306,-0.028022637590765953,0.467241108417511,0.44438374042510986,-0.0400446280837059,0.5058220624923706,0.4292747378349304,-0.05237733572721481,0.4120755195617676,0.41056492924690247,-0.022777613252401352,0.4466209411621094,0.34882035851478577,-0.045609649270772934,0.46578943729400635,0.3026597499847412,-0.0579858161509037,0.47998955845832825,0.26416635513305664,-0.06415349245071411,0.3833402395248413,0.40166279673576355,-0.027902161702513695,0.4201316237449646,0.33855533599853516,-0.05509929731488228,0.4482954740524292,0.2935650050640106,-0.06730704754590988,0.47076964378356934,0.25340884923934937,-0.07071947306394577,0.3492740988731384,0.40744727849960327,-0.03519792854785919,0.3762751519680023,0.38952016830444336,-0.07317754626274109,0.38512638211250305,0.44268861413002014,-0.07753630727529526,0.38894525170326233,0.4843425154685974,-0.06831115484237671,0.3151201009750366,0.4258468449115753,-0.04322090744972229,0.3424437344074249,0.4165310561656952,-0.071433886885643,0.36136072874069214,0.45381635427474976,-0.07121625542640686,0.3726520240306854,0.48514825105667114,-0.06291259080171585,0.33565449714660645,0.5849186778068542,6.653542072854179e-07,0.3795382082462311,0.5473901629447937,-0.009099617600440979,0.41179922223091125,0.4884359836578369,-0.0133132953196764,0.4351789951324463,0.45096224546432495,-0.02099001593887806,0.4586404263973236,0.4276279807090759,-0.028403688222169876,0.39863407611846924,0.42080414295196533,0.0005754481535404921,0.4253356456756592,0.371881902217865,-0.016822943463921547,0.44563809037208557,0.33718007802963257,-0.028645627200603485,0.4624375104904175,0.3080490529537201,-0.034561797976493835,0.3723183870315552,0.40829357504844666,-0.005590935703366995,0.40520617365837097,0.3565676212310791,-0.025038136169314384,0.42764604091644287,0.3228256404399872,-0.03619074821472168,0.44747304916381836,0.2947835326194763,-0.039670854806900024,0.3397732973098755,0.407600075006485,-0.01441202312707901,0.3709770739078522,0.3925204873085022,-0.04389169067144394,0.3832334876060486,0.4403526782989502,-0.047923099249601364,0.3914037048816681,0.479990154504776,-0.04066518694162369,0.3039894104003906,0.4214211106300354,-0.02382073737680912,0.3357936441898346,0.41740158200263977,-0.04707799106836319,0.35750412940979004,0.45521268248558044,-0.046512264758348465,0.3719449043273926,0.48750168085098267,-0.03863062709569931
YES,0.34783217310905457,0.5883092880249023,6.034256330167409e-07,0.3948264420032501,0.5445297956466675,-0.006970132701098919,0.4256855249404907,0.47503966093063354,-0.01132037304341793,0.4498228430747986,0.42171549797058105,-0.019411437213420868,0.47892996668815613,0.38859307765960693,-0.02763659879565239,0.41184258460998535,0.4291800558567047,-0.0003802878491114825,0.44643253087997437,0.3845626413822174,-0.01952839270234108,0.4746461808681488,0.3586355149745941,-0.03285197168588638,0.5011842846870422,0.334964394569397,-0.040713172405958176,0.38862666487693787,0.41989666223526,-0.006764727644622326,0.4297407865524292,0.3754741847515106,-0.028327517211437225,0.46398088335990906,0.35209518671035767,-0.03858219087123871,0.4942489266395569,0.32686474919319153,-0.043307337909936905,0.3579570949077606,0.42080792784690857,-0.015734799206256866,0.39033687114715576,0.38329046964645386,-0.048100389540195465,0.39120998978614807,0.4349882900714874,-0.04859846085309982,0.38807421922683716,0.4769974946975708,-0.03972281515598297,0.32323241233825684,0.4332565665245056,-0.024958563968539238,0.3547813296318054,0.4153277277946472,-0.05190584808588028,0.37399083375930786,0.4523785412311554,-0.05209651589393616,0.3832024931907654,0.48540323972702026,-0.04537537693977356,0.0,0.0,0.0,0.0,0.0,0.0,0.0,0.0,0.0,0.0,0.0,0.0,0.0,0.0,0.0,0.0,0.0,0.0,0.0,0.0,0.0,0.0,0.0,0.0,0.0,0.0,0.0,0.0,0.0,0.0,0.0,0.0,0.0,0.0,0.0,0.0,0.0,0.0,0.0,0.0,0.0,0.0,0.0,0.0,0.0,0.0,0.0,0.0,0.0,0.0,0.0,0.0,0.0,0.0,0.0,0.0,0.0,0.0,0.0,0.0,0.0,0.0,0.0
YES,0.30545735359191895,0.8206528425216675,4.986744102097873e-07,0.34275996685028076,0.7835394144058228,-0.01142988633364439,0.3693351745605469,0.7242107391357422,-0.01844079978764057,0.39426761865615845,0.6881888508796692,-0.027602674439549446,0.4248470962047577,0.6721572279930115,-0.03727587312459946,0.35327523946762085,0.666877269744873,-0.018531322479248047,0.3742353618144989,0.6054620742797852,-0.03648937866091728,0.3822985291481018,0.5645611882209778,-0.04525771364569664,0.3900235891342163,0.5273728966712952,-0.049480900168418884,0.3237651288509369,0.6624076962471008,-0.023336492478847504,0.3445448875427246,0.6049396991729736,-0.0463842935860157,0.3592875003814697,0.5636901259422302,-0.05597027763724327,0.37292924523353577,0.5279279947280884,-0.0580742321908474,0.2925397455692291,0.6724554300308228,-0.029013274237513542,0.30930352210998535,0.6618057489395142,-0.06117940694093704,0.32020583748817444,0.7122588157653809,-0.0634593814611435,0.32823479175567627,0.7525063753128052,-0.05406278371810913,0.26324939727783203,0.6939489841461182,-0.03509644791483879,0.28006818890571594,0.6897925734519958,-0.05869713053107262,0.29750460386276245,0.723858118057251,-0.057119712233543396,0.3089621663093567,0.7536800503730774,-0.04847976937890053,0.0,0.0,0.0,0.0,0.0,0.0,0.0,0.0,0.0,0.0,0.0,0.0,0.0,0.0,0.0,0.0,0.0,0.0,0.0,0.0,0.0,0.0,0.0,0.0,0.0,0.0,0.0,0.0,0.0,0.0,0.0,0.0,0.0,0.0,0.0,0.0,0.0,0.0,0.0,0.0,0.0,0.0,0.0,0.0,0.0,0.0,0.0,0.0,0.0,0.0,0.0,0.0,0.0,0.0,0.0,0.0,0.0,0.0,0.0,0.0,0.0,0.0,0.0
YES,0.29452943801879883,0.8412826061248779,3.731482536295516e-07,0.33281126618385315,0.7927203178405762,-0.011554745957255363,0.34763041138648987,0.7288352251052856,-0.016582410782575607,0.35278913378715515,0.6766417026519775,-0.02402937412261963,0.36907845735549927,0.6386175751686096,-0.03127724304795265,0.3383062779903412,0.6845795512199402,0.0003984707873314619,0.3592439293861389,0.6457180976867676,-0.015975261107087135,0.37387505173683167,0.6221297979354858,-0.0279200728982687,0.3877544701099396,0.5966811180114746,-0.035530123859643936,0.3133181631565094,0.6800370216369629,-0.003324702149257064,0.3350445628166199,0.6416116952896118,-0.023727955296635628,0.35525068640708923,0.6227450370788574,-0.03330915793776512,0.3741951584815979,0.6006054878234863,-0.03740878403186798,0.2843262255191803,0.6870772838592529,-0.010228503495454788,0.3033977448940277,0.656663715839386,-0.0420340970158577,0.31073933839797974,0.7093365788459778,-0.04223465919494629,0.3152411878108978,0.7493973970413208,-0.033346403390169144,0.2545296847820282,0.7060431838035583,-0.017812641337513924,0.2723143696784973,0.6861046552658081,-0.04375771805644035,0.2895367443561554,0.7207325100898743,-0.04329805448651314,0.2997598648071289,0.7506413459777832,-0.03650091215968132,0.0,0.0,0.0,0.0,0.0,0.0,0.0,0.0,0.0,0.0,0.0,0.0,0.0,0.0,0.0,0.0,0.0,0.0,0.0,0.0,0.0,0.0,0.0,0.0,0.0,0.0,0.0,0.0,0.0,0.0,0.0,0.0,0.0,0.0,0.0,0.0,0.0,0.0,0.0,0.0,0.0,0.0,0.0,0.0,0.0,0.0,0.0,0.0,0.0,0.0,0.0,0.0,0.0,0.0,0.0,0.0,0.0,0.0,0.0,0.0,0.0,0.0,0.0
YES,0.2972262501716614,0.843873143196106,4.160517050877388e-07,0.33235836029052734,0.8004025816917419,-0.008455255068838596,0.3482993245124817,0.7402553558349609,-0.012682861648499966,0.35501134395599365,0.6926283836364746,-0.019287334755063057,0.3706718385219574,0.6582892537117004,-0.02568204700946808,0.3353772461414337,0.6952528953552246,0.00011030153837054968,0.35636115074157715,0.6573135852813721,-0.015066991560161114,0.37279677391052246,0.6339291930198669,-0.02596156671643257,0.38963234424591064,0.6107511520385742,-0.032610613852739334,0.3119466304779053,0.689484715461731,-0.0038365523796528578,0.33232423663139343,0.6529185771942139,-0.021932430565357208,0.35334673523902893,0.6351292133331299,-0.029847562313079834,0.3733241558074951,0.6152145266532898,-0.03294450417160988,0.2837115228176117,0.6948623657226562,-0.010221285745501518,0.30116456747055054,0.6629738211631775,-0.038666222244501114,0.3089379072189331,0.7134333252906799,-0.03810812532901764,0.31363967061042786,0.753546953201294,-0.029497364535927773,0.25441470742225647,0.7122997045516968,-0.01693877764046192,0.2710528075695038,0.6972331404685974,-0.04108566790819168,0.2887226939201355,0.731975257396698,-0.04053408280014992,0.2990129292011261,0.761768639087677,-0.033763084560632706,0.0,0.0,0.0,0.0,0.0,0.0,0.0,0.0,0.0,0.0,0.0,0.0,0.0,0.0,0.0,0.0,0.0,0.0,0.0,0.0,0.0,0.0,0.0,0.0,0.0,0.0,0.0,0.0,0.0,0.0,0.0,0.0,0.0,0.0,0.0,0.0,0.0,0.0,0.0,0.0,0.0,0.0,0.0,0.0,0.0,0.0,0.0,0.0,0.0,0.0,0.0,0.0,0.0,0.0,0.0,0.0,0.0,0.0,0.0,0.0,0.0,0.0,0.0
YES,0.3983165919780731,0.8838536739349365,6.153318850010692e-07,0.4434167146682739,0.8544259071350098,-0.007651904132217169,0.4827010929584503,0.8029438257217407,-0.018173150718212128,0.5184800624847412,0.7753415107727051,-0.032081663608551025,0.5563536882400513,0.7657635807991028,-0.04698304831981659,0.4568551182746887,0.7282840609550476,-0.01527400128543377,0.4942529797554016,0.6994633674621582,-0.039456356316804886,0.5201822519302368,0.675646960735321,-0.055058594793081284,0.545127809047699,0.6548649668693542,-0.06417679041624069,0.4292226731777191,0.7180333733558655,-0.02427677810192108,0.47793149948120117,0.6957479119300842,-0.05317911505699158,0.5109939575195312,0.6788905262947083,-0.06710340082645416,0.5394576787948608,0.6606439352035522,-0.07218670099973679,0.39936694502830505,0.7242726683616638,-0.034311842173337936,0.4462210536003113,0.7449450492858887,-0.06729498505592346,0.4466729164123535,0.7961227893829346,-0.06932448595762253,0.44333261251449585,0.8289697766304016,-0.06134624779224396,0.37214750051498413,0.7464139461517334,-0.04498258978128433,0.4091097116470337,0.7719197273254395,-0.06867638975381851,0.42708927392959595,0.8098651170730591,-0.06823533773422241,0.438149094581604,0.8349025249481201,-0.06108712777495384,0.34222525358200073,0.86351478099823,9.412210744130789e-08,0.3496212959289551,0.8291545510292053,-0.003004546510055661,0.35243695974349976,0.7760860323905945,-0.006692057941108942,0.3506610691547394,0.7358505725860596,-0.012546461075544357,0.35588109493255615,0.7098327279090881,-0.01820831187069416,0.34596961736679077,0.7107475399971008,-0.0020348411053419113,0.36410337686538696,0.6677521467208862,-0.011306418105959892,0.37550485134124756,0.6440322995185852,-0.01663622260093689,0.3857448995113373,0.6280443072319031,-0.020221803337335587,0.344501793384552,0.7083713412284851,-0.007227927912026644,0.379991739988327,0.702225387096405,-0.016326725482940674,0.39718130230903625,0.706738293170929,-0.018384460359811783,0.412663072347641,0.7096580862998962,-0.017652859911322594,0.3459993898868561,0.7196856737136841,-0.013913541100919247,0.3881992995738983,0.7225602269172668,-0.027173839509487152,0.41068926453590393,0.7209299802780151,-0.02964792028069496,0.4327043890953064,0.7196714878082275,-0.029289711266756058,0.3467203378677368,0.7418192028999329,-0.02111436240375042,0.38305938243865967,0.7597483396530151,-0.03392782062292099,0.4003404378890991,0.7831219434738159,-0.03502233326435089,0.416194349527359,0.8028861284255981,-0.03314501419663429
YES,0.38439425826072693,0.8929836750030518,-4.7934353375467253e-08,0.42887234687805176,0.8523309230804443,-0.003819323144853115,0.456315815448761,0.7939513921737671,-0.008761783130466938,0.4745950698852539,0.7527942657470703,-0.01661178469657898,0.4974197745323181,0.7239747047424316,-0.02406938560307026,0.4301310181617737,0.7110736966133118,0.0028406823985278606,0.4624921381473541,0.70392906665802,-0.014593787491321564,0.486971914768219,0.7075649499893188,-0.028624456375837326,0.5078495740890503,0.7089133262634277,-0.037794798612594604,0.40483957529067993,0.7050841450691223,-0.005009034648537636,0.45138493180274963,0.7095664739608765,-0.026612538844347,0.4551169276237488,0.7479458451271057,-0.03585370257496834,0.44976961612701416,0.7649096846580505,-0.03737612068653107,0.3800845444202423,0.7140488624572754,-0.014874097891151905,0.4287428855895996,0.7227904796600342,-0.03927009180188179,0.43692660331726074,0.7722155451774597,-0.039644911885261536,0.43565699458122253,0.8012070655822754,-0.03302543982863426,0.3566437363624573,0.7371737957000732,-0.025476058945059776,0.40064406394958496,0.7539182305335999,-0.0444764718413353,0.42370766401290894,0.7886466979980469,-0.0441790446639061,0.4350428581237793,0.809834897518158,-0.038179900497198105,0.0,0.0,0.0,0.0,0.0,0.0,0.0,0.0,0.0,0.0,0.0,0.0,0.0,0.0,0.0,0.0,0.0,0.0,0.0,0.0,0.0,0.0,0.0,0.0,0.0,0.0,0.0,0.0,0.0,0.0,0.0,0.0,0.0,0.0,0.0,0.0,0.0,0.0,0.0,0.0,0.0,0.0,0.0,0.0,0.0,0.0,0.0,0.0,0.0,0.0,0.0,0.0,0.0,0.0,0.0,0.0,0.0,0.0,0.0,0.0,0.0,0.0,0.0
YES,0.42019766569137573,0.8820580244064331,6.917469477230043e-07,0.46560290455818176,0.8532845973968506,-0.007408494129776955,0.5016889572143555,0.803240180015564,-0.01570768840610981,0.5295981168746948,0.7715288996696472,-0.02723810262978077,0.5555235743522644,0.7494502663612366,-0.03871285170316696,0.48257943987846375,0.7173616290092468,-0.008363764733076096,0.513741672039032,0.6751992106437683,-0.030156219378113747,0.5385043621063232,0.6417046189308167,-0.04398509860038757,0.5582256317138672,0.6161445379257202,-0.050813380628824234,0.45429354906082153,0.7089248895645142,-0.016969334334135056,0.49910447001457214,0.6699846386909485,-0.04156388342380524,0.5320884585380554,0.648270845413208,-0.05341210961341858,0.5586141347885132,0.6329216957092285,-0.05556446313858032,0.4245023727416992,0.7150659561157227,-0.02721090242266655,0.4726296365261078,0.7346978187561035,-0.05623757839202881,0.48583629727363586,0.7820628881454468,-0.05808398127555847,0.4918122887611389,0.8173810839653015,-0.049302857369184494,0.3964592516422272,0.7379001975059509,-0.038447655737400055,0.44070205092430115,0.7643737196922302,-0.05894608050584793,0.46278026700019836,0.8013371825218201,-0.056687358766794205,0.4752945303916931,0.8279770016670227,-0.047603778541088104,0.0,0.0,0.0,0.0,0.0,0.0,0.0,0.0,0.0,0.0,0.0,0.0,0.0,0.0,0.0,0.0,0.0,0.0,0.0,0.0,0.0,0.0,0.0,0.0,0.0,0.0,0.0,0.0,0.0,0.0,0.0,0.0,0.0,0.0,0.0,0.0,0.0,0.0,0.0,0.0,0.0,0.0,0.0,0.0,0.0,0.0,0.0,0.0,0.0,0.0,0.0,0.0,0.0,0.0,0.0,0.0,0.0,0.0,0.0,0.0,0.0,0.0,0.0
YES,0.3936803340911865,0.8966164588928223,6.479777994172764e-07,0.4380064904689789,0.8608355522155762,-0.008815041743218899,0.4754384756088257,0.7986017465591431,-0.01785890944302082,0.5095064043998718,0.7574591040611267,-0.02957065775990486,0.5468074679374695,0.7334165573120117,-0.04200783371925354,0.4528658986091614,0.7261292338371277,-0.015954453498125076,0.4890904128551483,0.6864162683486938,-0.03886755183339119,0.5127655267715454,0.6541314125061035,-0.052684009075164795,0.5327591300010681,0.6239781379699707,-0.06078726053237915,0.42432570457458496,0.7158617973327637,-0.02457430586218834,0.47262853384017944,0.6816076040267944,-0.05080513283610344,0.5042189359664917,0.6585814952850342,-0.0629519373178482,0.5297583341598511,0.632149338722229,-0.06740265339612961,0.393622487783432,0.7228917479515076,-0.03456500545144081,0.43747207522392273,0.7324948310852051,-0.06844373792409897,0.43979591131210327,0.7802858352661133,-0.07221028208732605,0.4369123578071594,0.8095059394836426,-0.06565198302268982,0.36610448360443115,0.7472841143608093,-0.04501501843333244,0.4033481478691101,0.768893837928772,-0.07111526280641556,0.4226877689361572,0.809327244758606,-0.0725017637014389,0.4338904321193695,0.8361257910728455,-0.06669705361127853,0.0,0.0,0.0,0.0,0.0,0.0,0.0,0.0,0.0,0.0,0.0,0.0,0.0,0.0,0.0,0.0,0.0,0.0,0.0,0.0,0.0,0.0,0.0,0.0,0.0,0.0,0.0,0.0,0.0,0.0,0.0,0.0,0.0,0.0,0.0,0.0,0.0,0.0,0.0,0.0,0.0,0.0,0.0,0.0,0.0,0.0,0.0,0.0,0.0,0.0,0.0,0.0,0.0,0.0,0.0,0.0,0.0,0.0,0.0,0.0,0.0,0.0,0.0
YES,0.29535311460494995,0.8447170257568359,4.1259315253228124e-07,0.33223846554756165,0.791110098361969,-0.008607137948274612,0.3493243157863617,0.7147377729415894,-0.009909341111779213,0.35888391733169556,0.6608791947364807,-0.013397743925452232,0.3757874667644501,0.6259207725524902,-0.01728682592511177,0.3345882296562195,0.6868224740028381,-9.078676521312445e-05,0.35213392972946167,0.647406280040741,-0.016645781695842743,0.3710923194885254,0.6228562593460083,-0.029343033209443092,0.39092376828193665,0.5982900261878967,-0.03714112564921379,0.30905213952064514,0.6855276226997375,-0.0038341660983860493,0.3319823741912842,0.6450369358062744,-0.02208421379327774,0.3554905652999878,0.6224377751350403,-0.03105934150516987,0.37740960717201233,0.5978756546974182,-0.0348234698176384,0.2793393135070801,0.6973416209220886,-0.01020351704210043,0.29192692041397095,0.6607180833816528,-0.03863668814301491,0.3018535077571869,0.7086100578308105,-0.0383407287299633,0.3093336224555969,0.7443494200706482,-0.0300896093249321,0.2486330270767212,0.7199477553367615,-0.017007561400532722,0.26322367787361145,0.6938650608062744,-0.040958207100629807,0.28091177344322205,0.7287008762359619,-0.039010483771562576,0.29168936610221863,0.7577840089797974,-0.031548354774713516,0.0,0.0,0.0,0.0,0.0,0.0,0.0,0.0,0.0,0.0,0.0,0.0,0.0,0.0,0.0,0.0,0.0,0.0,0.0,0.0,0.0,0.0,0.0,0.0,0.0,0.0,0.0,0.0,0.0,0.0,0.0,0.0,0.0,0.0,0.0,0.0,0.0,0.0,0.0,0.0,0.0,0.0,0.0,0.0,0.0,0.0,0.0,0.0,0.0,0.0,0.0,0.0,0.0,0.0,0.0,0.0,0.0,0.0,0.0,0.0,0.0,0.0,0.0
YES,0.24848046898841858,0.8263654708862305,5.929973099227936e-07,0.2811850309371948,0.7860531806945801,-0.015169583261013031,0.29158252477645874,0.7224052548408508,-0.020691074430942535,0.2967374622821808,0.6704906225204468,-0.026759473606944084,0.310566782951355,0.6333487629890442,-0.03229253366589546,0.2850671112537384,0.6722474098205566,-0.010098222643136978,0.29394301772117615,0.607001543045044,-0.025183314457535744,0.2977311313152313,0.564747154712677,-0.03443215414881706,0.3000486493110657,0.5252324938774109,-0.039613690227270126,0.2569388449192047,0.6682215929031372,-0.012659314088523388,0.26540738344192505,0.6024961471557617,-0.03289743512868881,0.2698901295661926,0.5590934753417969,-0.04446786269545555,0.2720033824443817,0.5195378065109253,-0.048756178468465805,0.2281588762998581,0.6798532009124756,-0.016761120408773422,0.22454401850700378,0.6397070288658142,-0.04614223167300224,0.2332136631011963,0.686954915523529,-0.04704428091645241,0.24030441045761108,0.7225303649902344,-0.03774620592594147,0.20071637630462646,0.7037997841835022,-0.02158409357070923,0.1993403136730194,0.6740407943725586,-0.04506101459264755,0.2129201889038086,0.7045168280601501,-0.04201582446694374,0.22206702828407288,0.7317410111427307,-0.032423634082078934,0.0,0.0,0.0,0.0,0.0,0.0,0.0,0.0,0.0,0.0,0.0,0.0,0.0,0.0,0.0,0.0,0.0,0.0,0.0,0.0,0.0,0.0,0.0,0.0,0.0,0.0,0.0,0.0,0.0,0.0,0.0,0.0,0.0,0.0,0.0,0.0,0.0,0.0,0.0,0.0,0.0,0.0,0.0,0.0,0.0,0.0,0.0,0.0,0.0,0.0,0.0,0.0,0.0,0.0,0.0,0.0,0.0,0.0,0.0,0.0,0.0,0.0,0.0
WATER,0.4566766321659088,0.9509583711624146,2.816497044477728e-07,0.5053383111953735,0.9043631553649902,0.007470904849469662,0.5304540395736694,0.8487259149551392,0.008293336257338524,0.5476935505867004,0.809029221534729,0.0051474845968186855,0.5537399053573608,0.7804006338119507,0.0020406001713126898,0.4864499270915985,0.7687904834747314,0.003523762570694089,0.5047730803489685,0.6935087442398071,-0.005483915098011494,0.514193594455719,0.6420425772666931,-0.011539621278643608,0.5161364674568176,0.600677490234375,-0.01650070771574974,0.47281062602996826,0.7740872502326965,-0.01465147826820612,0.4969533681869507,0.6841562390327454,-0.03434047847986221,0.511707067489624,0.6273486614227295,-0.04637441411614418,0.517784595489502,0.5822751522064209,-0.051292672753334045,0.4648926854133606,0.7962337136268616,-0.032248593866825104,0.5097276568412781,0.7200495600700378,-0.05547983944416046,0.5391851663589478,0.6816627383232117,-0.06349281966686249,0.5577916502952576,0.6452077627182007,-0.06468163430690765,0.467688649892807,0.8383020162582397,-0.048507463186979294,0.515231728553772,0.7824556231498718,-0.06357278674840927,0.5382919311523438,0.7985690236091614,-0.05798625200986862,0.5502219796180725,0.825016975402832,-0.051020704209804535,0.0,0.0,0.0,0.0,0.0,0.0,0.0,0.0,0.0,0.0,0.0,0.0,0.0,0.0,0.0,0.0,0.0,0.0,0.0,0.0,0.0,0.0,0.0,0.0,0.0,0.0,0.0,0.0,0.0,0.0,0.0,0.0,0.0,0.0,0.0,0.0,0.0,0.0,0.0,0.0,0.0,0.0,0.0,0.0,0.0,0.0,0.0,0.0,0.0,0.0,0.0,0.0,0.0,0.0,0.0,0.0,0.0,0.0,0.0,0.0,0.0,0.0,0.0
WATER,0.442575067281723,0.9609085321426392,3.4784153513101046e-07,0.46588289737701416,0.922684907913208,-0.021312743425369263,0.4707910120487213,0.8691749572753906,-0.027334559708833694,0.4412413239479065,0.8283982872962952,-0.0312565341591835,0.41062110662460327,0.8007984161376953,-0.03485146537423134,0.4784654676914215,0.7861104607582092,-0.006679334677755833,0.48382246494293213,0.7178648114204407,-0.013200431130826473,0.48937082290649414,0.6783719062805176,-0.020691048353910446,0.4937783479690552,0.6405304670333862,-0.02736532688140869,0.45108142495155334,0.7831308245658875,-0.005969110876321793,0.4469199478626251,0.706368088722229,-0.012156456708908081,0.44456616044044495,0.6663534641265869,-0.021090252324938774,0.44410550594329834,0.629230797290802,-0.027848076075315475,0.42811280488967896,0.7971428036689758,-0.00833637360483408,0.4150637984275818,0.7386460900306702,-0.021702107042074203,0.40786999464035034,0.7044749855995178,-0.03427331522107124,0.4024018347263336,0.6717430949211121,-0.042543333023786545,0.410795122385025,0.8233221173286438,-0.012596651911735535,0.4063333570957184,0.7913364171981812,-0.027553929015994072,0.41122210025787354,0.8130853176116943,-0.030435390770435333,0.41622281074523926,0.8377227187156677,-0.031069064512848854,0.0,0.0,0.0,0.0,0.0,0.0,0.0,0.0,0.0,0.0,0.0,0.0,0.0,0.0,0.0,0.0,0.0,0.0,0.0,0.0,0.0,0.0,0.0,0.0,0.0,0.0,0.0,0.0,0.0,0.0,0.0,0.0,0.0,0.0,0.0,0.0,0.0,0.0,0.0,0.0,0.0,0.0,0.0,0.0,0.0,0.0,0.0,0.0,0.0,0.0,0.0,0.0,0.0,0.0,0.0,0.0,0.0,0.0,0.0,0.0,0.0,0.0,0.0
WATER,0.5043213367462158,0.9663952589035034,2.9234936960165214e-07,0.4869140386581421,0.8975904583930969,0.009383117780089378,0.502066969871521,0.843482255935669,0.011024425737559795,0.531466007232666,0.8211541771888733,0.012898714281618595,0.5535891652107239,0.8146064877510071,0.013805356808006763,0.5118149518966675,0.8206340670585632,-0.01605004258453846,0.5334004163742065,0.7426289916038513,-0.019947631284594536,0.5449420809745789,0.6975321173667908,-0.018340125679969788,0.5516902804374695,0.6609505414962769,-0.016376204788684845,0.5413888096809387,0.8406941294670105,-0.023707794025540352,0.5726808309555054,0.7611131072044373,-0.03566755726933479,0.5904736518859863,0.7126299142837524,-0.03900328651070595,0.6012232303619385,0.6754504442214966,-0.038525667041540146,0.564959704875946,0.8679109215736389,-0.027811171486973763,0.6003569960594177,0.808688223361969,-0.037992924451828,0.6166448593139648,0.7710127830505371,-0.04004144296050072,0.6271111369132996,0.7434791326522827,-0.03837607055902481,0.5786906480789185,0.8982272148132324,-0.029377130791544914,0.5909878611564636,0.8494940996170044,-0.02808324620127678,0.5789323449134827,0.8466781377792358,-0.017412913963198662,0.5681328773498535,0.8554655313491821,-0.008627234026789665,0.0,0.0,0.0,0.0,0.0,0.0,0.0,0.0,0.0,0.0,0.0,0.0,0.0,0.0,0.0,0.0,0.0,0.0,0.0,0.0,0.0,0.0,0.0,0.0,0.0,0.0,0.0,0.0,0.0,0.0,0.0,0.0,0.0,0.0,0.0,0.0,0.0,0.0,0.0,0.0,0.0,0.0,0.0,0.0,0.0,0.0,0.0,0.0,0.0,0.0,0.0,0.0,0.0,0.0,0.0,0.0,0.0,0.0,0.0,0.0,0.0,0.0,0.0
WATER,0.5503016710281372,0.9877824783325195,3.0005944040567556e-07,0.5376994013786316,0.9119307994842529,0.0043587349355220795,0.559358537197113,0.8538925051689148,0.0032549756579101086,0.5939707159996033,0.8317517042160034,0.004195434041321278,0.6219946146011353,0.8228603601455688,0.004288514610379934,0.5721268057823181,0.837033748626709,-0.028986677527427673,0.6033612489700317,0.7620729804039001,-0.03412299603223801,0.6195060610771179,0.7186190485954285,-0.03271530941128731,0.6307870745658875,0.6821585297584534,-0.03083503618836403,0.6013925075531006,0.8656178116798401,-0.03381284698843956,0.6394702196121216,0.7871159911155701,-0.04484205320477486,0.6636360883712769,0.7413743734359741,-0.04904067888855934,0.6815155744552612,0.707298994064331,-0.05062751844525337,0.6247427463531494,0.8975723385810852,-0.03465651348233223,0.6671727895736694,0.8434044718742371,-0.045247625559568405,0.6894794702529907,0.8076663017272949,-0.050574932247400284,0.7047586441040039,0.7833749651908875,-0.0521351620554924,0.6381098628044128,0.9287736415863037,-0.032977692782878876,0.6542022824287415,0.883292019367218,-0.03330473229289055,0.6449063420295715,0.8779565691947937,-0.025525817647576332,0.6369535326957703,0.8831905722618103,-0.01941211335361004,0.0,0.0,0.0,0.0,0.0,0.0,0.0,0.0,0.0,0.0,0.0,0.0,0.0,0.0,0.0,0.0,0.0,0.0,0.0,0.0,0.0,0.0,0.0,0.0,0.0,0.0,0.0,0.0,0.0,0.0,0.0,0.0,0.0,0.0,0.0,0.0,0.0,0.0,0.0,0.0,0.0,0.0,0.0,0.0,0.0,0.0,0.0,0.0,0.0,0.0,0.0,0.0,0.0,0.0,0.0,0.0,0.0,0.0,0.0,0.0,0.0,0.0,0.0
WATER,0.5072992444038391,0.9878666400909424,8.076700908077328e-08,0.49885329604148865,0.9139836430549622,0.020817894488573074,0.518803596496582,0.8586182594299316,0.028143810108304024,0.5427263379096985,0.8302937746047974,0.032022710889577866,0.5632761120796204,0.8204576969146729,0.035578012466430664,0.5129705667495728,0.8307564854621887,0.007544251624494791,0.52863609790802,0.7481063604354858,0.006535164080560207,0.5358831286430359,0.7017651796340942,0.010019127279520035,0.5417272448539734,0.668493926525116,0.013661541976034641,0.5301979780197144,0.8416247367858887,-0.005239625461399555,0.5520399212837219,0.7458648681640625,-0.013543212786316872,0.5649985074996948,0.6934970617294312,-0.014585674740374088,0.5743055939674377,0.6534534096717834,-0.012050076387822628,0.5507811903953552,0.8620124459266663,-0.015165266580879688,0.5867611169815063,0.7883445024490356,-0.02178622968494892,0.6020186543464661,0.7501958012580872,-0.022214533761143684,0.6128420233726501,0.7204893231391907,-0.019497301429510117,0.5684763789176941,0.8913325667381287,-0.02235751412808895,0.5961124300956726,0.8351015448570251,-0.016575971618294716,0.5901853442192078,0.8332347273826599,-0.004039902240037918,0.5836018323898315,0.841425359249115,0.005687393713742495,0.0,0.0,0.0,0.0,0.0,0.0,0.0,0.0,0.0,0.0,0.0,0.0,0.0,0.0,0.0,0.0,0.0,0.0,0.0,0.0,0.0,0.0,0.0,0.0,0.0,0.0,0.0,0.0,0.0,0.0,0.0,0.0,0.0,0.0,0.0,0.0,0.0,0.0,0.0,0.0,0.0,0.0,0.0,0.0,0.0,0.0,0.0,0.0,0.0,0.0,0.0,0.0,0.0,0.0,0.0,0.0,0.0,0.0,0.0,0.0,0.0,0.0,0.0
WATER,0.4874277710914612,1.011012315750122,3.2111603331941296e-07,0.534642219543457,0.9596013426780701,0.004761298652738333,0.5551611185073853,0.9076677560806274,0.0026212926022708416,0.5688409805297852,0.8754733800888062,-0.0029423560481518507,0.5717377662658691,0.8589001893997192,-0.007459347601979971,0.508067786693573,0.8391768932342529,-0.002872139448300004,0.5362821817398071,0.7748600840568542,-0.012404445558786392,0.5507917404174805,0.7327658534049988,-0.01851407252252102,0.5584477186203003,0.6978383660316467,-0.02325034700334072,0.4941834509372711,0.8477489948272705,-0.018808219581842422,0.5164198875427246,0.7610109448432922,-0.03811447694897652,0.532397449016571,0.7091164588928223,-0.04943675175309181,0.5412090420722961,0.6681033372879028,-0.05479978397488594,0.4899013638496399,0.870387613773346,-0.03393847495317459,0.5277178883552551,0.8049226999282837,-0.0544927716255188,0.554964005947113,0.7805471420288086,-0.05938662961125374,0.5706756114959717,0.7569455504417419,-0.05867249518632889,0.498809278011322,0.9078310132026672,-0.04842529073357582,0.536460280418396,0.8523781895637512,-0.058644287288188934,0.5601741075515747,0.8640944957733154,-0.051945146173238754,0.5725943446159363,0.8860466480255127,-0.04504464194178581,0.0,0.0,0.0,0.0,0.0,0.0,0.0,0.0,0.0,0.0,0.0,0.0,0.0,0.0,0.0,0.0,0.0,0.0,0.0,0.0,0.0,0.0,0.0,0.0,0.0,0.0,0.0,0.0,0.0,0.0,0.0,0.0,0.0,0.0,0.0,0.0,0.0,0.0,0.0,0.0,0.0,0.0,0.0,0.0,0.0,0.0,0.0,0.0,0.0,0.0,0.0,0.0,0.0,0.0,0.0,0.0,0.0,0.0,0.0,0.0,0.0,0.0,0.0
WATER,0.49257683753967285,1.0554020404815674,5.755766210313595e-07,0.5227044820785522,0.9990123510360718,-0.0033263994846493006,0.5627425909042358,0.9501829743385315,-0.019434960559010506,0.6077688932418823,0.9390090107917786,-0.03893690183758736,0.6295005083084106,0.9465770721435547,-0.06010795384645462,0.5342943668365479,0.8851023316383362,-0.03723614662885666,0.571862518787384,0.8003312349319458,-0.0607905313372612,0.589485764503479,0.751164436340332,-0.07452627271413803,0.5985827445983887,0.7077891230583191,-0.08372828364372253,0.5249292254447937,0.9075736403465271,-0.056063808500766754,0.5630497932434082,0.80997633934021,-0.08755998313426971,0.5848989486694336,0.7524421215057373,-0.10797972977161407,0.5971881151199341,0.7050857543945312,-0.12057372182607651,0.5237892270088196,0.9449529647827148,-0.0724596455693245,0.5876100063323975,0.8832157254219055,-0.10480983555316925,0.6204168796539307,0.8700535893440247,-0.11662842333316803,0.6329716444015503,0.858698844909668,-0.12049014121294022,0.5338757634162903,0.9928833246231079,-0.0880022868514061,0.5899404883384705,0.9433112144470215,-0.10776310414075851,0.6178027987480164,0.9587464332580566,-0.104487344622612,0.6305242776870728,0.9823778867721558,-0.10022437572479248,0.0,0.0,0.0,0.0,0.0,0.0,0.0,0.0,0.0,0.0,0.0,0.0,0.0,0.0,0.0,0.0,0.0,0.0,0.0,0.0,0.0,0.0,0.0,0.0,0.0,0.0,0.0,0.0,0.0,0.0,0.0,0.0,0.0,0.0,0.0,0.0,0.0,0.0,0.0,0.0,0.0,0.0,0.0,0.0,0.0,0.0,0.0,0.0,0.0,0.0,0.0,0.0,0.0,0.0,0.0,0.0,0.0,0.0,0.0,0.0,0.0,0.0,0.0
WATER,0.48667678236961365,1.0491118431091309,2.8221816705809033e-07,0.538185715675354,0.9926453828811646,0.014557935297489166,0.5610694885253906,0.9426272511482239,0.012831863947212696,0.5803917050361633,0.9062873721122742,0.002797159366309643,0.5956723690032959,0.8840612769126892,-0.006133547984063625,0.5128879547119141,0.868626594543457,0.013547484762966633,0.5458804368972778,0.7995030283927917,0.005897616036236286,0.560124933719635,0.7566728591918945,0.0002654442796483636,0.5676425695419312,0.7184356451034546,-0.00421687588095665,0.5053298473358154,0.8752068877220154,-0.007661308161914349,0.5364538431167603,0.7908994555473328,-0.02125948667526245,0.5539926290512085,0.7420421838760376,-0.029966628178954124,0.5636976361274719,0.701355516910553,-0.03504540026187897,0.5054584741592407,0.8964475989341736,-0.028462592512369156,0.5630501508712769,0.8458925485610962,-0.04736192524433136,0.5828421115875244,0.8810920715332031,-0.047036971896886826,0.5844820737838745,0.9091459512710571,-0.04133996739983559,0.5167832374572754,0.9297753572463989,-0.048409197479486465,0.5587958097457886,0.8809606432914734,-0.05815185233950615,0.5807426571846008,0.9002630710601807,-0.052237365394830704,0.5897337794303894,0.9266896843910217,-0.04507622495293617,0.0,0.0,0.0,0.0,0.0,0.0,0.0,0.0,0.0,0.0,0.0,0.0,0.0,0.0,0.0,0.0,0.0,0.0,0.0,0.0,0.0,0.0,0.0,0.0,0.0,0.0,0.0,0.0,0.0,0.0,0.0,0.0,0.0,0.0,0.0,0.0,0.0,0.0,0.0,0.0,0.0,0.0,0.0,0.0,0.0,0.0,0.0,0.0,0.0,0.0,0.0,0.0,0.0,0.0,0.0,0.0,0.0,0.0,0.0,0.0,0.0,0.0,0.0
WATER,0.42937183380126953,0.988027036190033,3.1850419190959656e-07,0.45103609561920166,0.9571322798728943,-0.023368140682578087,0.45072540640830994,0.9050688743591309,-0.026325471699237823,0.4236123859882355,0.8667048215866089,-0.024840354919433594,0.398918479681015,0.8469024896621704,-0.02205783501267433,0.4589768052101135,0.8353769183158875,-0.010659168474376202,0.465610146522522,0.7674850225448608,-0.017565906047821045,0.46911004185676575,0.7293399572372437,-0.024156108498573303,0.47071540355682373,0.6952517628669739,-0.029078340157866478,0.4334999918937683,0.8342359066009521,-0.007199656683951616,0.43121322989463806,0.7640155553817749,-0.011877563782036304,0.42913419008255005,0.7231150269508362,-0.01901456154882908,0.42807289958000183,0.6872361302375793,-0.02335110493004322,0.4123556613922119,0.847729504108429,-0.006743071600794792,0.4046567678451538,0.7911105155944824,-0.01818207837641239,0.40240299701690674,0.7536083459854126,-0.029530122876167297,0.40064823627471924,0.7174876928329468,-0.036024656146764755,0.39735010266304016,0.8746565580368042,-0.008133448660373688,0.3932463526725769,0.8397985100746155,-0.020659498870372772,0.4013444781303406,0.851981520652771,-0.021574612706899643,0.4075522720813751,0.8709297180175781,-0.020117120817303658,0.4606429934501648,1.0188838243484497,3.789498919104517e-07,0.4758663773536682,0.9714323282241821,-0.02121639810502529,0.4698202311992645,0.9116635918617249,-0.028488902375102043,0.4433521628379822,0.8687152862548828,-0.03427274897694588,0.415236234664917,0.8429741263389587,-0.04025164991617203,0.489956796169281,0.8435434103012085,-0.0030941825825721025,0.48779141902923584,0.7712152004241943,-0.008345315232872963,0.4878496527671814,0.725541353225708,-0.016651486977934837,0.48888224363327026,0.6893077492713928,-0.02403193898499012,0.4794061481952667,0.8443944454193115,-0.00019286180031485856,0.48009875416755676,0.7680951356887817,-0.0020705759525299072,0.47942492365837097,0.724912166595459,-0.01077293511480093,0.48170849680900574,0.6873255372047424,-0.018381360918283463,0.46944308280944824,0.8588307499885559,-0.0006046384223736823,0.46758949756622314,0.7957968711853027,-0.003990061115473509,0.4661712050437927,0.7555593252182007,-0.014077162370085716,0.46887582540512085,0.7216994762420654,-0.02248588390648365,0.4591052532196045,0.8832125067710876,-0.0033758373465389013,0.4565142095088959,0.8416028618812561,-0.007088132202625275,0.45441964268684387,0.8336066007614136,-0.009576413780450821,0.45464929938316345,0.8322196006774902,-0.012164803221821785
WATER,0.45404085516929626,1.0105208158493042,2.6539868258623756e-07,0.47906404733657837,0.987033486366272,-0.022143106907606125,0.49350714683532715,0.9411405324935913,-0.029372205957770348,0.47570449113845825,0.9006875157356262,-0.032638467848300934,0.45045140385627747,0.8786895871162415,-0.03553816303610802,0.4892132878303528,0.8600430488586426,-0.0185354296118021,0.501934289932251,0.7951372265815735,-0.028072820976376534,0.5095970034599304,0.7580916881561279,-0.03562847152352333,0.5139675140380859,0.7258301377296448,-0.040725965052843094,0.4645380675792694,0.8579554557800293,-0.017743101343512535,0.4632689654827118,0.7814192771911621,-0.02706294320523739,0.4650517404079437,0.7425562143325806,-0.03358937054872513,0.466032475233078,0.7109960317611694,-0.03661581873893738,0.4435146450996399,0.8740842342376709,-0.019053252413868904,0.44325581192970276,0.816862165927887,-0.03552314639091492,0.44753217697143555,0.780497133731842,-0.044098999351263046,0.4487137794494629,0.7474682331085205,-0.047656845301389694,0.4255031645298004,0.907028079032898,-0.021579574793577194,0.43526726961135864,0.8652376532554626,-0.03530391678214073,0.44833073019981384,0.8829032778739929,-0.03181486576795578,0.4558951258659363,0.9107058048248291,-0.027017764747142792,0.0,0.0,0.0,0.0,0.0,0.0,0.0,0.0,0.0,0.0,0.0,0.0,0.0,0.0,0.0,0.0,0.0,0.0,0.0,0.0,0.0,0.0,0.0,0.0,0.0,0.0,0.0,0.0,0.0,0.0,0.0,0.0,0.0,0.0,0.0,0.0,0.0,0.0,0.0,0.0,0.0,0.0,0.0,0.0,0.0,0.0,0.0,0.0,0.0,0.0,0.0,0.0,0.0,0.0,0.0,0.0,0.0,0.0,0.0,0.0,0.0,0.0,0.0
WATER,0.5315296053886414,0.7965567111968994,5.751551270805066e-07,0.5641300678253174,0.7494760155677795,0.002365462016314268,0.5831273198127747,0.7092241048812866,-0.002505623735487461,0.5975863933563232,0.6781749725341797,-0.011307365261018276,0.6018590927124023,0.6692811250686646,-0.020210303366184235,0.5448452234268188,0.6539571285247803,0.0019093254813924432,0.5668410658836365,0.6075423955917358,-0.009967739693820477,0.5808905363082886,0.5729672908782959,-0.021246250718832016,0.5907801389694214,0.5417168736457825,-0.030069567263126373,0.5353519320487976,0.6627480983734131,-0.01070827804505825,0.5571902990341187,0.603805661201477,-0.027342690154910088,0.5722339153289795,0.5628835558891296,-0.041636522859334946,0.5817620158195496,0.5275720953941345,-0.05142361670732498,0.5345253944396973,0.6824108958244324,-0.023129118606448174,0.5650953054428101,0.6344083547592163,-0.04160533845424652,0.5798061490058899,0.6425331830978394,-0.0443541593849659,0.5811514258384705,0.6539139151573181,-0.04274055361747742,0.5411166548728943,0.7091116905212402,-0.03550072759389877,0.5741128325462341,0.666760265827179,-0.046749502420425415,0.5876030921936035,0.6780511736869812,-0.04347706586122513,0.5903198719024658,0.6979511976242065,-0.03926258906722069,0.0,0.0,0.0,0.0,0.0,0.0,0.0,0.0,0.0,0.0,0.0,0.0,0.0,0.0,0.0,0.0,0.0,0.0,0.0,0.0,0.0,0.0,0.0,0.0,0.0,0.0,0.0,0.0,0.0,0.0,0.0,0.0,0.0,0.0,0.0,0.0,0.0,0.0,0.0,0.0,0.0,0.0,0.0,0.0,0.0,0.0,0.0,0.0,0.0,0.0,0.0,0.0,0.0,0.0,0.0,0.0,0.0,0.0,0.0,0.0,0.0,0.0,0.0
WATER,0.4967573881149292,0.7815501689910889,4.640560007374006e-07,0.5476573705673218,0.7489056587219238,0.0027626173105090857,0.5705546140670776,0.7075330018997192,-0.0023048000875860453,0.5885962247848511,0.6784976720809937,-0.010418003425002098,0.6043657660484314,0.6644142270088196,-0.01922629028558731,0.5322067737579346,0.640070915222168,-0.01062467135488987,0.5632655620574951,0.5886464715003967,-0.023876670747995377,0.584591269493103,0.5546151399612427,-0.03404192253947258,0.5993754863739014,0.5266634821891785,-0.04167523235082626,0.5246039628982544,0.6508784294128418,-0.024112649261951447,0.558864414691925,0.5883647799491882,-0.040368132293224335,0.5837158560752869,0.5520540475845337,-0.0524618923664093,0.5991056561470032,0.5220696926116943,-0.06058468669652939,0.5250215530395508,0.6754758954048157,-0.036601368337869644,0.5621155500411987,0.6238253116607666,-0.05434640124440193,0.5858915448188782,0.6167809367179871,-0.059186097234487534,0.5952814817428589,0.6128185987472534,-0.060550395399332047,0.5340430736541748,0.7076919078826904,-0.04855040833353996,0.5700344443321228,0.6696495413780212,-0.060490552335977554,0.58990877866745,0.6761043667793274,-0.05845390260219574,0.5994501709938049,0.690642237663269,-0.05580466240644455,0.0,0.0,0.0,0.0,0.0,0.0,0.0,0.0,0.0,0.0,0.0,0.0,0.0,0.0,0.0,0.0,0.0,0.0,0.0,0.0,0.0,0.0,0.0,0.0,0.0,0.0,0.0,0.0,0.0,0.0,0.0,0.0,0.0,0.0,0.0,0.0,0.0,0.0,0.0,0.0,0.0,0.0,0.0,0.0,0.0,0.0,0.0,0.0,0.0,0.0,0.0,0.0,0.0,0.0,0.0,0.0,0.0,0.0,0.0,0.0,0.0,0.0,0.0
WATER,0.49451565742492676,0.7659784555435181,3.343698722346744e-07,0.5450089573860168,0.7338688373565674,0.007472151890397072,0.566903293132782,0.6917850971221924,0.007898746989667416,0.5830996036529541,0.6635587215423584,0.004620814695954323,0.5870371460914612,0.6516985893249512,0.0009633094887249172,0.5344690680503845,0.6204261779785156,0.0038748588413000107,0.5627415776252747,0.5634279251098633,-0.0018975412240251899,0.5779004096984863,0.5259354710578918,-0.007221529260277748,0.5854079127311707,0.49495598673820496,-0.011817960068583488,0.5235232710838318,0.6259644627571106,-0.010884207673370838,0.5516839623451233,0.5562819242477417,-0.02317904867231846,0.5699959993362427,0.5131057500839233,-0.03347932919859886,0.5792231559753418,0.4788975715637207,-0.03909880667924881,0.5197238922119141,0.6454015970230103,-0.024759566411376,0.5539610385894775,0.5824604034423828,-0.039644815027713776,0.5803912878036499,0.5519555807113647,-0.04768189787864685,0.5953604578971863,0.5254391431808472,-0.05096086487174034,0.5251187086105347,0.6786625981330872,-0.03751763701438904,0.5615524053573608,0.6348533034324646,-0.0457429364323616,0.5801214575767517,0.646142840385437,-0.04166964814066887,0.5877526998519897,0.6680547595024109,-0.037545278668403625,0.0,0.0,0.0,0.0,0.0,0.0,0.0,0.0,0.0,0.0,0.0,0.0,0.0,0.0,0.0,0.0,0.0,0.0,0.0,0.0,0.0,0.0,0.0,0.0,0.0,0.0,0.0,0.0,0.0,0.0,0.0,0.0,0.0,0.0,0.0,0.0,0.0,0.0,0.0,0.0,0.0,0.0,0.0,0.0,0.0,0.0,0.0,0.0,0.0,0.0,0.0,0.0,0.0,0.0,0.0,0.0,0.0,0.0,0.0,0.0,0.0,0.0,0.0
WATER,0.5042092800140381,0.7683142423629761,2.181910616627647e-07,0.5549106597900391,0.7335074543952942,0.009010548703372478,0.5794628858566284,0.6879910826683044,0.010936479084193707,0.5963634848594666,0.6560754776000977,0.008621524088084698,0.5990212559700012,0.6375145316123962,0.006239913869649172,0.5446458458900452,0.6203493475914001,0.00991781149059534,0.5703165531158447,0.5670987963676453,0.0059050023555755615,0.5856298208236694,0.5332129597663879,0.001843867008574307,0.5934023261070251,0.5034661889076233,-0.002405148232355714,0.5339497327804565,0.62311190366745,-0.0056199864484369755,0.5593180656433105,0.5544183850288391,-0.016694582998752594,0.575641393661499,0.5122700333595276,-0.025198306888341904,0.5826629996299744,0.4766809344291687,-0.029990259557962418,0.5294584035873413,0.6385138630867004,-0.021076908335089684,0.5644658803939819,0.5754776000976562,-0.03554790839552879,0.5906862020492554,0.5457130670547485,-0.04315141215920448,0.6066049337387085,0.5170986652374268,-0.04665181040763855,0.5342431664466858,0.6669795513153076,-0.03555447235703468,0.5717726945877075,0.622501015663147,-0.04377036169171333,0.5882033109664917,0.6373323202133179,-0.04042905941605568,0.5948671698570251,0.6615667343139648,-0.03748514875769615,0.0,0.0,0.0,0.0,0.0,0.0,0.0,0.0,0.0,0.0,0.0,0.0,0.0,0.0,0.0,0.0,0.0,0.0,0.0,0.0,0.0,0.0,0.0,0.0,0.0,0.0,0.0,0.0,0.0,0.0,0.0,0.0,0.0,0.0,0.0,0.0,0.0,0.0,0.0,0.0,0.0,0.0,0.0,0.0,0.0,0.0,0.0,0.0,0.0,0.0,0.0,0.0,0.0,0.0,0.0,0.0,0.0,0.0,0.0,0.0,0.0,0.0,0.0
WATER,0.5162714123725891,0.7647987604141235,1.9372733106592932e-07,0.5083703994750977,0.6990796327590942,0.017204659059643745,0.5221424698829651,0.6479618549346924,0.020348988473415375,0.54471755027771,0.6230471730232239,0.019694212824106216,0.5679410099983215,0.6132924556732178,0.01782361976802349,0.5237901210784912,0.6213952898979187,-0.00024233144358731806,0.546422004699707,0.5495539307594299,-0.005058835726231337,0.558128297328949,0.5086595416069031,-0.004906132817268372,0.5644038319587708,0.4773274064064026,-0.0036570122465491295,0.5416613817214966,0.6294249892234802,-0.014679787680506706,0.5659971833229065,0.5462448596954346,-0.022560961544513702,0.5790499448776245,0.5007162690162659,-0.024427449330687523,0.5864726901054382,0.4651153087615967,-0.02337035909295082,0.5617530941963196,0.647294282913208,-0.026699084788560867,0.5965870022773743,0.580232560634613,-0.03503428027033806,0.613492488861084,0.5428776144981384,-0.038013964891433716,0.6218596696853638,0.5131738185882568,-0.038031239062547684,0.5809290409088135,0.6757781505584717,-0.03645796328783035,0.6113746166229248,0.6312065720558167,-0.03730906546115875,0.6173986196517944,0.6295405626296997,-0.030078619718551636,0.6167112588882446,0.6355961561203003,-0.023686610162258148,0.0,0.0,0.0,0.0,0.0,0.0,0.0,0.0,0.0,0.0,0.0,0.0,0.0,0.0,0.0,0.0,0.0,0.0,0.0,0.0,0.0,0.0,0.0,0.0,0.0,0.0,0.0,0.0,0.0,0.0,0.0,0.0,0.0,0.0,0.0,0.0,0.0,0.0,0.0,0.0,0.0,0.0,0.0,0.0,0.0,0.0,0.0,0.0,0.0,0.0,0.0,0.0,0.0,0.0,0.0,0.0,0.0,0.0,0.0,0.0,0.0,0.0,0.0
WATER,0.4483884572982788,0.7402951717376709,2.3000360727110092e-07,0.4714633524417877,0.7110517024993896,-0.015505414456129074,0.4787527024745941,0.6590549945831299,-0.019321080297231674,0.4617422819137573,0.6222319602966309,-0.02137000672519207,0.43761327862739563,0.6042396426200867,-0.023522287607192993,0.46674561500549316,0.6003932952880859,-0.007595663890242577,0.47118109464645386,0.5408068895339966,-0.012762051075696945,0.4736517667770386,0.5052273273468018,-0.01821715757250786,0.47475212812423706,0.47386667132377625,-0.022769877687096596,0.4452388286590576,0.6015985012054443,-0.007985532283782959,0.4349592924118042,0.5382583737373352,-0.013283955864608288,0.43043920397758484,0.5015742778778076,-0.020025642588734627,0.4272347092628479,0.4711669683456421,-0.02476511150598526,0.4282732307910919,0.6154143810272217,-0.010146909393370152,0.4213663935661316,0.5596177577972412,-0.02226276695728302,0.4221319556236267,0.5231034755706787,-0.03205733373761177,0.4225005507469177,0.4929378032684326,-0.03815829008817673,0.41541677713394165,0.6382262706756592,-0.013198042288422585,0.41994708776474,0.5995047092437744,-0.02646379917860031,0.43442368507385254,0.611674964427948,-0.027293385937809944,0.4462375044822693,0.6331406235694885,-0.026335028931498528,0.0,0.0,0.0,0.0,0.0,0.0,0.0,0.0,0.0,0.0,0.0,0.0,0.0,0.0,0.0,0.0,0.0,0.0,0.0,0.0,0.0,0.0,0.0,0.0,0.0,0.0,0.0,0.0,0.0,0.0,0.0,0.0,0.0,0.0,0.0,0.0,0.0,0.0,0.0,0.0,0.0,0.0,0.0,0.0,0.0,0.0,0.0,0.0,0.0,0.0,0.0,0.0,0.0,0.0,0.0,0.0,0.0,0.0,0.0,0.0,0.0,0.0,0.0
NEED,0.42805707454681396,0.9838335514068604,1.643848968058137e-08,0.46669694781303406,0.9511067271232605,-0.01864929124712944,0.4925740361213684,0.8850933909416199,-0.04003779590129852,0.4958796203136444,0.8288127183914185,-0.06446084380149841,0.46454116702079773,0.804166853427887,-0.0867825299501419,0.4570331275463104,0.7646539807319641,-0.020328747108578682,0.44542694091796875,0.6792783737182617,-0.051088232547044754,0.45877477526664734,0.6422496438026428,-0.06597721576690674,0.4734240472316742,0.6400173306465149,-0.07281896471977234,0.4166000485420227,0.7765094637870789,-0.027995267882943153,0.4477291405200958,0.7610657215118408,-0.06299996376037598,0.4633723199367523,0.8265448212623596,-0.06617593765258789,0.45543941855430603,0.8404338359832764,-0.05993073061108589,0.38832685351371765,0.8071520328521729,-0.03960902988910675,0.4238123893737793,0.8250441551208496,-0.07333052158355713,0.4404946565628052,0.873042643070221,-0.06450170278549194,0.4279429316520691,0.8757597208023071,-0.05177142471075058,0.366071879863739,0.8491600155830383,-0.053480688482522964,0.4022561013698578,0.8785567879676819,-0.07550371438264847,0.4179072380065918,0.9083990454673767,-0.06874801963567734,0.4040525555610657,0.9059475064277649,-0.05853165313601494,0.0,0.0,0.0,0.0,0.0,0.0,0.0,0.0,0.0,0.0,0.0,0.0,0.0,0.0,0.0,0.0,0.0,0.0,0.0,0.0,0.0,0.0,0.0,0.0,0.0,0.0,0.0,0.0,0.0,0.0,0.0,0.0,0.0,0.0,0.0,0.0,0.0,0.0,0.0,0.0,0.0,0.0,0.0,0.0,0.0,0.0,0.0,0.0,0.0,0.0,0.0,0.0,0.0,0.0,0.0,0.0,0.0,0.0,0.0,0.0,0.0,0.0,0.0
NEED,0.4329030513763428,1.0094919204711914,-9.392056199430954e-08,0.4713285267353058,0.9784137010574341,-0.02427580952644348,0.5040979385375977,0.9351474642753601,-0.051281895488500595,0.49538707733154297,0.9080064296722412,-0.08034166693687439,0.46291792392730713,0.8948212265968323,-0.10635539889335632,0.4686281085014343,0.8033648729324341,-0.04159046337008476,0.45285898447036743,0.7182433009147644,-0.08769281208515167,0.4720568060874939,0.7140202522277832,-0.1148567721247673,0.4939071238040924,0.7478266954421997,-0.126558318734169,0.4196279048919678,0.8117307424545288,-0.0485520102083683,0.44819366931915283,0.8374860882759094,-0.08947967737913132,0.46132248640060425,0.8860312700271606,-0.10050850361585617,0.46074816584587097,0.8995603919029236,-0.10106168687343597,0.3850902318954468,0.8486495614051819,-0.05971858650445938,0.41966232657432556,0.9101478457450867,-0.09175673127174377,0.4359098970890045,0.9404013752937317,-0.08729949593544006,0.438260942697525,0.9324116706848145,-0.07910757511854172,0.360115647315979,0.8962313532829285,-0.0744430273771286,0.3941962718963623,0.9558442234992981,-0.09206173568964005,0.41328537464141846,0.9769131541252136,-0.08568623661994934,0.41759809851646423,0.9637846946716309,-0.07600826770067215,0.0,0.0,0.0,0.0,0.0,0.0,0.0,0.0,0.0,0.0,0.0,0.0,0.0,0.0,0.0,0.0,0.0,0.0,0.0,0.0,0.0,0.0,0.0,0.0,0.0,0.0,0.0,0.0,0.0,0.0,0.0,0.0,0.0,0.0,0.0,0.0,0.0,0.0,0.0,0.0,0.0,0.0,0.0,0.0,0.0,0.0,0.0,0.0,0.0,0.0,0.0,0.0,0.0,0.0,0.0,0.0,0.0,0.0,0.0,0.0,0.0,0.0,0.0
NEED,0.42257198691368103,0.8988310098648071,-1.876166919601019e-07,0.4774154722690582,0.8850376605987549,-0.029169222339987755,0.5207576751708984,0.8776226043701172,-0.05638808384537697,0.5425912141799927,0.905341625213623,-0.08425308018922806,0.5342054963111877,0.9449849128723145,-0.10736546665430069,0.48955610394477844,0.7611998319625854,-0.051130570471286774,0.5155346989631653,0.7691173553466797,-0.09917061775922775,0.542458176612854,0.8232576847076416,-0.1252092719078064,0.5619027614593506,0.8743240237236023,-0.13373607397079468,0.4475475549697876,0.7687227725982666,-0.05319744721055031,0.5038318634033203,0.8964282274246216,-0.08846085518598557,0.5152063369750977,0.9262639284133911,-0.08922211825847626,0.512488603591919,0.9204607009887695,-0.0846439003944397,0.4109400808811188,0.8067891597747803,-0.06077444553375244,0.4654974341392517,0.9292594790458679,-0.08437734097242355,0.4662907123565674,0.9340429902076721,-0.06741587817668915,0.45960813760757446,0.9115412831306458,-0.05068797618150711,0.3798190951347351,0.848060131072998,-0.07394446432590485,0.42153850197792053,0.9417194128036499,-0.08909128606319427,0.4307050406932831,0.9533309936523438,-0.07855841517448425,0.43089064955711365,0.943572461605072,-0.06440316140651703,0.0,0.0,0.0,0.0,0.0,0.0,0.0,0.0,0.0,0.0,0.0,0.0,0.0,0.0,0.0,0.0,0.0,0.0,0.0,0.0,0.0,0.0,0.0,0.0,0.0,0.0,0.0,0.0,0.0,0.0,0.0,0.0,0.0,0.0,0.0,0.0,0.0,0.0,0.0,0.0,0.0,0.0,0.0,0.0,0.0,0.0,0.0,0.0,0.0,0.0,0.0,0.0,0.0,0.0,0.0,0.0,0.0,0.0,0.0,0.0,0.0,0.0,0.0
NEED,0.5482256412506104,0.9044173955917358,9.190245719992163e-08,0.6086432337760925,0.8832169771194458,0.011800846084952354,0.6523059010505676,0.8330499529838562,0.006109283771365881,0.6877051591873169,0.7967846989631653,-0.005622515454888344,0.7171838283538818,0.7659401893615723,-0.015378034673631191,0.6103795170783997,0.7168983221054077,-0.004179294686764479,0.649122416973114,0.6517981290817261,-0.021359344944357872,0.6869320273399353,0.6448714137077332,-0.028618507087230682,0.7146180868148804,0.6576371788978577,-0.03210769593715668,0.6041114926338196,0.7219408750534058,-0.022127293050289154,0.6970911026000977,0.7408095002174377,-0.045277439057826996,0.6902739405632019,0.7915264964103699,-0.046733252704143524,0.6677617430686951,0.8038027286529541,-0.04207554832100868,0.6077770590782166,0.7518419027328491,-0.03948240354657173,0.6897679567337036,0.7891772389411926,-0.05494369938969612,0.677674412727356,0.8270781636238098,-0.044628892093896866,0.6539674997329712,0.8264254927635193,-0.0353410504758358,0.6159745454788208,0.7909450531005859,-0.056692566722631454,0.6757615208625793,0.8354764580726624,-0.06022278219461441,0.6619399785995483,0.8624238967895508,-0.04900927096605301,0.6372443437576294,0.8575931191444397,-0.0400422140955925,0.0,0.0,0.0,0.0,0.0,0.0,0.0,0.0,0.0,0.0,0.0,0.0,0.0,0.0,0.0,0.0,0.0,0.0,0.0,0.0,0.0,0.0,0.0,0.0,0.0,0.0,0.0,0.0,0.0,0.0,0.0,0.0,0.0,0.0,0.0,0.0,0.0,0.0,0.0,0.0,0.0,0.0,0.0,0.0,0.0,0.0,0.0,0.0,0.0,0.0,0.0,0.0,0.0,0.0,0.0,0.0,0.0,0.0,0.0,0.0,0.0,0.0,0.0
NEED,0.5406020879745483,0.8924582004547119,-1.953747101879344e-07,0.6018778085708618,0.8547714948654175,0.011349775828421116,0.6663839817047119,0.8366738557815552,0.003527585184201598,0.7203545570373535,0.8491344451904297,-0.012303351424634457,0.7553797364234924,0.8577322363853455,-0.027282467111945152,0.673499584197998,0.7418359518051147,0.0022980140056461096,0.7372840046882629,0.7053951025009155,-0.020914731547236443,0.7770609855651855,0.7267178893089294,-0.03678757697343826,0.8009361028671265,0.7599701881408691,-0.0455014668405056,0.6655324101448059,0.7492446303367615,-0.016797687858343124,0.7432047128677368,0.824093759059906,-0.034339480102062225,0.7253344058990479,0.8611721992492676,-0.04077256843447685,0.7021944522857666,0.8530872464179993,-0.04526657983660698,0.6565698981285095,0.7826871871948242,-0.0364375077188015,0.7215726375579834,0.8644852638244629,-0.04665777087211609,0.6953836679458618,0.8888585567474365,-0.04106723889708519,0.6719910502433777,0.8728209733963013,-0.03834573179483414,0.6477531790733337,0.8227630853652954,-0.05679978057742119,0.6915956139564514,0.8904680013656616,-0.057541631162166595,0.6739383935928345,0.9067696332931519,-0.04833944886922836,0.6553400754928589,0.8920127749443054,-0.04166223853826523,0.0,0.0,0.0,0.0,0.0,0.0,0.0,0.0,0.0,0.0,0.0,0.0,0.0,0.0,0.0,0.0,0.0,0.0,0.0,0.0,0.0,0.0,0.0,0.0,0.0,0.0,0.0,0.0,0.0,0.0,0.0,0.0,0.0,0.0,0.0,0.0,0.0,0.0,0.0,0.0,0.0,0.0,0.0,0.0,0.0,0.0,0.0,0.0,0.0,0.0,0.0,0.0,0.0,0.0,0.0,0.0,0.0,0.0,0.0,0.0,0.0,0.0,0.0
NEED,0.5397679209709167,0.9141097068786621,-3.0341919909915305e-07,0.6000316739082336,0.8664836883544922,0.01595422811806202,0.6698006987571716,0.8617228865623474,0.01713758334517479,0.716717004776001,0.8965327739715576,0.009809964336454868,0.7503607869148254,0.9347010850906372,0.002230601152405143,0.7231930494308472,0.8488094806671143,0.010061855427920818,0.7998716831207275,0.8633481860160828,-0.006771185901015997,0.8234053254127502,0.9107725024223328,-0.018319370225071907,0.8251714706420898,0.9581754803657532,-0.02287263795733452,0.7177478075027466,0.862666130065918,-0.0067168972454965115,0.7621747851371765,0.9769477248191833,-0.017306558787822723,0.7490028738975525,1.0278555154800415,-0.02146219275891781,0.7372999787330627,1.0458440780639648,-0.02382020466029644,0.6997760534286499,0.8948323726654053,-0.02370337024331093,0.7283304333686829,1.0018153190612793,-0.028516922146081924,0.7100926637649536,1.0329052209854126,-0.02576320804655552,0.6966564655303955,1.0385123491287231,-0.02377208136022091,0.6780048608779907,0.9300719499588013,-0.040917038917541504,0.6920005679130554,1.0079065561294556,-0.03866518288850784,0.673723578453064,1.0276927947998047,-0.030539806932210922,0.6594319343566895,1.027544379234314,-0.023219825699925423,0.0,0.0,0.0,0.0,0.0,0.0,0.0,0.0,0.0,0.0,0.0,0.0,0.0,0.0,0.0,0.0,0.0,0.0,0.0,0.0,0.0,0.0,0.0,0.0,0.0,0.0,0.0,0.0,0.0,0.0,0.0,0.0,0.0,0.0,0.0,0.0,0.0,0.0,0.0,0.0,0.0,0.0,0.0,0.0,0.0,0.0,0.0,0.0,0.0,0.0,0.0,0.0,0.0,0.0,0.0,0.0,0.0,0.0,0.0,0.0,0.0,0.0,0.0
NEED,0.48407042026519775,0.59270840883255,-1.991683618030038e-08,0.5162559151649475,0.5730588436126709,-0.006055076606571674,0.5413030982017517,0.5284899473190308,-0.01567833311855793,0.5559394955635071,0.48974284529685974,-0.027618197724223137,0.5492120981216431,0.45557594299316406,-0.038034312427043915,0.5177183151245117,0.45035320520401,-0.012832427397370338,0.514227032661438,0.3930146396160126,-0.030899375677108765,0.536499559879303,0.3837857246398926,-0.03771417960524559,0.5516724586486816,0.39725735783576965,-0.039003752171993256,0.49775901436805725,0.45278599858283997,-0.019435996189713478,0.5325549244880676,0.4417121708393097,-0.03948862478137016,0.5363292694091797,0.48373955488204956,-0.039255425333976746,0.5240035057067871,0.4944298267364502,-0.03418480604887009,0.4818532466888428,0.4673923850059509,-0.02774134650826454,0.5194609761238098,0.47487273812294006,-0.04815895855426788,0.522660493850708,0.5125879645347595,-0.0413493886590004,0.5097659826278687,0.5189083814620972,-0.032206062227487564,0.4679190516471863,0.4915328919887543,-0.03662274032831192,0.50204998254776,0.5019734501838684,-0.04898783564567566,0.5058759450912476,0.5269261002540588,-0.04251830279827118,0.4931357502937317,0.5307726860046387,-0.034521326422691345,0.0,0.0,0.0,0.0,0.0,0.0,0.0,0.0,0.0,0.0,0.0,0.0,0.0,0.0,0.0,0.0,0.0,0.0,0.0,0.0,0.0,0.0,0.0,0.0,0.0,0.0,0.0,0.0,0.0,0.0,0.0,0.0,0.0,0.0,0.0,0.0,0.0,0.0,0.0,0.0,0.0,0.0,0.0,0.0,0.0,0.0,0.0,0.0,0.0,0.0,0.0,0.0,0.0,0.0,0.0,0.0,0.0,0.0,0.0,0.0,0.0,0.0,0.0
NEED,0.45770779252052307,0.6105144023895264,-1.960411282198038e-07,0.5031343698501587,0.5942627191543579,-0.008522178046405315,0.5388766527175903,0.5793486833572388,-0.02655527926981449,0.5609326958656311,0.5702108144760132,-0.0483255572617054,0.5622838139533997,0.5632786154747009,-0.06752927601337433,0.5368852615356445,0.48792245984077454,-0.02434512972831726,0.5500814914703369,0.4360738694667816,-0.05410172417759895,0.5710769891738892,0.4584369361400604,-0.0666857436299324,0.5822302103042603,0.4921039640903473,-0.0693376287817955,0.5087724924087524,0.4880646765232086,-0.032359227538108826,0.5491799116134644,0.5245718359947205,-0.05536369979381561,0.5498294830322266,0.565226674079895,-0.05601475387811661,0.5369381308555603,0.5606534481048584,-0.05256788432598114,0.4847332835197449,0.5078319907188416,-0.04271390289068222,0.5241796374320984,0.5601628422737122,-0.06047413498163223,0.5231223106384277,0.5848127007484436,-0.05144664645195007,0.5110979080200195,0.5724384188652039,-0.04226529225707054,0.4650956392288208,0.5339468121528625,-0.05485120788216591,0.49601781368255615,0.5767340660095215,-0.06257510930299759,0.5018951892852783,0.5956636667251587,-0.0533125177025795,0.49607813358306885,0.5902532935142517,-0.0432560108602047,0.0,0.0,0.0,0.0,0.0,0.0,0.0,0.0,0.0,0.0,0.0,0.0,0.0,0.0,0.0,0.0,0.0,0.0,0.0,0.0,0.0,0.0,0.0,0.0,0.0,0.0,0.0,0.0,0.0,0.0,0.0,0.0,0.0,0.0,0.0,0.0,0.0,0.0,0.0,0.0,0.0,0.0,0.0,0.0,0.0,0.0,0.0,0.0,0.0,0.0,0.0,0.0,0.0,0.0,0.0,0.0,0.0,0.0,0.0,0.0,0.0,0.0,0.0
NEED,0.4339372515678406,0.5850646495819092,-5.6489238176027357e-08,0.4871807098388672,0.5684399604797363,-0.0019429911626502872,0.5346816778182983,0.5612078309059143,-0.014953219331800938,0.5676515102386475,0.5752562284469604,-0.03265506401658058,0.5749770402908325,0.5957142114639282,-0.04920065775513649,0.5493834614753723,0.49712732434272766,-0.012635309249162674,0.5770010352134705,0.4714978337287903,-0.03619077801704407,0.5970474481582642,0.4942038953304291,-0.04974230378866196,0.6051573157310486,0.528991162776947,-0.0556909404695034,0.5279912352561951,0.4972043037414551,-0.02439206838607788,0.5710904002189636,0.5659486055374146,-0.042686838656663895,0.5582440495491028,0.5905983448028564,-0.04620702192187309,0.5466018319129944,0.5795226097106934,-0.04718400910496712,0.503797709941864,0.5147084593772888,-0.03790651261806488,0.5430511236190796,0.5916366577148438,-0.05116482451558113,0.5277776122093201,0.5956180691719055,-0.046873144805431366,0.5168589949607849,0.5731648802757263,-0.04316481202840805,0.4810549020767212,0.5383354425430298,-0.05296020582318306,0.5135321617126465,0.5994836091995239,-0.05790319666266441,0.5048806667327881,0.6028423309326172,-0.051484569907188416,0.4951957166194916,0.5868610143661499,-0.045642632991075516,0.0,0.0,0.0,0.0,0.0,0.0,0.0,0.0,0.0,0.0,0.0,0.0,0.0,0.0,0.0,0.0,0.0,0.0,0.0,0.0,0.0,0.0,0.0,0.0,0.0,0.0,0.0,0.0,0.0,0.0,0.0,0.0,0.0,0.0,0.0,0.0,0.0,0.0,0.0,0.0,0.0,0.0,0.0,0.0,0.0,0.0,0.0,0.0,0.0,0.0,0.0,0.0,0.0,0.0,0.0,0.0,0.0,0.0,0.0,0.0,0.0,0.0,0.0
NEED,0.6132673025131226,0.586937665939331,-1.2442886543340137e-07,0.6326228380203247,0.5396229028701782,0.006430222187191248,0.6767206788063049,0.5075250864028931,0.00011366860417183489,0.7187592387199402,0.5109574198722839,-0.009551254101097584,0.7485376596450806,0.5258406400680542,-0.01771731674671173,0.6749141812324524,0.4642764627933502,-0.010315830819308758,0.7175852656364441,0.41425013542175293,-0.023492665961384773,0.739436149597168,0.4313688278198242,-0.02801043726503849,0.7435649037361145,0.4617505967617035,-0.029083753004670143,0.6846219301223755,0.4796559512615204,-0.02152722142636776,0.7433664202690125,0.5076141953468323,-0.03225070610642433,0.7335057854652405,0.5359067320823669,-0.03210989013314247,0.7162281274795532,0.5334418416023254,-0.03118128702044487,0.6919017434120178,0.5059829354286194,-0.03214092180132866,0.7405892014503479,0.5482205152511597,-0.03771461173892021,0.7251792550086975,0.5672749876976013,-0.030471287667751312,0.7095429301261902,0.5598149299621582,-0.02667027898132801,0.6974864602088928,0.5377894639968872,-0.04291994497179985,0.7287721037864685,0.5797173976898193,-0.04077606275677681,0.7136228084564209,0.594099223613739,-0.03142029792070389,0.6983873844146729,0.5872083306312561,-0.025577053427696228,0.0,0.0,0.0,0.0,0.0,0.0,0.0,0.0,0.0,0.0,0.0,0.0,0.0,0.0,0.0,0.0,0.0,0.0,0.0,0.0,0.0,0.0,0.0,0.0,0.0,0.0,0.0,0.0,0.0,0.0,0.0,0.0,0.0,0.0,0.0,0.0,0.0,0.0,0.0,0.0,0.0,0.0,0.0,0.0,0.0,0.0,0.0,0.0,0.0,0.0,0.0,0.0,0.0,0.0,0.0,0.0,0.0,0.0,0.0,0.0,0.0,0.0,0.0
NEED,0.6039240956306458,0.610788106918335,-2.505741747427237e-07,0.6447787880897522,0.5795619487762451,0.008537165820598602,0.6995065212249756,0.5724429488182068,0.006014615297317505,0.7376360297203064,0.6011870503425598,-0.0027518286369740963,0.7590169310569763,0.6244428157806396,-0.010594025254249573,0.718906819820404,0.5202006697654724,0.010431959293782711,0.7674795985221863,0.502062976360321,-0.003969942685216665,0.778742790222168,0.5276211500167847,-0.015192439779639244,0.7772395014762878,0.5556268692016602,-0.021292952820658684,0.7207261323928833,0.5363613963127136,-0.0031726565212011337,0.7589721083641052,0.5965543985366821,-0.013471086509525776,0.7415148615837097,0.6157585382461548,-0.020898770540952682,0.7268217206001282,0.6045476794242859,-0.026219429448246956,0.7155327796936035,0.5648193955421448,-0.017599007114768028,0.7419911623001099,0.6287404298782349,-0.022659430280327797,0.7196833491325378,0.6363470554351807,-0.0220087468624115,0.7051113843917847,0.6190378665924072,-0.022869741544127464,0.7069599032402039,0.5942419171333313,-0.03271803632378578,0.723345935344696,0.6465091705322266,-0.03069811686873436,0.7042401432991028,0.6526204347610474,-0.024611005559563637,0.6908908486366272,0.6397736668586731,-0.021007321774959564,0.0,0.0,0.0,0.0,0.0,0.0,0.0,0.0,0.0,0.0,0.0,0.0,0.0,0.0,0.0,0.0,0.0,0.0,0.0,0.0,0.0,0.0,0.0,0.0,0.0,0.0,0.0,0.0,0.0,0.0,0.0,0.0,0.0,0.0,0.0,0.0,0.0,0.0,0.0,0.0,0.0,0.0,0.0,0.0,0.0,0.0,0.0,0.0,0.0,0.0,0.0,0.0,0.0,0.0,0.0,0.0,0.0,0.0,0.0,0.0,0.0,0.0,0.0
NEED,0.5921693444252014,0.6244337558746338,-2.912781553732202e-07,0.6359146237373352,0.593025267124176,0.014239352196455002,0.6909997463226318,0.5984957218170166,0.016202228143811226,0.7190383076667786,0.6316534280776978,0.010884955525398254,0.7334737181663513,0.657857358455658,0.005969687830656767,0.7254060506820679,0.5756046772003174,0.0201454758644104,0.7728437781333923,0.5929292440414429,0.011609840206801891,0.779649555683136,0.6188850402832031,0.00405519362539053,0.7733946442604065,0.6398599743843079,-0.0002905766887124628,0.7240216135978699,0.5901488065719604,0.005184493958950043,0.7424494624137878,0.6721094846725464,-0.0007963882526382804,0.7195032835006714,0.675325870513916,-0.005934200249612331,0.7065232992172241,0.6511421799659729,-0.010078851133584976,0.7131130695343018,0.6150006055831909,-0.01021754089742899,0.7245330214500427,0.693053126335144,-0.012225131504237652,0.7010164856910706,0.6883874535560608,-0.010745215229690075,0.6916940212249756,0.6611548066139221,-0.011939250864088535,0.6983535289764404,0.639331042766571,-0.025844717398285866,0.7051767110824585,0.6997818946838379,-0.022121623158454895,0.68437659740448,0.6939405202865601,-0.0156286358833313,0.674009382724762,0.6691757440567017,-0.012235294096171856,0.0,0.0,0.0,0.0,0.0,0.0,0.0,0.0,0.0,0.0,0.0,0.0,0.0,0.0,0.0,0.0,0.0,0.0,0.0,0.0,0.0,0.0,0.0,0.0,0.0,0.0,0.0,0.0,0.0,0.0,0.0,0.0,0.0,0.0,0.0,0.0,0.0,0.0,0.0,0.0,0.0,0.0,0.0,0.0,0.0,0.0,0.0,0.0,0.0,0.0,0.0,0.0,0.0,0.0,0.0,0.0,0.0,0.0,0.0,0.0,0.0,0.0,0.0
NEED,0.39281243085861206,0.5351337790489197,-9.778118936765168e-08,0.38895806670188904,0.5045009255409241,-0.03324304521083832,0.36675792932510376,0.4615701138973236,-0.037857938557863235,0.3336879014968872,0.4370800256729126,-0.03695879876613617,0.30673137307167053,0.4186522364616394,-0.03193344175815582,0.3699645698070526,0.39220938086509705,-0.004184282850474119,0.35079720616340637,0.34484320878982544,-0.023003799840807915,0.32820406556129456,0.3345426023006439,-0.03538566455245018,0.31160032749176025,0.3397831320762634,-0.04047031328082085,0.35411307215690613,0.41206094622612,0.005728824995458126,0.3140442967414856,0.40820884704589844,-0.01743066869676113,0.3262229561805725,0.43762022256851196,-0.026263292878866196,0.34579819440841675,0.4466480612754822,-0.024005772545933723,0.3434073030948639,0.43714308738708496,0.009640222415328026,0.311929851770401,0.43831491470336914,-0.018891258165240288,0.32719558477401733,0.46433818340301514,-0.023290511220693588,0.3419802784919739,0.4636175036430359,-0.01588563062250614,0.34148070216178894,0.4624851942062378,0.010954098775982857,0.3156850039958954,0.46274036169052124,-0.011006893590092659,0.3289445638656616,0.4795125126838684,-0.011868420988321304,0.3444499969482422,0.4840576946735382,-0.0044951182790100574,0.0,0.0,0.0,0.0,0.0,0.0,0.0,0.0,0.0,0.0,0.0,0.0,0.0,0.0,0.0,0.0,0.0,0.0,0.0,0.0,0.0,0.0,0.0,0.0,0.0,0.0,0.0,0.0,0.0,0.0,0.0,0.0,0.0,0.0,0.0,0.0,0.0,0.0,0.0,0.0,0.0,0.0,0.0,0.0,0.0,0.0,0.0,0.0,0.0,0.0,0.0,0.0,0.0,0.0,0.0,0.0,0.0,0.0,0.0,0.0,0.0,0.0,0.0
NEED,0.41001659631729126,0.5619802474975586,-1.3383039743075642e-07,0.3981637954711914,0.541729748249054,-0.04502632096409798,0.3622162342071533,0.525476336479187,-0.05697876587510109,0.31974461674690247,0.5294197797775269,-0.060648106038570404,0.28869765996932983,0.5326268076896667,-0.05907100439071655,0.34366917610168457,0.44982609152793884,-0.023543139919638634,0.2960289716720581,0.4176267385482788,-0.03379277139902115,0.2781810760498047,0.43458372354507446,-0.037982337176799774,0.27378955483436584,0.45745229721069336,-0.03826829418540001,0.3383612036705017,0.46734413504600525,-0.003414189675822854,0.30060574412345886,0.48762771487236023,-0.016978468745946884,0.3094770014286041,0.5150746703147888,-0.02362014353275299,0.32563501596450806,0.5231015682220459,-0.02389451302587986,0.3344257175922394,0.49091511964797974,0.011334539391100407,0.3058026134967804,0.5137687921524048,-0.007169129326939583,0.31659233570098877,0.5320613384246826,-0.018072951585054398,0.32864779233932495,0.5315298438072205,-0.019348550587892532,0.33454981446266174,0.5123234987258911,0.022748855873942375,0.3137890100479126,0.530219554901123,0.005941398907452822,0.31967800855636597,0.5438548922538757,-0.0023295977152884007,0.32816991209983826,0.5474554300308228,-0.002888984978199005,0.0,0.0,0.0,0.0,0.0,0.0,0.0,0.0,0.0,0.0,0.0,0.0,0.0,0.0,0.0,0.0,0.0,0.0,0.0,0.0,0.0,0.0,0.0,0.0,0.0,0.0,0.0,0.0,0.0,0.0,0.0,0.0,0.0,0.0,0.0,0.0,0.0,0.0,0.0,0.0,0.0,0.0,0.0,0.0,0.0,0.0,0.0,0.0,0.0,0.0,0.0,0.0,0.0,0.0,0.0,0.0,0.0,0.0,0.0,0.0,0.0,0.0,0.0
NEED,0.412661075592041,0.5668602585792542,-3.102542223132332e-07,0.4265437126159668,0.5652390718460083,-0.049755435436964035,0.40848907828330994,0.571776807308197,-0.07416942715644836,0.36965325474739075,0.6025197505950928,-0.08893925696611404,0.34012216329574585,0.628534197807312,-0.10001861304044724,0.38190385699272156,0.5071982741355896,-0.06275901198387146,0.3333633840084076,0.5158717632293701,-0.08645164966583252,0.3269721269607544,0.5531823635101318,-0.0968775749206543,0.33585914969444275,0.5747061371803284,-0.1015649065375328,0.3612731993198395,0.5121687054634094,-0.0456252321600914,0.32679522037506104,0.5426542162895203,-0.07162319868803024,0.33573323488235474,0.5800886750221252,-0.07941196858882904,0.35497066378593445,0.5937682390213013,-0.08069731295108795,0.3457634747028351,0.5203640460968018,-0.032025691121816635,0.31849950551986694,0.5466818809509277,-0.05888519063591957,0.32711613178253174,0.5758935213088989,-0.0641457587480545,0.3406899571418762,0.5852205753326416,-0.06227107718586922,0.33492597937583923,0.5275857448577881,-0.021347302943468094,0.3153567910194397,0.5457621812820435,-0.042157482355833054,0.3224831223487854,0.5695621967315674,-0.046180203557014465,0.3346143364906311,0.5797164440155029,-0.044535860419273376,0.0,0.0,0.0,0.0,0.0,0.0,0.0,0.0,0.0,0.0,0.0,0.0,0.0,0.0,0.0,0.0,0.0,0.0,0.0,0.0,0.0,0.0,0.0,0.0,0.0,0.0,0.0,0.0,0.0,0.0,0.0,0.0,0.0,0.0,0.0,0.0,0.0,0.0,0.0,0.0,0.0,0.0,0.0,0.0,0.0,0.0,0.0,0.0,0.0,0.0,0.0,0.0,0.0,0.0,0.0,0.0,0.0,0.0,0.0,0.0,0.0,0.0,0.0
NEED,0.46941936016082764,0.6332021951675415,-1.1736428717767922e-07,0.5170326232910156,0.6244038343429565,-0.017469368875026703,0.5505364537239075,0.6111295223236084,-0.03927883133292198,0.5601074695587158,0.61424720287323,-0.0627136379480362,0.5449818968772888,0.6227823495864868,-0.08205759525299072,0.5404268503189087,0.515485405921936,-0.0396026149392128,0.5447381734848022,0.4644191861152649,-0.07783517986536026,0.5612043738365173,0.4972032308578491,-0.09558966755867004,0.5706321597099304,0.5341933369636536,-0.10051251202821732,0.507932186126709,0.5147589445114136,-0.04448122903704643,0.532526969909668,0.5821213722229004,-0.0773843303322792,0.5409104228019714,0.6175668835639954,-0.07796117663383484,0.5388029217720032,0.6083648204803467,-0.07191310822963715,0.4793258607387543,0.5380122661590576,-0.05292965844273567,0.5085835456848145,0.6185904741287231,-0.07572510093450546,0.5164551138877869,0.6321735978126526,-0.06230880692601204,0.5135953426361084,0.6097664833068848,-0.04774327203631401,0.45804211497306824,0.5674918293952942,-0.0646389052271843,0.4830348789691925,0.6306402683258057,-0.07811031490564346,0.4900957942008972,0.6405263543128967,-0.06939605623483658,0.4872431457042694,0.6230294704437256,-0.0571860708296299,0.0,0.0,0.0,0.0,0.0,0.0,0.0,0.0,0.0,0.0,0.0,0.0,0.0,0.0,0.0,0.0,0.0,0.0,0.0,0.0,0.0,0.0,0.0,0.0,0.0,0.0,0.0,0.0,0.0,0.0,0.0,0.0,0.0,0.0,0.0,0.0,0.0,0.0,0.0,0.0,0.0,0.0,0.0,0.0,0.0,0.0,0.0,0.0,0.0,0.0,0.0,0.0,0.0,0.0,0.0,0.0,0.0,0.0,0.0,0.0,0.0,0.0,0.0
NEED,0.4685594439506531,0.6500980854034424,1.0276112760720935e-07,0.5145484805107117,0.6369181871414185,-0.01526946946978569,0.5441242456436157,0.6263741254806519,-0.03933146595954895,0.5619329810142517,0.6248331069946289,-0.06494172662496567,0.5484574437141418,0.6218290328979492,-0.08731064200401306,0.5322190523147583,0.5187228918075562,-0.04279642552137375,0.5341956615447998,0.4712926149368286,-0.07680843770503998,0.5548945665359497,0.49527764320373535,-0.09105131030082703,0.5668279528617859,0.5308302640914917,-0.09514275193214417,0.5006664991378784,0.525654673576355,-0.05023187771439552,0.5296322703361511,0.5683685541152954,-0.08090225607156754,0.5347764492034912,0.6085788607597351,-0.0787632167339325,0.5301743149757385,0.6035797595977783,-0.07184185087680817,0.47381553053855896,0.5532851219177246,-0.05998329818248749,0.5077029466629028,0.6186506748199463,-0.08275188505649567,0.5174180865287781,0.6368999481201172,-0.06736544519662857,0.5127346515655518,0.6210942268371582,-0.05252993479371071,0.4536677896976471,0.5899389386177063,-0.07237659394741058,0.48252859711647034,0.6447158455848694,-0.08537637442350388,0.4947212338447571,0.6548542976379395,-0.074771948158741,0.4926287531852722,0.6401274800300598,-0.06244145333766937,0.0,0.0,0.0,0.0,0.0,0.0,0.0,0.0,0.0,0.0,0.0,0.0,0.0,0.0,0.0,0.0,0.0,0.0,0.0,0.0,0.0,0.0,0.0,0.0,0.0,0.0,0.0,0.0,0.0,0.0,0.0,0.0,0.0,0.0,0.0,0.0,0.0,0.0,0.0,0.0,0.0,0.0,0.0,0.0,0.0,0.0,0.0,0.0,0.0,0.0,0.0,0.0,0.0,0.0,0.0,0.0,0.0,0.0,0.0,0.0,0.0,0.0,0.0
FOOD,0.4545265734195709,0.7169672250747681,8.103523185809536e-08,0.43886038661003113,0.6480762958526611,0.009183123707771301,0.4557091295719147,0.5891861915588379,0.008296588435769081,0.48815035820007324,0.563575804233551,0.006235067266970873,0.5150051116943359,0.5566357374191284,0.004925647284835577,0.4562656879425049,0.5708834528923035,-0.012483863160014153,0.5040532350540161,0.5124320983886719,-0.01691892370581627,0.5229510068893433,0.5089353322982788,-0.014395075850188732,0.527744472026825,0.5184709429740906,-0.009811073541641235,0.48301365971565247,0.5974962115287781,-0.019923482090234756,0.5309138298034668,0.5338891744613647,-0.02079746685922146,0.542060375213623,0.5318087339401245,-0.014432035386562347,0.5384434461593628,0.5413297414779663,-0.00801281537860632,0.5073778629302979,0.6272297501564026,-0.02507743425667286,0.5467483997344971,0.5704054236412048,-0.021570546552538872,0.5500207543373108,0.5652341842651367,-0.011708661913871765,0.5420293211936951,0.569757878780365,-0.004630424082279205,0.5258318781852722,0.6567039489746094,-0.029265128076076508,0.5439719557762146,0.6109854578971863,-0.021221626549959183,0.5391994714736938,0.6059514284133911,-0.008650624193251133,0.5302851796150208,0.6106396317481995,0.0009707323042675853,0.0,0.0,0.0,0.0,0.0,0.0,0.0,0.0,0.0,0.0,0.0,0.0,0.0,0.0,0.0,0.0,0.0,0.0,0.0,0.0,0.0,0.0,0.0,0.0,0.0,0.0,0.0,0.0,0.0,0.0,0.0,0.0,0.0,0.0,0.0,0.0,0.0,0.0,0.0,0.0,0.0,0.0,0.0,0.0,0.0,0.0,0.0,0.0,0.0,0.0,0.0,0.0,0.0,0.0,0.0,0.0,0.0,0.0,0.0,0.0,0.0,0.0,0.0
FOOD,0.4644622206687927,0.7746191620826721,1.4517617330511712e-07,0.4414288401603699,0.7072581052780151,0.0031815962865948677,0.4549291729927063,0.6420388221740723,-0.0015300122322514653,0.48959070444107056,0.6020866632461548,-0.004977829288691282,0.5180866122245789,0.5845151543617249,-0.0072379750199615955,0.4616691768169403,0.6289039254188538,-0.02693384885787964,0.5121300220489502,0.5588186383247375,-0.033131808042526245,0.5332370400428772,0.5400902628898621,-0.02813144400715828,0.5424378514289856,0.5369978547096252,-0.020877230912446976,0.49207741022109985,0.6584454774856567,-0.030657755210995674,0.5453341007232666,0.5805357098579407,-0.034120842814445496,0.5594499111175537,0.5602531433105469,-0.02358059585094452,0.5615268349647522,0.5546592473983765,-0.01283052284270525,0.5184757709503174,0.6878123879432678,-0.0319293849170208,0.5623844265937805,0.620036244392395,-0.03028431162238121,0.5736963152885437,0.5896624326705933,-0.01667102240025997,0.5741017460823059,0.5751439332962036,-0.005800862796604633,0.5375456809997559,0.714443564414978,-0.03247648477554321,0.560810923576355,0.6589546203613281,-0.025547783821821213,0.5667689442634583,0.630610466003418,-0.011813314631581306,0.5671194791793823,0.6136609315872192,-0.00028897516313008964,0.0,0.0,0.0,0.0,0.0,0.0,0.0,0.0,0.0,0.0,0.0,0.0,0.0,0.0,0.0,0.0,0.0,0.0,0.0,0.0,0.0,0.0,0.0,0.0,0.0,0.0,0.0,0.0,0.0,0.0,0.0,0.0,0.0,0.0,0.0,0.0,0.0,0.0,0.0,0.0,0.0,0.0,0.0,0.0,0.0,0.0,0.0,0.0,0.0,0.0,0.0,0.0,0.0,0.0,0.0,0.0,0.0,0.0,0.0,0.0,0.0,0.0,0.0
FOOD,0.4700671434402466,0.8274877071380615,2.5626547994761495e-07,0.44174790382385254,0.7663713693618774,-0.013627398759126663,0.4535859525203705,0.6931074261665344,-0.026929669082164764,0.4924766719341278,0.648699939250946,-0.034200094640254974,0.5242758393287659,0.6293546557426453,-0.04028357192873955,0.4566939175128937,0.7265158295631409,-0.06208011135458946,0.5099345445632935,0.6328209042549133,-0.07311471551656723,0.5337133407592773,0.5971639156341553,-0.06692468374967575,0.5483779907226562,0.5785214900970459,-0.05831584334373474,0.48978686332702637,0.7655219435691833,-0.057767271995544434,0.5451934933662415,0.6553188562393188,-0.06850521266460419,0.5582869052886963,0.6113452315330505,-0.05716261640191078,0.5625023245811462,0.5834478139877319,-0.046097539365291595,0.5193139910697937,0.7883144021034241,-0.05055036023259163,0.5628399848937988,0.6854756474494934,-0.05612608417868614,0.569335401058197,0.6384342908859253,-0.041840821504592896,0.5676730275154114,0.6081770658493042,-0.029573295265436172,0.5422478914260864,0.7983748316764832,-0.0431964248418808,0.5649921894073486,0.7112132906913757,-0.04172993823885918,0.5669352412223816,0.6697986125946045,-0.028478560969233513,0.5630298256874084,0.6430681347846985,-0.017429493367671967,0.0,0.0,0.0,0.0,0.0,0.0,0.0,0.0,0.0,0.0,0.0,0.0,0.0,0.0,0.0,0.0,0.0,0.0,0.0,0.0,0.0,0.0,0.0,0.0,0.0,0.0,0.0,0.0,0.0,0.0,0.0,0.0,0.0,0.0,0.0,0.0,0.0,0.0,0.0,0.0,0.0,0.0,0.0,0.0,0.0,0.0,0.0,0.0,0.0,0.0,0.0,0.0,0.0,0.0,0.0,0.0,0.0,0.0,0.0,0.0,0.0,0.0,0.0
FOOD,0.4436753988265991,0.7768595218658447,4.3223045054219256e-07,0.431579053401947,0.7003839612007141,0.003316005924716592,0.4542321264743805,0.6365145444869995,0.0013208690797910094,0.4905722439289093,0.5985763669013977,0.0009595529409125447,0.5176973938941956,0.5790724754333496,0.00155854772310704,0.45821675658226013,0.6266438961029053,-0.015552944503724575,0.5008537769317627,0.5675190091133118,-0.01706208847463131,0.5222089290618896,0.5347380042076111,-0.014160615392029285,0.5347381830215454,0.5095498561859131,-0.010325859300792217,0.4875418245792389,0.6572067141532898,-0.01906018704175949,0.5351345539093018,0.5862385630607605,-0.01992565020918846,0.5511565804481506,0.5490545630455017,-0.015989163890480995,0.5571210980415344,0.5209264159202576,-0.011204172857105732,0.5132611393928528,0.6850486993789673,-0.02002936229109764,0.5538547039031982,0.6191126108169556,-0.017787868157029152,0.5651841759681702,0.5784785151481628,-0.010600768029689789,0.5673354864120483,0.5499991178512573,-0.004494869615882635,0.5318498611450195,0.7100327014923096,-0.020152412354946136,0.5512605309486389,0.6502978205680847,-0.012847346253693104,0.5544413924217224,0.6165744066238403,-0.0009449385688640177,0.5539867281913757,0.593044102191925,0.009040446020662785,0.0,0.0,0.0,0.0,0.0,0.0,0.0,0.0,0.0,0.0,0.0,0.0,0.0,0.0,0.0,0.0,0.0,0.0,0.0,0.0,0.0,0.0,0.0,0.0,0.0,0.0,0.0,0.0,0.0,0.0,0.0,0.0,0.0,0.0,0.0,0.0,0.0,0.0,0.0,0.0,0.0,0.0,0.0,0.0,0.0,0.0,0.0,0.0,0.0,0.0,0.0,0.0,0.0,0.0,0.0,0.0,0.0,0.0,0.0,0.0,0.0,0.0,0.0
FOOD,0.4393027126789093,0.7441893815994263,2.333054140990498e-07,0.4297099709510803,0.6717891693115234,0.005532705690711737,0.4518030881881714,0.6146539449691772,0.003112609963864088,0.4874451756477356,0.5898231863975525,0.00045667384983971715,0.5156022310256958,0.5841562747955322,-0.001456588041037321,0.45556607842445374,0.5911085605621338,-0.011634632013738155,0.4972856640815735,0.5337162613868713,-0.014106175862252712,0.5170120000839233,0.5152565836906433,-0.011680320836603642,0.5288203954696655,0.5059235095977783,-0.008358965627849102,0.4818935990333557,0.6187624931335449,-0.017163759097456932,0.5286806225776672,0.5527917146682739,-0.017360610887408257,0.5413472652435303,0.533228874206543,-0.012557992711663246,0.544704020023346,0.5241407155990601,-0.007514224853366613,0.5046643018722534,0.6480671167373657,-0.020632851868867874,0.541718065738678,0.5817479491233826,-0.016926772892475128,0.5482994914054871,0.5559223890304565,-0.007924779318273067,0.5482304692268372,0.5418829321861267,-0.0015757688088342547,0.5216143131256104,0.6763826608657837,-0.023496748879551888,0.5387428998947144,0.616705596446991,-0.015649041160941124,0.5380807518959045,0.594554603099823,-0.0032679259311407804,0.535793662071228,0.5833054780960083,0.006279538385570049,0.0,0.0,0.0,0.0,0.0,0.0,0.0,0.0,0.0,0.0,0.0,0.0,0.0,0.0,0.0,0.0,0.0,0.0,0.0,0.0,0.0,0.0,0.0,0.0,0.0,0.0,0.0,0.0,0.0,0.0,0.0,0.0,0.0,0.0,0.0,0.0,0.0,0.0,0.0,0.0,0.0,0.0,0.0,0.0,0.0,0.0,0.0,0.0,0.0,0.0,0.0,0.0,0.0,0.0,0.0,0.0,0.0,0.0,0.0,0.0,0.0,0.0,0.0
FOOD,0.3113214075565338,0.7827854156494141,2.0639021158785908e-07,0.3365873396396637,0.7129501700401306,-0.000948420143686235,0.33948108553886414,0.6622354984283447,-0.0075971041806042194,0.34609878063201904,0.6275199055671692,-0.01727396994829178,0.3590885102748871,0.5989366769790649,-0.025484871119260788,0.27057042717933655,0.6396425366401672,-0.0028440882451832294,0.3072277903556824,0.5900984406471252,-0.01853981614112854,0.33730846643447876,0.5792648792266846,-0.031047828495502472,0.35893747210502625,0.5764613747596741,-0.03893686458468437,0.2718690037727356,0.6558999419212341,-0.011247722432017326,0.3134763836860657,0.5996853709220886,-0.025896115228533745,0.3422131836414337,0.5852652788162231,-0.03346743807196617,0.36441880464553833,0.5770660638809204,-0.03789162263274193,0.2830250859260559,0.6741291284561157,-0.02113049477338791,0.3228600025177002,0.6202297806739807,-0.033192895352840424,0.3481287658214569,0.6017667651176453,-0.03503504395484924,0.36787834763526917,0.5912696719169617,-0.03501662239432335,0.30135494470596313,0.6916318535804749,-0.031840141862630844,0.3312976360321045,0.648505449295044,-0.03759468346834183,0.3482855558395386,0.6278204917907715,-0.03645531088113785,0.36182355880737305,0.6128455400466919,-0.03494329750537872,0.0,0.0,0.0,0.0,0.0,0.0,0.0,0.0,0.0,0.0,0.0,0.0,0.0,0.0,0.0,0.0,0.0,0.0,0.0,0.0,0.0,0.0,0.0,0.0,0.0,0.0,0.0,0.0,0.0,0.0,0.0,0.0,0.0,0.0,0.0,0.0,0.0,0.0,0.0,0.0,0.0,0.0,0.0,0.0,0.0,0.0,0.0,0.0,0.0,0.0,0.0,0.0,0.0,0.0,0.0,0.0,0.0,0.0,0.0,0.0,0.0,0.0,0.0
FOOD,0.34659671783447266,0.7724311351776123,1.687779302983472e-07,0.3776894807815552,0.7001383304595947,0.00031669653253629804,0.38322290778160095,0.651896059513092,-0.0045337737537920475,0.3909413814544678,0.6202283501625061,-0.012705973349511623,0.40589669346809387,0.5945606231689453,-0.01975123956799507,0.31722283363342285,0.6242320537567139,0.002617953810840845,0.3596998453140259,0.5798472762107849,-0.011974279768764973,0.3903549909591675,0.5714635252952576,-0.02486518770456314,0.4117729663848877,0.5691686272621155,-0.033128444105386734,0.31848734617233276,0.6386272311210632,-0.005794500932097435,0.3660992681980133,0.5868203639984131,-0.020373119041323662,0.3979005813598633,0.5767326354980469,-0.029539035633206367,0.42193353176116943,0.5720400810241699,-0.03431998938322067,0.3291016221046448,0.6562213897705078,-0.015605471096932888,0.37484973669052124,0.6075991988182068,-0.02705802209675312,0.4027620553970337,0.5917496681213379,-0.030633073300123215,0.4238632023334503,0.5832453370094299,-0.031050225719809532,0.3456664979457855,0.6742914915084839,-0.026132814586162567,0.37951040267944336,0.6344467401504517,-0.03097550943493843,0.3991226553916931,0.6171634793281555,-0.030212286859750748,0.4143649935722351,0.6047320365905762,-0.028590841218829155,0.0,0.0,0.0,0.0,0.0,0.0,0.0,0.0,0.0,0.0,0.0,0.0,0.0,0.0,0.0,0.0,0.0,0.0,0.0,0.0,0.0,0.0,0.0,0.0,0.0,0.0,0.0,0.0,0.0,0.0,0.0,0.0,0.0,0.0,0.0,0.0,0.0,0.0,0.0,0.0,0.0,0.0,0.0,0.0,0.0,0.0,0.0,0.0,0.0,0.0,0.0,0.0,0.0,0.0,0.0,0.0,0.0,0.0,0.0,0.0,0.0,0.0,0.0
FOOD,0.33529818058013916,0.7630233764648438,2.631909126193932e-07,0.36557599902153015,0.696386456489563,0.0010650897165760398,0.3690434992313385,0.6461647748947144,-0.0029375881422311068,0.3727160394191742,0.6137024760246277,-0.00990418903529644,0.37989285588264465,0.5881116390228271,-0.015645893290638924,0.30625128746032715,0.6216230988502502,-0.0008076764643192291,0.34673964977264404,0.5770953893661499,-0.0154614532366395,0.378582626581192,0.5716356039047241,-0.026888785883784294,0.40093371272087097,0.571994960308075,-0.03375929221510887,0.3077215850353241,0.6360505223274231,-0.008799250237643719,0.35241588950157166,0.5837859511375427,-0.02261056751012802,0.3827727437019348,0.5758586525917053,-0.029291538521647453,0.4052588939666748,0.573357343673706,-0.032671455293893814,0.31811410188674927,0.6532925367355347,-0.018045563250780106,0.3605268895626068,0.604256272315979,-0.02974994294345379,0.38715794682502747,0.5910861492156982,-0.031550150364637375,0.4067286550998688,0.5849675536155701,-0.0309706199914217,0.33519282937049866,0.6705560684204102,-0.027764858677983284,0.36668699979782104,0.6301617622375488,-0.03381296992301941,0.3841134011745453,0.6124640107154846,-0.03339331969618797,0.397653192281723,0.5994769930839539,-0.03194043040275574,0.0,0.0,0.0,0.0,0.0,0.0,0.0,0.0,0.0,0.0,0.0,0.0,0.0,0.0,0.0,0.0,0.0,0.0,0.0,0.0,0.0,0.0,0.0,0.0,0.0,0.0,0.0,0.0,0.0,0.0,0.0,0.0,0.0,0.0,0.0,0.0,0.0,0.0,0.0,0.0,0.0,0.0,0.0,0.0,0.0,0.0,0.0,0.0,0.0,0.0,0.0,0.0,0.0,0.0,0.0,0.0,0.0,0.0,0.0,0.0,0.0,0.0,0.0
FOOD,0.2437116503715515,0.8193646669387817,1.969933265399959e-07,0.26109740138053894,0.7441803812980652,-0.0034839180298149586,0.25551244616508484,0.6898346543312073,-0.01052053738385439,0.2559022605419159,0.6503986120223999,-0.02007710188627243,0.26174813508987427,0.6166917085647583,-0.027631444856524467,0.1757950782775879,0.6874567866325378,-0.0042914957739412785,0.20509278774261475,0.624079167842865,-0.022063536569476128,0.23585782945156097,0.6050449013710022,-0.036263465881347656,0.25817403197288513,0.5958080291748047,-0.045121945440769196,0.17701619863510132,0.7019121646881104,-0.011917244642972946,0.21253786981105804,0.6300484538078308,-0.028728308156132698,0.24223336577415466,0.6076744794845581,-0.037510987371206284,0.26516062021255493,0.5933825373649597,-0.0422065369784832,0.18975992500782013,0.7158570289611816,-0.021302655339241028,0.22514137625694275,0.6477320194244385,-0.035637252032756805,0.25059404969215393,0.621615469455719,-0.0380539670586586,0.2702564299106598,0.6040347218513489,-0.037814341485500336,0.2112010270357132,0.7273015379905701,-0.03175140544772148,0.23942111432552338,0.6715559363365173,-0.03936484083533287,0.25565844774246216,0.6454885601997375,-0.0386819951236248,0.2679860293865204,0.6252564787864685,-0.037027884274721146,0.0,0.0,0.0,0.0,0.0,0.0,0.0,0.0,0.0,0.0,0.0,0.0,0.0,0.0,0.0,0.0,0.0,0.0,0.0,0.0,0.0,0.0,0.0,0.0,0.0,0.0,0.0,0.0,0.0,0.0,0.0,0.0,0.0,0.0,0.0,0.0,0.0,0.0,0.0,0.0,0.0,0.0,0.0,0.0,0.0,0.0,0.0,0.0,0.0,0.0,0.0,0.0,0.0,0.0,0.0,0.0,0.0,0.0,0.0,0.0,0.0,0.0,0.0
FOOD,0.6826790571212769,0.7689136266708374,-4.167222300566209e-07,0.669057309627533,0.7130650281906128,-0.020925283432006836,0.6756352782249451,0.6611549854278564,-0.02237091399729252,0.6716558933258057,0.6256985664367676,-0.017643170431256294,0.6616927981376648,0.6028028726577759,-0.012316173873841763,0.7388207912445068,0.6580535769462585,-0.013544296845793724,0.708661675453186,0.614557147026062,-0.010195596143603325,0.6806368231773376,0.6014605164527893,-0.009985900484025478,0.6633650660514832,0.6009272933006287,-0.009904641658067703,0.7458581328392029,0.6817089319229126,0.000231526093557477,0.7147120833396912,0.6348192095756531,0.00476798415184021,0.6862571835517883,0.6260064244270325,0.002010037424042821,0.6651320457458496,0.6277640461921692,-0.0013950323918834329,0.7431437373161316,0.700515866279602,0.013521766290068626,0.7131056189537048,0.6544414758682251,0.014650597237050533,0.6883412599563599,0.6443492770195007,0.007469899021089077,0.6683163642883301,0.6451963186264038,0.001988231437280774,0.7364423871040344,0.7161222100257874,0.02593734860420227,0.7111663222312927,0.6757055521011353,0.023596977815032005,0.6915843486785889,0.6652917265892029,0.020224733278155327,0.6741025447845459,0.6621560454368591,0.018696827813982964,0.0,0.0,0.0,0.0,0.0,0.0,0.0,0.0,0.0,0.0,0.0,0.0,0.0,0.0,0.0,0.0,0.0,0.0,0.0,0.0,0.0,0.0,0.0,0.0,0.0,0.0,0.0,0.0,0.0,0.0,0.0,0.0,0.0,0.0,0.0,0.0,0.0,0.0,0.0,0.0,0.0,0.0,0.0,0.0,0.0,0.0,0.0,0.0,0.0,0.0,0.0,0.0,0.0,0.0,0.0,0.0,0.0,0.0,0.0,0.0,0.0,0.0,0.0
FOOD,0.6503357887268066,0.7619543671607971,-3.1132060485106194e-07,0.6374301910400391,0.7018914222717285,-0.018805384635925293,0.6424880623817444,0.6491907835006714,-0.020896226167678833,0.637364387512207,0.6119101047515869,-0.01787612773478031,0.6281152367591858,0.586281418800354,-0.01506062876433134,0.7022894620895386,0.6409876942634583,-0.011774342507123947,0.6717333793640137,0.5938811898231506,-0.006239102687686682,0.6456218957901001,0.585442841053009,-0.0040540858171880245,0.6276829838752747,0.5872003436088562,-0.0029015883337706327,0.7108880281448364,0.6615100502967834,0.0010222389828413725,0.6719465255737305,0.614966094493866,0.00546616967767477,0.6427532434463501,0.610112726688385,0.0008655150304548442,0.6215372085571289,0.6143991947174072,-0.003613507840782404,0.7090998888015747,0.6791225075721741,0.014177123084664345,0.6685100793838501,0.6347334384918213,0.015769420191645622,0.6438626646995544,0.628451943397522,0.0071324934251606464,0.6242642402648926,0.6345013380050659,0.0007749302312731743,0.7030064463615417,0.6939051151275635,0.026759769767522812,0.673220157623291,0.656157910823822,0.025478271767497063,0.6533974409103394,0.6501854658126831,0.022521190345287323,0.636381983757019,0.6533083319664001,0.021393397822976112,0.0,0.0,0.0,0.0,0.0,0.0,0.0,0.0,0.0,0.0,0.0,0.0,0.0,0.0,0.0,0.0,0.0,0.0,0.0,0.0,0.0,0.0,0.0,0.0,0.0,0.0,0.0,0.0,0.0,0.0,0.0,0.0,0.0,0.0,0.0,0.0,0.0,0.0,0.0,0.0,0.0,0.0,0.0,0.0,0.0,0.0,0.0,0.0,0.0,0.0,0.0,0.0,0.0,0.0,0.0,0.0,0.0,0.0,0.0,0.0,0.0,0.0,0.0
FOOD,0.6994907259941101,0.7738469839096069,-4.5535725234913116e-07,0.6864395141601562,0.7149247527122498,-0.018294863402843475,0.6947752237319946,0.6576318740844727,-0.01990472339093685,0.6947882175445557,0.6177990436553955,-0.016195232048630714,0.6867493391036987,0.5938278436660767,-0.012358317151665688,0.7607516646385193,0.6623426079750061,-0.013830742798745632,0.7338563203811646,0.6125963926315308,-0.013200759887695312,0.7052860260009766,0.5943636298179626,-0.015514731407165527,0.6853827238082886,0.5882595777511597,-0.0169025007635355,0.7700064778327942,0.6847423315048218,-0.0019583178218454123,0.7398297786712646,0.6319427490234375,0.0006187428953126073,0.7095305323600769,0.6178988218307495,-0.003572868648916483,0.6863455772399902,0.6143459677696228,-0.007792945485562086,0.7689896821975708,0.701974093914032,0.00988029409199953,0.7394933700561523,0.6515270471572876,0.011257879436016083,0.7149384617805481,0.6387317180633545,0.005168283823877573,0.6940932869911194,0.6374984979629517,0.00025960057973861694,0.7626050114631653,0.7169262170791626,0.020862724632024765,0.7391042709350586,0.6739596724510193,0.020698975771665573,0.7206997871398926,0.6623564958572388,0.019586723297834396,0.7034125924110413,0.6583014726638794,0.01943357102572918,0.682738721370697,0.7710562944412231,-2.5009842374856817e-07,0.6832600235939026,0.712186336517334,-0.015903038904070854,0.6917487382888794,0.6556890606880188,-0.012031693942844868,0.689653217792511,0.6166421175003052,-0.003474642988294363,0.6818670630455017,0.5910593867301941,0.006911744829267263,0.7510944604873657,0.6572702527046204,0.008182293735444546,0.7290087938308716,0.6126366853713989,0.011953347362577915,0.7046005725860596,0.5942226648330688,0.006690375506877899,0.6869546175003052,0.5843778848648071,0.003022578312084079,0.7462655305862427,0.6659348011016846,0.020925555378198624,0.7274523973464966,0.6233880519866943,0.02899848483502865,0.7038333415985107,0.60822594165802,0.02235003374516964,0.683202862739563,0.6023176908493042,0.01622147299349308,0.7356875538825989,0.6717551350593567,0.031755100935697556,0.7181700468063354,0.632284939289093,0.03693787753582001,0.7002481818199158,0.6179949641227722,0.02785884030163288,0.6845234632492065,0.6126670837402344,0.02087518759071827,0.7239886522293091,0.6768115758895874,0.041391994804143906,0.7104854583740234,0.643980860710144,0.04479653015732765,0.6967641711235046,0.6353644728660583,0.042182981967926025,0.6850984692573547,0.6307014226913452,0.040459971874952316
FOOD,0.4084250330924988,0.5709786415100098,1.5528456742686103e-07,0.3959689438343048,0.5143824815750122,0.007680180016905069,0.4009742736816406,0.46580785512924194,0.003033135551959276,0.42233598232269287,0.43496838212013245,-0.004101276863366365,0.4435998201370239,0.4209628701210022,-0.010573933832347393,0.3915722072124481,0.4417908787727356,-0.010282589122653008,0.4312174320220947,0.3909050226211548,-0.01955500617623329,0.45455825328826904,0.3855494558811188,-0.02277262881398201,0.4671160876750946,0.38896119594573975,-0.02266450971364975,0.41104447841644287,0.45733511447906494,-0.019527385011315346,0.4505193531513214,0.39990565180778503,-0.023592276498675346,0.4708673059940338,0.3899659514427185,-0.0214123222976923,0.4821988642215729,0.38998040556907654,-0.0190694909542799,0.43241405487060547,0.47670334577560425,-0.02761821821331978,0.466921329498291,0.42379510402679443,-0.026691269129514694,0.4823264181613922,0.41169947385787964,-0.01969490945339203,0.4892081022262573,0.40826043486595154,-0.01520997192710638,0.45415452122688293,0.4982546865940094,-0.03549940884113312,0.47704824805259705,0.4552695155143738,-0.030664799734950066,0.4873168170452118,0.43871915340423584,-0.021749218925833702,0.49309101700782776,0.42918160557746887,-0.014931193552911282,0.0,0.0,0.0,0.0,0.0,0.0,0.0,0.0,0.0,0.0,0.0,0.0,0.0,0.0,0.0,0.0,0.0,0.0,0.0,0.0,0.0,0.0,0.0,0.0,0.0,0.0,0.0,0.0,0.0,0.0,0.0,0.0,0.0,0.0,0.0,0.0,0.0,0.0,0.0,0.0,0.0,0.0,0.0,0.0,0.0,0.0,0.0,0.0,0.0,0.0,0.0,0.0,0.0,0.0,0.0,0.0,0.0,0.0,0.0,0.0,0.0,0.0,0.0
FOOD,0.44369351863861084,0.5727861523628235,1.0709425168897724e-07,0.43537822365760803,0.5111637115478516,0.011337917298078537,0.44502976536750793,0.46417856216430664,0.010479960590600967,0.4659428596496582,0.4349805414676666,0.006738979369401932,0.4885965883731842,0.42070260643959045,0.0033437260426580906,0.4447731673717499,0.4344446659088135,-0.0010956426849588752,0.483356237411499,0.3956013321876526,-0.004665611311793327,0.5035862922668457,0.393482506275177,-0.004371424671262503,0.5133388042449951,0.39873793721199036,-0.0026057111099362373,0.4620097279548645,0.4511360228061676,-0.01036332082003355,0.5059874057769775,0.41005003452301025,-0.008792024105787277,0.5236325263977051,0.4041113555431366,-0.005352524574846029,0.5315896272659302,0.4022921621799469,-0.0030914207454770803,0.48109984397888184,0.4735201299190521,-0.018228907138109207,0.5184546709060669,0.43762826919555664,-0.01355012971907854,0.5320020914077759,0.42760634422302246,-0.007098982576280832,0.5375595688819885,0.423199325799942,-0.0037344172596931458,0.49780362844467163,0.49887728691101074,-0.025497250258922577,0.5220515131950378,0.4702223539352417,-0.01717718318104744,0.5320946574211121,0.45882007479667664,-0.00741563132032752,0.5383500456809998,0.4517505168914795,-0.0005494882934726775,0.0,0.0,0.0,0.0,0.0,0.0,0.0,0.0,0.0,0.0,0.0,0.0,0.0,0.0,0.0,0.0,0.0,0.0,0.0,0.0,0.0,0.0,0.0,0.0,0.0,0.0,0.0,0.0,0.0,0.0,0.0,0.0,0.0,0.0,0.0,0.0,0.0,0.0,0.0,0.0,0.0,0.0,0.0,0.0,0.0,0.0,0.0,0.0,0.0,0.0,0.0,0.0,0.0,0.0,0.0,0.0,0.0,0.0,0.0,0.0,0.0,0.0,0.0
FOOD,0.462807834148407,0.5719236135482788,7.960336745327368e-08,0.4580354392528534,0.5130785703659058,0.008209897205233574,0.4705318510532379,0.4673134684562683,0.006033848039805889,0.49496880173683167,0.4438556432723999,0.0008971872157417238,0.5175941586494446,0.43565911054611206,-0.0032934797927737236,0.46480703353881836,0.4405781328678131,-0.0009706121636554599,0.5054584741592407,0.40203922986984253,-0.008116327226161957,0.5250309109687805,0.40768563747406006,-0.011606153100728989,0.5318542718887329,0.41909259557724,-0.012162202969193459,0.4821538031101227,0.4552643299102783,-0.009752537123858929,0.5252819061279297,0.41450777649879456,-0.010728609748184681,0.539912223815918,0.41898679733276367,-0.009009559638798237,0.5420822501182556,0.42666104435920715,-0.008028266951441765,0.4997931122779846,0.4758630096912384,-0.01795339211821556,0.5378261208534241,0.4406658411026001,-0.015241664834320545,0.5445834994316101,0.444516658782959,-0.009091630578041077,0.5415176749229431,0.4506194591522217,-0.006134482566267252,0.5154977440834045,0.49999988079071045,-0.026039784774184227,0.5397629141807556,0.4746086895465851,-0.019192881882190704,0.5416004061698914,0.4758269488811493,-0.010057973675429821,0.5378237962722778,0.4801391363143921,-0.004112386144697666,0.0,0.0,0.0,0.0,0.0,0.0,0.0,0.0,0.0,0.0,0.0,0.0,0.0,0.0,0.0,0.0,0.0,0.0,0.0,0.0,0.0,0.0,0.0,0.0,0.0,0.0,0.0,0.0,0.0,0.0,0.0,0.0,0.0,0.0,0.0,0.0,0.0,0.0,0.0,0.0,0.0,0.0,0.0,0.0,0.0,0.0,0.0,0.0,0.0,0.0,0.0,0.0,0.0,0.0,0.0,0.0,0.0,0.0,0.0,0.0,0.0,0.0,0.0
PLEASE,0.43148407340049744,0.69748854637146,2.0908692022203468e-07,0.4370461106300354,0.6360026597976685,-0.002672479720786214,0.46371206641197205,0.5896105766296387,-0.00750296376645565,0.48907166719436646,0.5551191568374634,-0.011409603990614414,0.5016174912452698,0.5223474502563477,-0.0161739494651556,0.5106627941131592,0.6053969264030457,-0.020513063296675682,0.563541829586029,0.5748709440231323,-0.031180357560515404,0.59357088804245,0.558398425579071,-0.035892557352781296,0.6159754991531372,0.5454622507095337,-0.037489838898181915,0.5213658213615417,0.6382287740707397,-0.024212973192334175,0.5765219926834106,0.6035290956497192,-0.03391629830002785,0.6088624000549316,0.5809476971626282,-0.03733547404408455,0.63204026222229,0.5636100769042969,-0.038229845464229584,0.5250669121742249,0.6728955507278442,-0.027056943625211716,0.576793372631073,0.6394845843315125,-0.035534556955099106,0.6087933778762817,0.6179599165916443,-0.03888575732707977,0.6318073272705078,0.6008113622665405,-0.03977201133966446,0.5233632922172546,0.7077197432518005,-0.029325947165489197,0.5650086402893066,0.6843959093093872,-0.034979987889528275,0.589525043964386,0.6699439883232117,-0.03475309535861015,0.6088842749595642,0.6573346853256226,-0.03304686397314072,0.0,0.0,0.0,0.0,0.0,0.0,0.0,0.0,0.0,0.0,0.0,0.0,0.0,0.0,0.0,0.0,0.0,0.0,0.0,0.0,0.0,0.0,0.0,0.0,0.0,0.0,0.0,0.0,0.0,0.0,0.0,0.0,0.0,0.0,0.0,0.0,0.0,0.0,0.0,0.0,0.0,0.0,0.0,0.0,0.0,0.0,0.0,0.0,0.0,0.0,0.0,0.0,0.0,0.0,0.0,0.0,0.0,0.0,0.0,0.0,0.0,0.0,0.0
PLEASE,0.3929983377456665,0.7229668498039246,1.2063183874033712e-07,0.4088289737701416,0.6659803986549377,0.000841017288621515,0.4483063220977783,0.634086549282074,-0.0022367939818650484,0.4851536154747009,0.620368480682373,-0.005062577314674854,0.5095298886299133,0.6024143099784851,-0.008772637695074081,0.48160210251808167,0.653606653213501,-0.02288901060819626,0.5434490442276001,0.6366514563560486,-0.03421980142593384,0.5761423707008362,0.6299652457237244,-0.038075704127550125,0.6008386611938477,0.6246185302734375,-0.03929421678185463,0.4857542812824249,0.6889058351516724,-0.029513495042920113,0.5489407777786255,0.6705323457717896,-0.04032641649246216,0.5845487117767334,0.6570701599121094,-0.04374537244439125,0.6111947298049927,0.6462299823760986,-0.04530762508511543,0.4840993881225586,0.7266756296157837,-0.034763921052217484,0.5452133417129517,0.7082338929176331,-0.04475708305835724,0.5805537700653076,0.6946603059768677,-0.04790150001645088,0.6071173548698425,0.683661699295044,-0.049074117094278336,0.478678435087204,0.7627905607223511,-0.03913238272070885,0.5271404385566711,0.7515883445739746,-0.047551337629556656,0.5564073920249939,0.7401453256607056,-0.04863516613841057,0.5808470845222473,0.7291436791419983,-0.04803837090730667,0.0,0.0,0.0,0.0,0.0,0.0,0.0,0.0,0.0,0.0,0.0,0.0,0.0,0.0,0.0,0.0,0.0,0.0,0.0,0.0,0.0,0.0,0.0,0.0,0.0,0.0,0.0,0.0,0.0,0.0,0.0,0.0,0.0,0.0,0.0,0.0,0.0,0.0,0.0,0.0,0.0,0.0,0.0,0.0,0.0,0.0,0.0,0.0,0.0,0.0,0.0,0.0,0.0,0.0,0.0,0.0,0.0,0.0,0.0,0.0,0.0,0.0,0.0
PLEASE,0.3918265402317047,0.6885881423950195,1.9171399401329836e-07,0.40668779611587524,0.6198806762695312,0.005044875200837851,0.4405721127986908,0.5762617588043213,0.005136045161634684,0.4737393856048584,0.5499101877212524,0.0037619469221681356,0.4946552813053131,0.5206302404403687,0.002251107944175601,0.4767080843448639,0.5788519978523254,-0.002563987160101533,0.5327572226524353,0.5457580089569092,-0.008405163884162903,0.5649867653846741,0.5281543731689453,-0.010152377188205719,0.5885283350944519,0.5143078565597534,-0.01015875767916441,0.4892517030239105,0.608081579208374,-0.010077190585434437,0.5478516221046448,0.5736939311027527,-0.015053153038024902,0.5828061103820801,0.5507198572158813,-0.017416760325431824,0.6076871156692505,0.5318416953086853,-0.018104108050465584,0.49559152126312256,0.6431209444999695,-0.017215169966220856,0.5475599765777588,0.609247088432312,-0.020803898572921753,0.5807086825370789,0.5860035419464111,-0.024524793028831482,0.6038981676101685,0.5663530230522156,-0.026646465063095093,0.497698038816452,0.6822525262832642,-0.02383062057197094,0.5393091440200806,0.6627371907234192,-0.024849560111761093,0.5634637475013733,0.6466636657714844,-0.024507930502295494,0.5827221274375916,0.6298525333404541,-0.0235536377876997,0.0,0.0,0.0,0.0,0.0,0.0,0.0,0.0,0.0,0.0,0.0,0.0,0.0,0.0,0.0,0.0,0.0,0.0,0.0,0.0,0.0,0.0,0.0,0.0,0.0,0.0,0.0,0.0,0.0,0.0,0.0,0.0,0.0,0.0,0.0,0.0,0.0,0.0,0.0,0.0,0.0,0.0,0.0,0.0,0.0,0.0,0.0,0.0,0.0,0.0,0.0,0.0,0.0,0.0,0.0,0.0,0.0,0.0,0.0,0.0,0.0,0.0,0.0
PLEASE,0.5963432192802429,0.7700952291488647,-1.827953077793154e-08,0.5615478754043579,0.7400519847869873,-0.003682778449729085,0.5380426645278931,0.6939877271652222,-0.003195911878719926,0.5266714096069336,0.6577133536338806,-0.0037616551853716373,0.521151602268219,0.6284852027893066,-0.0044049969874322414,0.5595110058784485,0.6447691321372986,0.011578339152038097,0.5473020076751709,0.6097685694694519,0.0056138550862669945,0.5372343063354492,0.5970056653022766,-0.002363685518503189,0.5316126346588135,0.5844103097915649,-0.008213371969759464,0.5787710547447205,0.6380035281181335,0.00741476658731699,0.5729082822799683,0.597338080406189,0.0016433403361588717,0.567864179611206,0.5778010487556458,-0.005877044517546892,0.5665287971496582,0.5607817769050598,-0.011043792590498924,0.5968148708343506,0.639868438243866,0.0008889419259503484,0.5945815443992615,0.6019512414932251,-0.007840425707399845,0.5912501215934753,0.5826020240783691,-0.012441626749932766,0.5912593007087708,0.5671052932739258,-0.014442509971559048,0.611774742603302,0.6481820344924927,-0.006303161382675171,0.6074255704879761,0.6140962839126587,-0.013113261200487614,0.605531632900238,0.5980706214904785,-0.012958045117557049,0.604777455329895,0.5849307179450989,-0.011871806345880032,0.42337626218795776,0.6975709199905396,2.523864850445534e-07,0.4364814758300781,0.6328161954879761,0.0016215441282838583,0.46588853001594543,0.5823752880096436,-0.001639041816815734,0.48843300342559814,0.5424191951751709,-0.0056357490830123425,0.4970656633377075,0.507524311542511,-0.010493786074221134,0.5127412676811218,0.6003687977790833,-0.011055107228457928,0.5681958198547363,0.5690963268280029,-0.018480729311704636,0.5987973809242249,0.5520002841949463,-0.022378435358405113,0.6215317845344543,0.5375430583953857,-0.024195490404963493,0.5233729481697083,0.6300176978111267,-0.01683623343706131,0.5811750292778015,0.5945615768432617,-0.021354442462325096,0.6130984425544739,0.5725212097167969,-0.023810196667909622,0.635710597038269,0.5550208687782288,-0.02567407675087452,0.5275316834449768,0.6635802388191223,-0.021778639405965805,0.5802901387214661,0.6294968128204346,-0.024418117478489876,0.6105496883392334,0.6087322235107422,-0.025824567303061485,0.6318402290344238,0.5916785001754761,-0.027552764862775803,0.5267311930656433,0.6978615522384644,-0.026414889842271805,0.5671939253807068,0.6745610237121582,-0.02810600958764553,0.5915334820747375,0.6597745418548584,-0.026688281446695328,0.6108588576316833,0.6464415788650513,-0.025348709896206856
PLEASE,0.4230149984359741,0.6965471506118774,1.4829323902176839e-07,0.43582022190093994,0.6291277408599854,0.0033213021233677864,0.46494027972221375,0.5805863738059998,0.001408070558682084,0.4872159957885742,0.5418329238891602,-0.0014086420414969325,0.49790331721305847,0.5078620910644531,-0.005088305100798607,0.5120072364807129,0.5983476638793945,-0.00933512020856142,0.5678288340568542,0.5695322155952454,-0.01796448789536953,0.5992616415023804,0.5535937547683716,-0.022186942398548126,0.6223049163818359,0.5407875776290894,-0.02395191602408886,0.52310711145401,0.6304210424423218,-0.015709390863776207,0.579746663570404,0.5949627161026001,-0.02130412496626377,0.6118303537368774,0.5745121836662292,-0.023215532302856445,0.6353736519813538,0.557659924030304,-0.024308688938617706,0.5279200673103333,0.6654033660888672,-0.021413754671812057,0.5786648988723755,0.6289429068565369,-0.02543644607067108,0.60858553647995,0.6095196008682251,-0.02648812346160412,0.6295436024665833,0.5933241844177246,-0.027256883680820465,0.5280928015708923,0.7016587257385254,-0.02667028270661831,0.5685192346572876,0.6767381429672241,-0.02938544563949108,0.592007040977478,0.6615880727767944,-0.027884509414434433,0.6103109121322632,0.6470140814781189,-0.02609783411026001,0.0,0.0,0.0,0.0,0.0,0.0,0.0,0.0,0.0,0.0,0.0,0.0,0.0,0.0,0.0,0.0,0.0,0.0,0.0,0.0,0.0,0.0,0.0,0.0,0.0,0.0,0.0,0.0,0.0,0.0,0.0,0.0,0.0,0.0,0.0,0.0,0.0,0.0,0.0,0.0,0.0,0.0,0.0,0.0,0.0,0.0,0.0,0.0,0.0,0.0,0.0,0.0,0.0,0.0,0.0,0.0,0.0,0.0,0.0,0.0,0.0,0.0,0.0
PLEASE,0.6000267863273621,0.762930154800415,-1.1386933174151181e-08,0.566667914390564,0.73154616355896,-0.0023488388396799564,0.5453801155090332,0.6824567317962646,0.0008802131633274257,0.5360879898071289,0.6453266739845276,0.00291893957182765,0.5329368710517883,0.6159263849258423,0.005159159190952778,0.5572400093078613,0.6420342326164246,0.016742313280701637,0.5468453168869019,0.6048198938369751,0.014184721745550632,0.5385425090789795,0.5909327268600464,0.008887290954589844,0.5347295999526978,0.578940212726593,0.004705486819148064,0.5760567784309387,0.6355267763137817,0.01375801395624876,0.5720909237861633,0.593920886516571,0.011726967990398407,0.5679223537445068,0.5770853757858276,0.0060744499787688255,0.5680418610572815,0.5603600144386292,0.001867785002104938,0.5953118205070496,0.6370286345481873,0.008462479338049889,0.5960279107093811,0.5989815592765808,0.002818064298480749,0.5941978693008423,0.5821700692176819,-0.0012104760389775038,0.5968304872512817,0.5674155354499817,-0.0034466779325157404,0.6135499477386475,0.6435173153877258,0.0025735364761203527,0.6136717796325684,0.6111181378364563,-0.002766897203400731,0.6140537261962891,0.5961915850639343,-0.0030287837143987417,0.6166497468948364,0.5832529067993164,-0.002563063520938158,0.4232064485549927,0.6977970600128174,1.5769882111271727e-07,0.4358166456222534,0.6308956146240234,0.0020226684864610434,0.4648856818675995,0.5811809301376343,-0.000987716601230204,0.4872220456600189,0.5419995784759521,-0.004697002936154604,0.4979865550994873,0.5076076984405518,-0.00923133920878172,0.511609673500061,0.5991614460945129,-0.012095066718757153,0.5674392580986023,0.569606363773346,-0.021612944081425667,0.5991164445877075,0.5537968277931213,-0.02627127803862095,0.6222814321517944,0.5413362383842468,-0.028238877654075623,0.5224955677986145,0.6314129829406738,-0.018183931708335876,0.5790643692016602,0.5953087210655212,-0.024480663239955902,0.6111660003662109,0.5751633048057556,-0.026736417785286903,0.6345692873001099,0.5591582655906677,-0.028065430000424385,0.5272539854049683,0.6665015816688538,-0.023595768958330154,0.5781590938568115,0.6299938559532166,-0.028260858729481697,0.6082645654678345,0.6104319095611572,-0.029696805402636528,0.6290082931518555,0.5944917798042297,-0.03067190572619438,0.5274147391319275,0.7029191851615906,-0.028607554733753204,0.5681145191192627,0.6781171560287476,-0.03178840130567551,0.591740071773529,0.6627066135406494,-0.03054310567677021,0.610115647315979,0.6479352712631226,-0.028879594057798386
PLEASE,0.6041849255561829,0.7548595070838928,-1.667416427153512e-08,0.5725332498550415,0.7310892343521118,-0.0027967230416834354,0.5489885210990906,0.6878820061683655,-0.0009005919564515352,0.5358770489692688,0.6536875367164612,0.0004408523382153362,0.5283265709877014,0.6277256608009338,0.0024380823597311974,0.5599924325942993,0.6512835621833801,0.011779210530221462,0.5476222038269043,0.6165191531181335,0.008623648434877396,0.5363109111785889,0.6033250689506531,0.0038880817592144012,0.5297751426696777,0.5933457612991333,0.0005161842564120889,0.5754818916320801,0.6424673795700073,0.010301492176949978,0.5663373470306396,0.6056975722312927,0.006682239938527346,0.5596643090248108,0.5895097851753235,0.001471100258640945,0.5573885440826416,0.5752695798873901,-0.0018391056219115853,0.5920202136039734,0.6388418674468994,0.007223131600767374,0.585422158241272,0.6041719317436218,0.0015492475358769298,0.5801026821136475,0.5866962671279907,-0.0008563591982237995,0.5786879062652588,0.5721578598022461,-0.0014420748921111226,0.6082297563552856,0.6387934684753418,0.0036767979618161917,0.6013786792755127,0.6068715453147888,-0.0007366872159764171,0.5982465147972107,0.5913828611373901,0.00019265440641902387,0.5970098972320557,0.5777872800827026,0.0019400862511247396,0.42306551337242126,0.697527289390564,1.640913893652396e-07,0.435395210981369,0.6310839653015137,0.0016347134951502085,0.46399882435798645,0.5812883973121643,-0.0016807736828923225,0.48635077476501465,0.5424966812133789,-0.005659393034875393,0.49777498841285706,0.5083936452865601,-0.010434591211378574,0.5114027857780457,0.5991541147232056,-0.012324515730142593,0.5674495100975037,0.5702111124992371,-0.021831102669239044,0.5990000367164612,0.5545080900192261,-0.026579437777400017,0.6219051480293274,0.5419417023658752,-0.0286289993673563,0.5221262574195862,0.6315596699714661,-0.018338408321142197,0.5791081190109253,0.5960881114006042,-0.024593573063611984,0.611068069934845,0.5761631727218628,-0.026948846876621246,0.6339225769042969,0.5601804256439209,-0.02837728150188923,0.5267927646636963,0.666624128818512,-0.023711517453193665,0.5780227184295654,0.6304196119308472,-0.028309447690844536,0.6081125736236572,0.61082524061203,-0.029846535995602608,0.6286805868148804,0.5946444869041443,-0.030956707894802094,0.5270202159881592,0.7030847668647766,-0.028721624985337257,0.5680193901062012,0.6784058213233948,-0.031979285180568695,0.5916044116020203,0.6628165245056152,-0.03085942193865776,0.609921932220459,0.6476539373397827,-0.029299160465598106
PLEASE,0.42319443821907043,0.6975082159042358,1.6331441088368592e-07,0.43543651700019836,0.63113933801651,0.0016840011812746525,0.4639888405799866,0.5812923312187195,-0.0015765457646921277,0.48636549711227417,0.542491614818573,-0.005470151547342539,0.49778521060943604,0.5084326267242432,-0.010150991380214691,0.5113382935523987,0.5991823673248291,-0.012423653155565262,0.5674077272415161,0.5702874064445496,-0.021794531494379044,0.5988620519638062,0.5545051693916321,-0.026361212134361267,0.6216106414794922,0.541796863079071,-0.02826055884361267,0.5220892429351807,0.6316401362419128,-0.018353980034589767,0.5791847705841064,0.5959288477897644,-0.02448941580951214,0.6110615134239197,0.5760233998298645,-0.02666904777288437,0.6337606906890869,0.5601472854614258,-0.02795163355767727,0.5268127918243408,0.6666525602340698,-0.023616831749677658,0.5781702995300293,0.6303218007087708,-0.028135284781455994,0.6082035303115845,0.6107478737831116,-0.029604637995362282,0.6286401748657227,0.5945924520492554,-0.030644120648503304,0.5270792841911316,0.7030055522918701,-0.02849385142326355,0.5681307911872864,0.6784260869026184,-0.03166356310248375,0.591707706451416,0.6629616022109985,-0.030501339584589005,0.6099680066108704,0.6478827595710754,-0.028896542266011238,0.0,0.0,0.0,0.0,0.0,0.0,0.0,0.0,0.0,0.0,0.0,0.0,0.0,0.0,0.0,0.0,0.0,0.0,0.0,0.0,0.0,0.0,0.0,0.0,0.0,0.0,0.0,0.0,0.0,0.0,0.0,0.0,0.0,0.0,0.0,0.0,0.0,0.0,0.0,0.0,0.0,0.0,0.0,0.0,0.0,0.0,0.0,0.0,0.0,0.0,0.0,0.0,0.0,0.0,0.0,0.0,0.0,0.0,0.0,0.0,0.0,0.0,0.0
PLEASE,0.5977580547332764,0.7657890319824219,-5.5356430550546065e-08,0.5608159303665161,0.7428297400474548,-0.0033527924679219723,0.5351097583770752,0.6974071264266968,-0.0009083643672056496,0.5227969884872437,0.659654438495636,0.0008547657052986324,0.517585039138794,0.6300873756408691,0.003021309385076165,0.5519103407859802,0.6525714993476868,0.014185077510774136,0.5385574102401733,0.6144041419029236,0.011417810805141926,0.5287679433822632,0.6002036333084106,0.0067730434238910675,0.5234535932540894,0.587145209312439,0.0032551332842558622,0.571652889251709,0.6422576904296875,0.012094253674149513,0.562684178352356,0.6024436950683594,0.009000752121210098,0.5550282001495361,0.5874823927879333,0.003943923860788345,0.5519112348556519,0.5729759931564331,0.0007751461234875023,0.5915434956550598,0.6395465135574341,0.007858342491090298,0.5873456597328186,0.6021066904067993,0.0012939147418364882,0.5809193849563599,0.5875387191772461,-0.0013854848220944405,0.579969048500061,0.5762803554534912,-0.0018083041068166494,0.6108675599098206,0.6419504880905151,0.0030796751379966736,0.6058192253112793,0.608100950717926,-0.0025313771329820156,0.6028629541397095,0.592927873134613,-0.0016969694988802075,0.6027143001556396,0.5812123417854309,0.0003461906162556261,0.42320430278778076,0.6973897218704224,1.6035393457514147e-07,0.43558576703071594,0.631342887878418,0.0019251903286203742,0.4642355442047119,0.5815708637237549,-0.0013397797010838985,0.4866176247596741,0.5424221158027649,-0.005318737123161554,0.49752724170684814,0.5080084204673767,-0.010121934115886688,0.5115904808044434,0.5996257662773132,-0.012348081916570663,0.5672606825828552,0.5702616572380066,-0.021820221096277237,0.5985962748527527,0.5544370412826538,-0.02653897926211357,0.621535062789917,0.5418016910552979,-0.028589483350515366,0.5222157835960388,0.6317497491836548,-0.01842947117984295,0.578917920589447,0.5958811640739441,-0.02465422824025154,0.6107394695281982,0.5758218169212341,-0.02683754451572895,0.6337268948554993,0.5597972869873047,-0.028132153674960136,0.5265645980834961,0.6667048931121826,-0.023810377344489098,0.5776134729385376,0.6307110786437988,-0.028314415365457535,0.6074275374412537,0.6113691926002502,-0.029566925019025803,0.6277876496315002,0.5953247547149658,-0.030459731817245483,0.5263332724571228,0.7032034993171692,-0.028811711817979813,0.567165195941925,0.6790477633476257,-0.03190132603049278,0.5907354950904846,0.6635497808456421,-0.030607551336288452,0.6090590357780457,0.6482583284378052,-0.028920119628310204
PLEASE,0.42232704162597656,0.6971727609634399,1.6735556584990263e-07,0.4342772662639618,0.6319152116775513,0.001097837695851922,0.46314537525177,0.5815065503120422,-0.0023606966715306044,0.4859164357185364,0.5420354604721069,-0.006325789727270603,0.49663272500038147,0.5070929527282715,-0.011140071786940098,0.5106860995292664,0.5989582538604736,-0.012908456847071648,0.5660502314567566,0.569743812084198,-0.02231282740831375,0.5973562002182007,0.5545226335525513,-0.027064723894000053,0.6202971339225769,0.5423021912574768,-0.02916194126009941,0.5213488340377808,0.6318263411521912,-0.018549906089901924,0.5776624083518982,0.5966669917106628,-0.024702338501811028,0.6093926429748535,0.5764839053153992,-0.027048181742429733,0.6324366927146912,0.5599437952041626,-0.028515702113509178,0.5255950093269348,0.6669121980667114,-0.02355603128671646,0.5768404603004456,0.6309728026390076,-0.028268208727240562,0.6063355207443237,0.6108015775680542,-0.02989422343671322,0.6265323162078857,0.5937660932540894,-0.031070344150066376,0.5253905057907104,0.702812135219574,-0.028186403214931488,0.5662279725074768,0.6792929768562317,-0.03145787864923477,0.5897690057754517,0.6647586226463318,-0.03036571852862835,0.6081019043922424,0.6502838730812073,-0.02888733334839344,0.0,0.0,0.0,0.0,0.0,0.0,0.0,0.0,0.0,0.0,0.0,0.0,0.0,0.0,0.0,0.0,0.0,0.0,0.0,0.0,0.0,0.0,0.0,0.0,0.0,0.0,0.0,0.0,0.0,0.0,0.0,0.0,0.0,0.0,0.0,0.0,0.0,0.0,0.0,0.0,0.0,0.0,0.0,0.0,0.0,0.0,0.0,0.0,0.0,0.0,0.0,0.0,0.0,0.0,0.0,0.0,0.0,0.0,0.0,0.0,0.0,0.0,0.0
PLEASE,0.4220968782901764,0.6970070600509644,1.7486755155005085e-07,0.43392956256866455,0.6315249800682068,0.00025810522492974997,0.4619574248790741,0.5807559490203857,-0.003847581334412098,0.48444613814353943,0.5417564511299133,-0.008353949524462223,0.49510669708251953,0.5069651007652283,-0.01364726573228836,0.5098536014556885,0.59767746925354,-0.013963233679533005,0.5648139715194702,0.5691694617271423,-0.023866312578320503,0.5962042808532715,0.5531039237976074,-0.029149122536182404,0.6186607480049133,0.5397419929504395,-0.03161413222551346,0.5206117033958435,0.6304577589035034,-0.019534194841980934,0.5770503282546997,0.5966164469718933,-0.025872016325592995,0.6086480021476746,0.5762616991996765,-0.028549883514642715,0.6305168867111206,0.5593177676200867,-0.030347222462296486,0.5249071717262268,0.665212094783783,-0.02452324517071247,0.5763515830039978,0.6308742761611938,-0.029374629259109497,0.6058551669120789,0.6108182668685913,-0.03131502866744995,0.6251382231712341,0.5937089920043945,-0.03283793851733208,0.5246528387069702,0.7005885243415833,-0.029229259118437767,0.5650699138641357,0.6796652674674988,-0.0327170304954052,0.5884713530540466,0.6654374003410339,-0.03195063769817352,0.606176495552063,0.650996208190918,-0.030765797942876816,0.0,0.0,0.0,0.0,0.0,0.0,0.0,0.0,0.0,0.0,0.0,0.0,0.0,0.0,0.0,0.0,0.0,0.0,0.0,0.0,0.0,0.0,0.0,0.0,0.0,0.0,0.0,0.0,0.0,0.0,0.0,0.0,0.0,0.0,0.0,0.0,0.0,0.0,0.0,0.0,0.0,0.0,0.0,0.0,0.0,0.0,0.0,0.0,0.0,0.0,0.0,0.0,0.0,0.0,0.0,0.0,0.0,0.0,0.0,0.0,0.0,0.0,0.0
PLEASE,0.4199982285499573,0.6915634870529175,1.6768669297562155e-07,0.432387113571167,0.6269667148590088,0.0014580512652173638,0.46169403195381165,0.5765355825424194,-0.0012417964171618223,0.48413050174713135,0.5376279354095459,-0.004377936944365501,0.4935174286365509,0.5041189789772034,-0.00855011772364378,0.507716953754425,0.5944335460662842,-0.013278540223836899,0.5630236268043518,0.5642418265342712,-0.022569721564650536,0.5949287414550781,0.5476650595664978,-0.027108216658234596,0.6177642345428467,0.5346544981002808,-0.02897302433848381,0.5186873078346252,0.6269568800926208,-0.018811631947755814,0.5758804082870483,0.5916802883148193,-0.024653663858771324,0.6078152060508728,0.5710310339927673,-0.02700808085501194,0.6298967003822327,0.5544844269752502,-0.028518641367554665,0.5229602456092834,0.66148442029953,-0.023538922891020775,0.5752220153808594,0.6261280179023743,-0.028033366426825523,0.6049754619598389,0.6052212715148926,-0.029929831624031067,0.6245325803756714,0.5876783132553101,-0.031384315341711044,0.522221565246582,0.6953892707824707,-0.02779625728726387,0.5626647472381592,0.6718546748161316,-0.03126830607652664,0.5865665674209595,0.6562427878379822,-0.03068716824054718,0.6048579812049866,0.6409130096435547,-0.029607245698571205,0.0,0.0,0.0,0.0,0.0,0.0,0.0,0.0,0.0,0.0,0.0,0.0,0.0,0.0,0.0,0.0,0.0,0.0,0.0,0.0,0.0,0.0,0.0,0.0,0.0,0.0,0.0,0.0,0.0,0.0,0.0,0.0,0.0,0.0,0.0,0.0,0.0,0.0,0.0,0.0,0.0,0.0,0.0,0.0,0.0,0.0,0.0,0.0,0.0,0.0,0.0,0.0,0.0,0.0,0.0,0.0,0.0,0.0,0.0,0.0,0.0,0.0,0.0
PLEASE,0.4184815585613251,0.6857480406761169,1.5364712169230188e-07,0.4319084882736206,0.6198707222938538,0.0019944305531680584,0.46092239022254944,0.5708794593811035,-0.0006859314744360745,0.48371538519859314,0.5342867970466614,-0.003927519079297781,0.4951445758342743,0.5020773410797119,-0.00797864980995655,0.5057992339134216,0.5904111862182617,-0.012764088809490204,0.5617003440856934,0.5609901547431946,-0.021784627810120583,0.5932754278182983,0.5448794960975647,-0.025982309132814407,0.6154850721359253,0.5319234132766724,-0.02751387096941471,0.516895055770874,0.6233606934547424,-0.018512455746531487,0.5747255682945251,0.5883775949478149,-0.024303210899233818,0.6064584255218506,0.5678065419197083,-0.026492474600672722,0.6283150315284729,0.5509228110313416,-0.027784746140241623,0.5215986371040344,0.6579123139381409,-0.023384181782603264,0.5742392539978027,0.6223885416984558,-0.027641640976071358,0.6037423014640808,0.6015812754631042,-0.0290555190294981,0.6226574182510376,0.5838866233825684,-0.03009178303182125,0.5213130116462708,0.6918200850486755,-0.027771543711423874,0.5618306398391724,0.6685327291488647,-0.03069390170276165,0.5849870443344116,0.6523078680038452,-0.02945069596171379,0.6019693613052368,0.6358287930488586,-0.027819400653243065,0.0,0.0,0.0,0.0,0.0,0.0,0.0,0.0,0.0,0.0,0.0,0.0,0.0,0.0,0.0,0.0,0.0,0.0,0.0,0.0,0.0,0.0,0.0,0.0,0.0,0.0,0.0,0.0,0.0,0.0,0.0,0.0,0.0,0.0,0.0,0.0,0.0,0.0,0.0,0.0,0.0,0.0,0.0,0.0,0.0,0.0,0.0,0.0,0.0,0.0,0.0,0.0,0.0,0.0,0.0,0.0,0.0,0.0,0.0,0.0,0.0,0.0,0.0
PLEASE,0.41670969128608704,0.6783962249755859,1.518076402362567e-07,0.430877149105072,0.6151928901672363,0.0039359102956950665,0.4616509675979614,0.5666085481643677,0.0028469651006162167,0.4847911596298218,0.5302610993385315,0.000894400873221457,0.49485722184181213,0.49917879700660706,-0.0020046874415129423,0.5053726434707642,0.5852092504501343,-0.010900700464844704,0.5619356632232666,0.5554108619689941,-0.019228557124733925,0.5940390229225159,0.5399572849273682,-0.022662613540887833,0.616808295249939,0.528128445148468,-0.023639971390366554,0.5156534910202026,0.6169106960296631,-0.017140043899416924,0.5746272802352905,0.5823317766189575,-0.02227877266705036,0.6071027517318726,0.563398003578186,-0.02362976223230362,0.6295501589775085,0.5488995313644409,-0.024249063804745674,0.5198329091072083,0.6512499451637268,-0.022390885278582573,0.5736997127532959,0.6171554923057556,-0.025944579392671585,0.6034049987792969,0.5976264476776123,-0.026734814047813416,0.6230480670928955,0.5817988514900208,-0.027310460805892944,0.5193560123443604,0.6853026151657104,-0.027030441910028458,0.5602405071258545,0.6629543304443359,-0.029436681419610977,0.5842235088348389,0.6475372910499573,-0.028125431388616562,0.6023871898651123,0.6324428915977478,-0.02649436704814434,0.0,0.0,0.0,0.0,0.0,0.0,0.0,0.0,0.0,0.0,0.0,0.0,0.0,0.0,0.0,0.0,0.0,0.0,0.0,0.0,0.0,0.0,0.0,0.0,0.0,0.0,0.0,0.0,0.0,0.0,0.0,0.0,0.0,0.0,0.0,0.0,0.0,0.0,0.0,0.0,0.0,0.0,0.0,0.0,0.0,0.0,0.0,0.0,0.0,0.0,0.0,0.0,0.0,0.0,0.0,0.0,0.0,0.0,0.0,0.0,0.0,0.0,0.0
PLEASE,0.4175350069999695,0.6720007061958313,1.4843703866063152e-07,0.43145647644996643,0.6082560420036316,0.002278192900121212,0.46131518483161926,0.5612204670906067,0.00021429540356621146,0.4843274652957916,0.5261034965515137,-0.002561060944572091,0.4961157739162445,0.4957050383090973,-0.006191706750541925,0.506775438785553,0.5809327363967896,-0.011303097940981388,0.5619727373123169,0.5527574419975281,-0.02008070982992649,0.5932334661483765,0.5372580289840698,-0.024283170700073242,0.6155487298965454,0.5249801874160767,-0.02590128779411316,0.5165184140205383,0.6124802231788635,-0.0172274149954319,0.5744141936302185,0.5795971751213074,-0.023046888411045074,0.6061177849769592,0.5606006383895874,-0.025204556062817574,0.6284856796264648,0.5456318259239197,-0.026411965489387512,0.5199517607688904,0.6464778184890747,-0.02240375429391861,0.57342529296875,0.613292396068573,-0.02690664306282997,0.6029937267303467,0.5938655138015747,-0.02822072058916092,0.6228593587875366,0.5779434442520142,-0.029036780819296837,0.5187520384788513,0.6804378032684326,-0.027129268273711205,0.5598723292350769,0.6589608192443848,-0.03034079261124134,0.5840434432029724,0.6438026428222656,-0.029290666803717613,0.6025872230529785,0.628909170627594,-0.027763640508055687,0.0,0.0,0.0,0.0,0.0,0.0,0.0,0.0,0.0,0.0,0.0,0.0,0.0,0.0,0.0,0.0,0.0,0.0,0.0,0.0,0.0,0.0,0.0,0.0,0.0,0.0,0.0,0.0,0.0,0.0,0.0,0.0,0.0,0.0,0.0,0.0,0.0,0.0,0.0,0.0,0.0,0.0,0.0,0.0,0.0,0.0,0.0,0.0,0.0,0.0,0.0,0.0,0.0,0.0,0.0,0.0,0.0,0.0,0.0,0.0,0.0,0.0,0.0
PLEASE,0.4150792360305786,0.6661535501480103,1.5006907005954417e-07,0.43089982867240906,0.6046954393386841,0.002576925791800022,0.46241259574890137,0.5573698282241821,0.0006325094727799296,0.48563939332962036,0.522760272026062,-0.0021374234929680824,0.49628081917762756,0.4922509789466858,-0.005778375081717968,0.5053406357765198,0.5771048069000244,-0.011475656181573868,0.5613664388656616,0.5500255823135376,-0.020565710961818695,0.5934164524078369,0.5347744822502136,-0.02480780892074108,0.6159968376159668,0.5225487947463989,-0.026509512215852737,0.5142649412155151,0.6080856919288635,-0.018040847033262253,0.5729184150695801,0.5769975185394287,-0.02449778839945793,0.6056645512580872,0.5586325526237488,-0.027072802186012268,0.6288129687309265,0.5440481305122375,-0.028539862483739853,0.5174167156219482,0.6417463421821594,-0.023827075958251953,0.5717918872833252,0.6106977462768555,-0.02883707545697689,0.6022481322288513,0.5922330617904663,-0.030397465452551842,0.6232528686523438,0.5772062540054321,-0.03141820430755615,0.5161109566688538,0.6756322979927063,-0.02914903499186039,0.5577548742294312,0.655326783657074,-0.033250823616981506,0.5826429128646851,0.640849232673645,-0.03273181989789009,0.6021774411201477,0.6267774105072021,-0.0315655954182148,0.0,0.0,0.0,0.0,0.0,0.0,0.0,0.0,0.0,0.0,0.0,0.0,0.0,0.0,0.0,0.0,0.0,0.0,0.0,0.0,0.0,0.0,0.0,0.0,0.0,0.0,0.0,0.0,0.0,0.0,0.0,0.0,0.0,0.0,0.0,0.0,0.0,0.0,0.0,0.0,0.0,0.0,0.0,0.0,0.0,0.0,0.0,0.0,0.0,0.0,0.0,0.0,0.0,0.0,0.0,0.0,0.0,0.0,0.0,0.0,0.0,0.0,0.0
PLEASE,0.4169548451900482,0.6591123342514038,1.5697034427830658e-07,0.4326062500476837,0.5975661873817444,0.0028957424219697714,0.46313297748565674,0.5527934432029724,0.0012863484444096684,0.48598596453666687,0.5195403099060059,-0.0012039316352456808,0.49813657999038696,0.49019527435302734,-0.004520645830780268,0.5050647258758545,0.5721624493598938,-0.010862127877771854,0.5613106489181519,0.5451560020446777,-0.01958537846803665,0.5931888818740845,0.5312559008598328,-0.02330939471721649,0.6161017417907715,0.520810604095459,-0.024571087211370468,0.5140745639801025,0.6030636429786682,-0.017170753329992294,0.5729871392250061,0.5714945793151855,-0.02313445322215557,0.6054705381393433,0.5542951226234436,-0.02519344724714756,0.6285152435302734,0.541571319103241,-0.026282552629709244,0.5172135829925537,0.6369296312332153,-0.02271898463368416,0.571300745010376,0.6056640148162842,-0.02710776962339878,0.601446807384491,0.5877258777618408,-0.028289731591939926,0.6224557161331177,0.5736945867538452,-0.02909584529697895,0.5159430503845215,0.6710519790649414,-0.02780868299305439,0.5565382838249207,0.6505731344223022,-0.03114628605544567,0.5810524225234985,0.6361370086669922,-0.030328713357448578,0.6004830002784729,0.6222554445266724,-0.029017789289355278,0.0,0.0,0.0,0.0,0.0,0.0,0.0,0.0,0.0,0.0,0.0,0.0,0.0,0.0,0.0,0.0,0.0,0.0,0.0,0.0,0.0,0.0,0.0,0.0,0.0,0.0,0.0,0.0,0.0,0.0,0.0,0.0,0.0,0.0,0.0,0.0,0.0,0.0,0.0,0.0,0.0,0.0,0.0,0.0,0.0,0.0,0.0,0.0,0.0,0.0,0.0,0.0,0.0,0.0,0.0,0.0,0.0,0.0,0.0,0.0,0.0,0.0,0.0
PLEASE,0.4174010753631592,0.6563453674316406,1.4761033639842935e-07,0.43312302231788635,0.5950676798820496,0.0028709073085337877,0.46381139755249023,0.5509428381919861,0.0010313624516129494,0.4867649972438812,0.5184487700462341,-0.0018840887350961566,0.4979754686355591,0.48904842138290405,-0.0058304001577198505,0.5054811239242554,0.5707164406776428,-0.010538021102547646,0.5605686902999878,0.5466756224632263,-0.019812146201729774,0.591815173625946,0.5328274965286255,-0.02438972145318985,0.6140723824501038,0.5212039947509766,-0.02647424302995205,0.5142561197280884,0.6015578508377075,-0.017607955262064934,0.5725733637809753,0.5731834769248962,-0.024635059759020805,0.6048744916915894,0.5544735789299011,-0.028001047670841217,0.6278952360153198,0.5382018685340881,-0.030028143897652626,0.5171244740486145,0.6352792978286743,-0.023948831483721733,0.5711248517036438,0.6056758761405945,-0.029549535363912582,0.6010191440582275,0.5868472456932068,-0.03184371441602707,0.6217251420021057,0.5704784989356995,-0.03335346654057503,0.5155572891235352,0.6697149276733398,-0.029794536530971527,0.5567663311958313,0.6510879993438721,-0.034460291266441345,0.5813179612159729,0.6370136737823486,-0.03444070741534233,0.6008334159851074,0.6227644085884094,-0.03364938497543335,0.0,0.0,0.0,0.0,0.0,0.0,0.0,0.0,0.0,0.0,0.0,0.0,0.0,0.0,0.0,0.0,0.0,0.0,0.0,0.0,0.0,0.0,0.0,0.0,0.0,0.0,0.0,0.0,0.0,0.0,0.0,0.0,0.0,0.0,0.0,0.0,0.0,0.0,0.0,0.0,0.0,0.0,0.0,0.0,0.0,0.0,0.0,0.0,0.0,0.0,0.0,0.0,0.0,0.0,0.0,0.0,0.0,0.0,0.0,0.0,0.0,0.0,0.0
PLEASE,0.4176512658596039,0.6535888314247131,1.5460520330634608e-07,0.4325578212738037,0.5937837362289429,0.002099050674587488,0.46373146772384644,0.5491790175437927,0.0002296374732395634,0.4872046709060669,0.516488254070282,-0.002352888695895672,0.4989248216152191,0.4872742295265198,-0.005819601006805897,0.5064162015914917,0.5686283707618713,-0.011982751078903675,0.5622827410697937,0.5428498387336731,-0.020747583359479904,0.5939760208129883,0.5295394062995911,-0.02468106709420681,0.6166446805000305,0.5191556215286255,-0.026123639196157455,0.5150613784790039,0.5997881889343262,-0.01788995787501335,0.5729856491088867,0.5694714784622192,-0.023760085925459862,0.6052522659301758,0.5524097681045532,-0.026106487959623337,0.6280893087387085,0.539254367351532,-0.02748677134513855,0.5179134607315063,0.6334725022315979,-0.023019487038254738,0.5709929466247559,0.6035628318786621,-0.027508065104484558,0.6007794141769409,0.5860424041748047,-0.029252750799059868,0.6212319135665894,0.5719624757766724,-0.030448950827121735,0.5164923667907715,0.6670448780059814,-0.02772093005478382,0.5569593906402588,0.6479352116584778,-0.03143356367945671,0.5809858441352844,0.6339350938796997,-0.03110133297741413,0.5997753143310547,0.6203650236129761,-0.030094683170318604,0.0,0.0,0.0,0.0,0.0,0.0,0.0,0.0,0.0,0.0,0.0,0.0,0.0,0.0,0.0,0.0,0.0,0.0,0.0,0.0,0.0,0.0,0.0,0.0,0.0,0.0,0.0,0.0,0.0,0.0,0.0,0.0,0.0,0.0,0.0,0.0,0.0,0.0,0.0,0.0,0.0,0.0,0.0,0.0,0.0,0.0,0.0,0.0,0.0,0.0,0.0,0.0,0.0,0.0,0.0,0.0,0.0,0.0,0.0,0.0,0.0,0.0,0.0
PLEASE,0.4176793098449707,0.6495198011398315,1.481362090771654e-07,0.4335419535636902,0.5902265310287476,0.003219102742150426,0.4650786817073822,0.5463830232620239,0.0020172393415123224,0.4885444939136505,0.514252245426178,-0.00026410346617922187,0.5007197260856628,0.48531466722488403,-0.003394217463210225,0.5071063041687012,0.5657069087028503,-0.00911947712302208,0.5621444582939148,0.5409885048866272,-0.017503945156931877,0.5935523509979248,0.5283543467521667,-0.021448608487844467,0.6162060499191284,0.5184838771820068,-0.02300938591361046,0.515673041343689,0.5955841541290283,-0.015804680064320564,0.5734412670135498,0.5667505264282227,-0.021461699157953262,0.6058288216590881,0.5503174066543579,-0.023934777826070786,0.6288996934890747,0.5373256802558899,-0.025414785370230675,0.5184376835823059,0.6287413239479065,-0.02180139534175396,0.5716871023178101,0.600339412689209,-0.026041757315397263,0.6015608310699463,0.5834218263626099,-0.027662619948387146,0.6220658421516418,0.5696533918380737,-0.02880435436964035,0.5168982744216919,0.662814199924469,-0.027384424582123756,0.5576694011688232,0.6449000835418701,-0.03073788620531559,0.581976056098938,0.63137286901474,-0.03013024851679802,0.6008061170578003,0.6180042028427124,-0.0289921872317791,0.0,0.0,0.0,0.0,0.0,0.0,0.0,0.0,0.0,0.0,0.0,0.0,0.0,0.0,0.0,0.0,0.0,0.0,0.0,0.0,0.0,0.0,0.0,0.0,0.0,0.0,0.0,0.0,0.0,0.0,0.0,0.0,0.0,0.0,0.0,0.0,0.0,0.0,0.0,0.0,0.0,0.0,0.0,0.0,0.0,0.0,0.0,0.0,0.0,0.0,0.0,0.0,0.0,0.0,0.0,0.0,0.0,0.0,0.0,0.0,0.0,0.0,0.0
PLEASE,0.6001344919204712,0.7046531438827515,-9.52572420942488e-08,0.5693614482879639,0.674555242061615,-0.0007000115001574159,0.5485796928405762,0.6342324018478394,0.001435966813005507,0.5391143560409546,0.6043096780776978,0.0015316528733819723,0.5347275733947754,0.5808210372924805,0.0017980331322178245,0.5685597658157349,0.5929484367370605,0.013858824968338013,0.5594862103462219,0.5588788390159607,0.007999954745173454,0.5499160289764404,0.5545398592948914,0.0016378266736865044,0.5466105341911316,0.5537832975387573,-0.0027314804028719664,0.5816130638122559,0.5922909379005432,0.008935830555856228,0.5785268545150757,0.5581285953521729,0.0033436142839491367,0.5734507441520691,0.5527361035346985,-0.0029411264695227146,0.5742452144622803,0.5499387383460999,-0.006847337353974581,0.5942060351371765,0.6000488996505737,0.0018346573924645782,0.5921066999435425,0.5709845423698425,-0.00550244702026248,0.5871026515960693,0.5689892172813416,-0.009894276969134808,0.5881251692771912,0.5679534077644348,-0.012224026024341583,0.6057791709899902,0.6144192814826965,-0.0056684440933167934,0.5987839698791504,0.5975514650344849,-0.01234696339815855,0.5932410359382629,0.5991654992103577,-0.013735305517911911,0.5923090577125549,0.6026137471199036,-0.013817567378282547,0.426517516374588,0.6372342705726624,1.0005128103784955e-07,0.4507303237915039,0.5864174365997314,0.010550394654273987,0.4852733612060547,0.5546391606330872,0.01494564674794674,0.5078205466270447,0.5297445058822632,0.01615164428949356,0.5216201543807983,0.5050734281539917,0.016658900305628777,0.5190406441688538,0.5639743208885193,0.010799739509820938,0.5681777000427246,0.5492134690284729,0.007299432530999184,0.5958032011985779,0.5398714542388916,0.0051019275560975075,0.6163644790649414,0.531765341758728,0.003778621554374695,0.5258740186691284,0.5852438807487488,0.0010197554947808385,0.5790801048278809,0.5672896504402161,-0.0009126770310103893,0.6084117889404297,0.5556440949440002,-0.0037416548002511263,0.6307589411735535,0.5448065996170044,-0.006077869329601526,0.5277824401855469,0.611534595489502,-0.00864595826715231,0.5778660774230957,0.5906939506530762,-0.01043707225471735,0.6051227450370789,0.579228401184082,-0.012632451020181179,0.6262106895446777,0.5678711533546448,-0.014919094741344452,0.5261110067367554,0.6404725313186646,-0.017731960862874985,0.5643870830535889,0.6256143450737,-0.019815560430288315,0.5878850221633911,0.6162350177764893,-0.020244866609573364,0.6078064441680908,0.6064825654029846,-0.02066255919635296
PLEASE,0.6141943335533142,0.6930515766143799,-1.8990807149066313e-08,0.5878396034240723,0.6797916889190674,-0.005468353163450956,0.5632265210151672,0.6512374877929688,-0.00660814018920064,0.5460203289985657,0.625873327255249,-0.007955554872751236,0.5370960831642151,0.6026705503463745,-0.008742810226976871,0.5681182742118835,0.6062681078910828,0.005176760256290436,0.5571267604827881,0.5748029351234436,0.0012707371497526765,0.5484207272529602,0.5571740865707397,-0.0038618328981101513,0.541544497013092,0.5424407720565796,-0.007939804345369339,0.5836932063102722,0.5949923992156982,0.0038411051500588655,0.5739867091178894,0.5628607869148254,0.0009928203653544188,0.5641860365867615,0.5474476218223572,-0.0028978982008993626,0.5558761954307556,0.5354501008987427,-0.00573086179792881,0.5997354388237,0.5889537334442139,0.0009044776088558137,0.5925354957580566,0.5589961409568787,-0.003793091978877783,0.5840098261833191,0.5434726476669312,-0.00438188761472702,0.5770312547683716,0.5312857627868652,-0.004076515324413776,0.6161478161811829,0.5878070592880249,-0.002928360365331173,0.6109730005264282,0.5585971474647522,-0.006931840442121029,0.60599285364151,0.5437316298484802,-0.00505005894228816,0.6014444231987,0.5328107476234436,-0.0026513230986893177,0.4493095874786377,0.6251857280731201,9.515352417110989e-08,0.47905397415161133,0.5787535309791565,0.011774620972573757,0.515006422996521,0.5602819323539734,0.01633910834789276,0.5404537916183472,0.5470615029335022,0.01740865223109722,0.5596299171447754,0.5322299599647522,0.01826801709830761,0.540851891040802,0.5614514946937561,0.013959484174847603,0.5868654847145081,0.5484854578971863,0.011000080034136772,0.6131384968757629,0.5384600758552551,0.008805555291473866,0.6322762966156006,0.530224084854126,0.007762618828564882,0.5460742712020874,0.5801106095314026,0.004068853799253702,0.5947492122650146,0.564340353012085,0.0022334579844027758,0.6222724318504333,0.551296055316925,-0.000314531585900113,0.6432424783706665,0.539306640625,-0.0019662147387862206,0.548629105091095,0.6049523949623108,-0.005657180678099394,0.5963386297225952,0.5876407027244568,-0.007132315542548895,0.622130274772644,0.5765271782875061,-0.007417398504912853,0.6420274972915649,0.5657888054847717,-0.007672133855521679,0.5488026738166809,0.634181022644043,-0.014872916042804718,0.587167501449585,0.6201409101486206,-0.015749908983707428,0.6098186373710632,0.6101059913635254,-0.014007939957082272,0.6281793117523193,0.599223792552948,-0.012294866144657135
PLEASE,0.6181890368461609,0.6983203887939453,-4.5655784930431764e-08,0.5916666984558105,0.6900566220283508,-0.0028621142264455557,0.56522536277771,0.6727023124694824,-0.003452913835644722,0.5451299548149109,0.6570550799369812,-0.004803355783224106,0.5315111875534058,0.6417436003684998,-0.00606187991797924,0.5684512257575989,0.6284061670303345,0.005685835145413876,0.5517339110374451,0.6018909215927124,0.0011912925401702523,0.5376375913619995,0.5892093181610107,-0.004490979947149754,0.5266240239143372,0.5800065994262695,-0.008772386237978935,0.5802395939826965,0.6159145832061768,0.002927324501797557,0.5637695789337158,0.5883616209030151,-0.00041310806409455836,0.547842800617218,0.5761691331863403,-0.004805492702871561,0.5348672270774841,0.5696240663528442,-0.008245131932199001,0.5927391648292542,0.6087966561317444,-0.0012401751009747386,0.5783243775367737,0.5820620059967041,-0.006042564287781715,0.5637804865837097,0.5707436800003052,-0.007373862899839878,0.5516539216041565,0.5647640824317932,-0.007764154579490423,0.6055577993392944,0.6070842146873474,-0.006061757914721966,0.5943929553031921,0.5808912515640259,-0.010506615042686462,0.5840107202529907,0.5697226524353027,-0.00966526847332716,0.5745485424995422,0.5638734102249146,-0.00822538509964943,0.42811721563339233,0.6462254524230957,-3.1131281996721327e-09,0.45391911268234253,0.599812924861908,0.01069735549390316,0.4916641414165497,0.5805326104164124,0.014003484509885311,0.5218976140022278,0.5703467726707458,0.01464589312672615,0.5451063513755798,0.5586532354354858,0.014831018634140491,0.517763614654541,0.5827282667160034,0.0053312769159674644,0.5677146315574646,0.5708053708076477,0.0007772967219352722,0.5947707891464233,0.56315016746521,-0.0010888575343415141,0.6142387986183167,0.5580474138259888,-0.0016193116316571832,0.5225212574005127,0.6056343913078308,-0.003931890241801739,0.5745568871498108,0.5873132348060608,-0.007821217179298401,0.6032281517982483,0.5750924348831177,-0.010075855068862438,0.6240442991256714,0.5660080909729004,-0.01107750739902258,0.5236901640892029,0.632802426815033,-0.012504066340625286,0.5755448937416077,0.6106723546981812,-0.016327375546097755,0.6026276350021362,0.5960041284561157,-0.017098167911171913,0.6224600076675415,0.5840989947319031,-0.017108572646975517,0.5217038989067078,0.6619864106178284,-0.020206499844789505,0.563011646270752,0.6453161835670471,-0.023968162015080452,0.5874530673027039,0.6321132183074951,-0.02396721951663494,0.6073042154312134,0.6188452243804932,-0.022891879081726074
PLEASE,0.6393537521362305,0.6747575402259827,-2.6587551715806512e-08,0.618206262588501,0.6813917756080627,-0.008284961804747581,0.5918971300125122,0.6797834038734436,-0.014149823226034641,0.5703538656234741,0.679705798625946,-0.019273588433861732,0.5579099059104919,0.6852173209190369,-0.024527642875909805,0.5827200412750244,0.6325607895851135,-0.007033951114863157,0.5594626665115356,0.6119828820228577,-0.014843584038317204,0.5441803932189941,0.6040449142456055,-0.021621670573949814,0.5350818037986755,0.5969429612159729,-0.026172533631324768,0.5915908813476562,0.6143680214881897,-0.0071920366026461124,0.5689494609832764,0.5919570922851562,-0.013505669310688972,0.5532970428466797,0.5841677188873291,-0.01878058724105358,0.5440563559532166,0.5789492130279541,-0.02251504920423031,0.6018368601799011,0.6010693311691284,-0.008329002186655998,0.583132266998291,0.5795740485191345,-0.01611492410302162,0.5699783563613892,0.5713018774986267,-0.018881743773818016,0.5632802844047546,0.5661506652832031,-0.019618496298789978,0.6129949688911438,0.5920408964157104,-0.010037505067884922,0.5956831574440002,0.5715226531028748,-0.017518622800707817,0.5856642127037048,0.5618584752082825,-0.018163274973630905,0.5802304148674011,0.5550183057785034,-0.017179783433675766,0.45355498790740967,0.6334503293037415,1.4065763309645263e-07,0.479618102312088,0.5844623446464539,0.008195023983716965,0.5137608051300049,0.56293785572052,0.010551825165748596,0.5424593687057495,0.5506547689437866,0.010562912560999393,0.5634154677391052,0.5355069041252136,0.010180204175412655,0.5409363508224487,0.568325400352478,0.004086450207978487,0.5887922644615173,0.5520729422569275,-0.0013688572216778994,0.6158335208892822,0.5414773225784302,-0.0042573632672429085,0.6362033486366272,0.5328052043914795,-0.005558887962251902,0.547266960144043,0.5892303586006165,-0.004542488604784012,0.5976176857948303,0.5707218050956726,-0.009291105903685093,0.6271869540214539,0.5572945475578308,-0.012568521313369274,0.6496551036834717,0.5460704565048218,-0.014371105469763279,0.5485524535179138,0.6153717637062073,-0.012718179263174534,0.5967663526535034,0.5951507091522217,-0.01709125190973282,0.6236997842788696,0.5833559036254883,-0.019028440117836,0.6445521712303162,0.5723658204078674,-0.02013264410197735,0.5457937121391296,0.6457995176315308,-0.020294692367315292,0.5839752554893494,0.634929895401001,-0.024767018854618073,0.6071694493293762,0.625870406627655,-0.02533760853111744,0.6268146634101868,0.6160975694656372,-0.024748649448156357
PLEASE,0.277992844581604,0.6687243580818176,1.1717216352735704e-07,0.3033440113067627,0.6278673410415649,0.004022792913019657,0.34221580624580383,0.6061333417892456,0.0025990274734795094,0.37108930945396423,0.592523455619812,-0.0005321672069840133,0.39098060131073,0.573933482170105,-0.004556384403258562,0.36694765090942383,0.6051785945892334,-0.006212074309587479,0.4141418933868408,0.5948888659477234,-0.016181064769625664,0.4430088698863983,0.5876237750053406,-0.023154564201831818,0.465412437915802,0.580583930015564,-0.027614450082182884,0.36823463439941406,0.6286870837211609,-0.015296516939997673,0.4172889292240143,0.6167832016944885,-0.023863360285758972,0.4485938549041748,0.6064477562904358,-0.031081825494766235,0.4728442132472992,0.596106767654419,-0.03618859872221947,0.36546099185943604,0.6569976210594177,-0.02378535456955433,0.4137880802154541,0.6438894271850586,-0.03180213272571564,0.4427899420261383,0.635330319404602,-0.03682319074869156,0.46460461616516113,0.6265153884887695,-0.04018385335803032,0.3593858778476715,0.6874758005142212,-0.03179235756397247,0.39518067240715027,0.6800838708877563,-0.03829798847436905,0.41706085205078125,0.6756324768066406,-0.03995794430375099,0.4347601532936096,0.6714776158332825,-0.04056233540177345,0.0,0.0,0.0,0.0,0.0,0.0,0.0,0.0,0.0,0.0,0.0,0.0,0.0,0.0,0.0,0.0,0.0,0.0,0.0,0.0,0.0,0.0,0.0,0.0,0.0,0.0,0.0,0.0,0.0,0.0,0.0,0.0,0.0,0.0,0.0,0.0,0.0,0.0,0.0,0.0,0.0,0.0,0.0,0.0,0.0,0.0,0.0,0.0,0.0,0.0,0.0,0.0,0.0,0.0,0.0,0.0,0.0,0.0,0.0,0.0,0.0,0.0,0.0
PLEASE,0.29544517397880554,0.5490909218788147,1.7801683327434148e-07,0.3245004713535309,0.4686257541179657,0.01207625400274992,0.375361829996109,0.4286918640136719,0.014806579798460007,0.4213922917842865,0.40840646624565125,0.015270616859197617,0.4543796181678772,0.3832665681838989,0.014558843336999416,0.4187038540840149,0.4355372190475464,-0.00693715363740921,0.493725448846817,0.412501722574234,-0.01818898133933544,0.5368099212646484,0.3978806138038635,-0.022809529677033424,0.5691977739334106,0.3862277567386627,-0.02443556673824787,0.42808082699775696,0.4778168201446533,-0.019550755620002747,0.5078206062316895,0.45110583305358887,-0.02995021641254425,0.5551967620849609,0.43199917674064636,-0.03421603515744209,0.5908269882202148,0.4157921075820923,-0.03567942976951599,0.43010643124580383,0.525222897529602,-0.030576396733522415,0.5057334899902344,0.49612030386924744,-0.0400182344019413,0.5506353378295898,0.4758056402206421,-0.04319894313812256,0.5845235586166382,0.457033634185791,-0.04410262778401375,0.42534661293029785,0.5761463642120361,-0.04010321572422981,0.4842070937156677,0.5588963031768799,-0.048271697014570236,0.5189253091812134,0.543253481388092,-0.04897931590676308,0.5466928482055664,0.5273216366767883,-0.047493718564510345,0.0,0.0,0.0,0.0,0.0,0.0,0.0,0.0,0.0,0.0,0.0,0.0,0.0,0.0,0.0,0.0,0.0,0.0,0.0,0.0,0.0,0.0,0.0,0.0,0.0,0.0,0.0,0.0,0.0,0.0,0.0,0.0,0.0,0.0,0.0,0.0,0.0,0.0,0.0,0.0,0.0,0.0,0.0,0.0,0.0,0.0,0.0,0.0,0.0,0.0,0.0,0.0,0.0,0.0,0.0,0.0,0.0,0.0,0.0,0.0,0.0,0.0,0.0
PLEASE,0.260836124420166,0.5557761788368225,9.355081687090205e-08,0.2936251759529114,0.4776751697063446,0.012685589492321014,0.3465614914894104,0.43792906403541565,0.01655292510986328,0.39249491691589355,0.41647252440452576,0.017950303852558136,0.4253789782524109,0.3912231922149658,0.01822161301970482,0.3898599147796631,0.44545942544937134,-0.00190010666847229,0.46442630887031555,0.4253998398780823,-0.010811659507453442,0.5063217878341675,0.4134428799152374,-0.014868318103253841,0.5384069681167603,0.40297597646713257,-0.016721095889806747,0.3974977731704712,0.48629242181777954,-0.014217055402696133,0.47455763816833496,0.4605048894882202,-0.021795015782117844,0.5189889073371887,0.4421244263648987,-0.025850588455796242,0.5527983903884888,0.4257592260837555,-0.028429508209228516,0.3969988524913788,0.5313920378684998,-0.02512277103960514,0.4697000980377197,0.5022416710853577,-0.03292926028370857,0.5112082958221436,0.4832720458507538,-0.036232542246580124,0.5421839356422424,0.4654172956943512,-0.03818926215171814,0.39046692848205566,0.5782252550125122,-0.03461326286196709,0.45005273818969727,0.5596319437026978,-0.04276873171329498,0.4844508767127991,0.5444085597991943,-0.04465070739388466,0.512185275554657,0.5284863114356995,-0.04466822370886803,0.0,0.0,0.0,0.0,0.0,0.0,0.0,0.0,0.0,0.0,0.0,0.0,0.0,0.0,0.0,0.0,0.0,0.0,0.0,0.0,0.0,0.0,0.0,0.0,0.0,0.0,0.0,0.0,0.0,0.0,0.0,0.0,0.0,0.0,0.0,0.0,0.0,0.0,0.0,0.0,0.0,0.0,0.0,0.0,0.0,0.0,0.0,0.0,0.0,0.0,0.0,0.0,0.0,0.0,0.0,0.0,0.0,0.0,0.0,0.0,0.0,0.0,0.0
STOP,0.3398053050041199,0.48804837465286255,4.749220181565761e-07,0.3647885322570801,0.41904962062835693,0.0010077718179672956,0.40807780623435974,0.34583690762519836,-0.009539506398141384,0.4422668516635895,0.2895667850971222,-0.021391795948147774,0.4536516070365906,0.2349274456501007,-0.036698807030916214,0.41127151250839233,0.3394705057144165,-0.051593635231256485,0.47162219882011414,0.2657511234283447,-0.08248937875032425,0.510953962802887,0.22079281508922577,-0.09855187684297562,0.5423633456230164,0.18153879046440125,-0.10860823839902878,0.41050976514816284,0.36762067675590515,-0.06902477890253067,0.4819360077381134,0.2911202311515808,-0.10105717927217484,0.5276878476142883,0.24187543988227844,-0.11779342591762543,0.5637563467025757,0.1998056024312973,-0.12814103066921234,0.4126005172729492,0.41099709272384644,-0.08398161083459854,0.48193106055259705,0.34102922677993774,-0.11423131078481674,0.5243334174156189,0.2961224317550659,-0.1310335099697113,0.556938111782074,0.2556557059288025,-0.14090698957443237,0.4187434911727905,0.4661025404930115,-0.09703313559293747,0.4666915833950043,0.4202212989330292,-0.1255049705505371,0.49464914202690125,0.3857998847961426,-0.13920427858829498,0.5188521146774292,0.3540314733982086,-0.14719240367412567,0.5827171206474304,0.726975679397583,6.154162974780775e-07,0.6158393025398254,0.6651727557182312,-0.0894966572523117,0.6080825328826904,0.6237087845802307,-0.13991546630859375,0.5718932151794434,0.6057064533233643,-0.17218078672885895,0.5330379605293274,0.6056667566299438,-0.20324085652828217,0.4943591356277466,0.6481825113296509,-0.12922883033752441,0.415325403213501,0.625330924987793,-0.16587619483470917,0.35468819737434387,0.6090930700302124,-0.19105522334575653,0.3058752417564392,0.6016947031021118,-0.20705921947956085,0.4724104106426239,0.6661729216575623,-0.09092060476541519,0.3877808749675751,0.6404042840003967,-0.12724247574806213,0.3285810947418213,0.6180493831634521,-0.1561972200870514,0.2784428000450134,0.6090517640113831,-0.1764601469039917,0.4620915651321411,0.671736478805542,-0.05248010531067848,0.38880079984664917,0.6501163244247437,-0.0785796046257019,0.3334817588329315,0.6267454624176025,-0.10200247168540955,0.2907503843307495,0.6194321513175964,-0.11701727658510208,0.45614317059516907,0.6729244589805603,-0.019208718091249466,0.39954328536987305,0.6498867273330688,-0.03395605459809303,0.35795101523399353,0.6319137215614319,-0.045605916529893875,0.3249433636665344,0.6254367232322693,-0.05433894321322441
STOP,0.3422708809375763,0.5238379240036011,4.3542735284063383e-07,0.3717525601387024,0.45161372423171997,-0.0019156822236254811,0.41946306824684143,0.3764150142669678,-0.0146814389154315,0.4581172466278076,0.31704679131507874,-0.027631433680653572,0.4665534794330597,0.25697505474090576,-0.04346735402941704,0.41458988189697266,0.3713122010231018,-0.05773531273007393,0.48392921686172485,0.3029266595840454,-0.08772479742765427,0.5244938731193542,0.260366827249527,-0.10213837027549744,0.5582664012908936,0.2227325290441513,-0.11145661026239395,0.41376084089279175,0.4062398076057434,-0.07361844182014465,0.4933197498321533,0.33425086736679077,-0.1036357432603836,0.54073166847229,0.2890181243419647,-0.11810693889856339,0.5797358751296997,0.250679075717926,-0.12795418500900269,0.41674095392227173,0.45281103253364563,-0.08683764934539795,0.49393296241760254,0.3853320777416229,-0.11464262753725052,0.5375175476074219,0.34323781728744507,-0.12786665558815002,0.5726065635681152,0.30596494674682617,-0.1365513801574707,0.42431309819221497,0.5071221590042114,-0.09857386350631714,0.4741958975791931,0.4621489644050598,-0.12391586601734161,0.5041613578796387,0.4311288893222809,-0.13494443893432617,0.5324909687042236,0.40385472774505615,-0.142125204205513,0.56850266456604,0.7256361842155457,8.05453510110965e-07,0.6002557873725891,0.6576232314109802,-0.09407083690166473,0.5975571870803833,0.6078987121582031,-0.14473874866962433,0.5650454163551331,0.5955119132995605,-0.17780384421348572,0.5287063121795654,0.6030826568603516,-0.20896221697330475,0.46432194113731384,0.6311872601509094,-0.13129547238349915,0.3872198462486267,0.604993462562561,-0.1747107207775116,0.32619237899780273,0.5938997268676758,-0.20295767486095428,0.2723836302757263,0.5881668329238892,-0.2205449789762497,0.43825337290763855,0.6550811529159546,-0.09586240351200104,0.361454039812088,0.6252437829971313,-0.140828475356102,0.297412633895874,0.6047161221504211,-0.17021390795707703,0.2440231889486313,0.5903404355049133,-0.18818721175193787,0.42688438296318054,0.6646973490715027,-0.062182679772377014,0.3603259325027466,0.6393519639968872,-0.0969523936510086,0.3020169734954834,0.6212832927703857,-0.11952145397663116,0.2552994191646576,0.6069555282592773,-0.13212917745113373,0.42389798164367676,0.667792022228241,-0.034815069288015366,0.37693172693252563,0.6438616514205933,-0.05835089460015297,0.33415931463241577,0.62883061170578,-0.0726127177476883,0.2982255220413208,0.6162497401237488,-0.08071121573448181
STOP,0.3416554033756256,0.600743293762207,3.4147973337894655e-07,0.3823067247867584,0.5359210968017578,-0.011800373904407024,0.4426043927669525,0.471244215965271,-0.026657139882445335,0.48706093430519104,0.4176739454269409,-0.0401187539100647,0.501712441444397,0.35884779691696167,-0.0556182824075222,0.4376533627510071,0.4689142107963562,-0.05895201489329338,0.5117973685264587,0.4347124397754669,-0.09153112024068832,0.555904746055603,0.4178151488304138,-0.10912546515464783,0.5930211544036865,0.40132394433021545,-0.12051952630281448,0.42896023392677307,0.5088287591934204,-0.071327805519104,0.510105311870575,0.48204416036605835,-0.1042642593383789,0.5610514879226685,0.46132105588912964,-0.11992432177066803,0.6046087145805359,0.4434162676334381,-0.13098496198654175,0.4199519455432892,0.557808518409729,-0.08293699473142624,0.49731555581092834,0.5387485027313232,-0.11596120893955231,0.5468407869338989,0.5244106650352478,-0.12882153689861298,0.588995099067688,0.5088088512420654,-0.136370450258255,0.411959171295166,0.6129055023193359,-0.09405793249607086,0.46686121821403503,0.6011174917221069,-0.12295771390199661,0.5034948587417603,0.5922029614448547,-0.13288040459156036,0.5358063578605652,0.5834042429924011,-0.13899929821491241,0.5690114498138428,0.731005847454071,7.799401942065742e-07,0.5994945764541626,0.6648008823394775,-0.09575815498828888,0.5946394801139832,0.6304642558097839,-0.1486053466796875,0.5678342580795288,0.6374096870422363,-0.18336613476276398,0.5379908084869385,0.6471554040908813,-0.21540747582912445,0.4543089270591736,0.6438012719154358,-0.1302434355020523,0.3806532025337219,0.6248247027397156,-0.17172391712665558,0.32442545890808105,0.6166419386863708,-0.199203222990036,0.2746172845363617,0.6117088794708252,-0.21677641570568085,0.42695680260658264,0.6750473976135254,-0.09356192499399185,0.3511047959327698,0.6491170525550842,-0.13142246007919312,0.29149961471557617,0.6318379640579224,-0.15409249067306519,0.24399630725383759,0.6211182475090027,-0.16915543377399445,0.41591882705688477,0.6942323446273804,-0.059984661638736725,0.3499302268028259,0.6736488342285156,-0.08753998577594757,0.2982066869735718,0.6592132449150085,-0.10415917634963989,0.2581660747528076,0.6465616226196289,-0.11439383029937744,0.4151967167854309,0.7080281376838684,-0.0337185300886631,0.3653023838996887,0.6984526515007019,-0.05240161716938019,0.32646268606185913,0.6934705972671509,-0.06375395506620407,0.2947114109992981,0.6880747079849243,-0.07090155780315399
STOP,0.543267011642456,0.659350574016571,4.588140711803135e-07,0.5403813719749451,0.5854858756065369,-0.05107644572854042,0.5202411413192749,0.5492799282073975,-0.07692187279462814,0.48613297939300537,0.548870861530304,-0.09355046600103378,0.4527539312839508,0.5607243180274963,-0.10712390393018723,0.4192950427532196,0.5801340341567993,-0.0572454035282135,0.35259997844696045,0.5589054226875305,-0.07695313543081284,0.30842018127441406,0.5524512529373169,-0.09072437137365341,0.26989656686782837,0.5487375259399414,-0.10003992915153503,0.4032355546951294,0.6097243428230286,-0.03817964717745781,0.3361434042453766,0.5877386331558228,-0.057143434882164,0.2919464707374573,0.5735346078872681,-0.07000990211963654,0.257183313369751,0.5642502903938293,-0.07920573651790619,0.397965669631958,0.6273264288902283,-0.0216903705149889,0.340131938457489,0.6085494756698608,-0.03490586206316948,0.3011573553085327,0.5956399440765381,-0.0431806705892086,0.2693796157836914,0.5840017199516296,-0.04911104217171669,0.3987346291542053,0.6358009576797485,-0.009648734703660011,0.35201168060302734,0.6244526505470276,-0.017470503225922585,0.3225865960121155,0.6154041290283203,-0.021609678864479065,0.2987234592437744,0.6054757237434387,-0.024619465693831444,0.0,0.0,0.0,0.0,0.0,0.0,0.0,0.0,0.0,0.0,0.0,0.0,0.0,0.0,0.0,0.0,0.0,0.0,0.0,0.0,0.0,0.0,0.0,0.0,0.0,0.0,0.0,0.0,0.0,0.0,0.0,0.0,0.0,0.0,0.0,0.0,0.0,0.0,0.0,0.0,0.0,0.0,0.0,0.0,0.0,0.0,0.0,0.0,0.0,0.0,0.0,0.0,0.0,0.0,0.0,0.0,0.0,0.0,0.0,0.0,0.0,0.0,0.0
STOP,0.4139794111251831,0.5661449432373047,1.796334885284523e-07,0.43815672397613525,0.5193504691123962,-0.004913263954222202,0.4734404683113098,0.475251168012619,-0.01207094918936491,0.49796339869499207,0.4379166066646576,-0.01901942491531372,0.5058808922767639,0.4035634994506836,-0.02637547068297863,0.47667190432548523,0.49130508303642273,-0.023543303832411766,0.5184044241905212,0.4746946692466736,-0.03843481093645096,0.5434401631355286,0.4674694240093231,-0.04668530449271202,0.5641613006591797,0.4607658088207245,-0.05214325338602066,0.47611936926841736,0.5188735127449036,-0.029910678043961525,0.5232380628585815,0.5043228268623352,-0.04415943846106529,0.5527205467224121,0.4951373338699341,-0.05147417634725571,0.5767974853515625,0.4862605631351471,-0.05681629478931427,0.4731173515319824,0.5510591864585876,-0.03603770211338997,0.5181410908699036,0.5419357419013977,-0.049605585634708405,0.5455684661865234,0.53435218334198,-0.0553574413061142,0.5674978494644165,0.5237497687339783,-0.058952923864126205,0.46962565183639526,0.5856543183326721,-0.04194007068872452,0.5049539804458618,0.5832516551017761,-0.052678655833005905,0.525605320930481,0.5770717859268188,-0.056621305644512177,0.5438875555992126,0.567433774471283,-0.05939463898539543,0.573397159576416,0.677074134349823,9.76977787559008e-08,0.5754700899124146,0.6294917464256287,-0.04987841099500656,0.5573999881744385,0.6052032113075256,-0.07376335561275482,0.5381847620010376,0.6045085787773132,-0.08793354034423828,0.518886923789978,0.6181291341781616,-0.10021620988845825,0.48112180829048157,0.6207683086395264,-0.056396376341581345,0.4339078664779663,0.6112294793128967,-0.06811748445034027,0.4098532795906067,0.6132829785346985,-0.07764369249343872,0.38727763295173645,0.6185815930366516,-0.08468078076839447,0.4668280780315399,0.6335219144821167,-0.033052317798137665,0.41482779383659363,0.6253869533538818,-0.043288324028253555,0.3907155394554138,0.6254121661186218,-0.05246954411268234,0.37544557452201843,0.6299470067024231,-0.06022147461771965,0.460142582654953,0.6411232948303223,-0.011615315452218056,0.41336673498153687,0.632044792175293,-0.01881220005452633,0.39469099044799805,0.6360681056976318,-0.0265903752297163,0.3809773325920105,0.641277551651001,-0.03293078392744064,0.4566594362258911,0.6471171975135803,0.006336946506053209,0.4202272593975067,0.6402624249458313,0.004378191195428371,0.4015491008758545,0.6415900588035583,0.0013495265739038587,0.3883543312549591,0.6432731747627258,-0.002098227385431528
STOP,0.39453941583633423,0.5485814809799194,1.9925775518458977e-07,0.4164060950279236,0.4952350854873657,-0.004200192168354988,0.4494818449020386,0.4450516104698181,-0.00949251651763916,0.47663557529449463,0.4070710241794586,-0.015344218350946903,0.4885859489440918,0.36974847316741943,-0.021492568776011467,0.450908362865448,0.4458683729171753,-0.019199732691049576,0.4890848696231842,0.40971291065216064,-0.03582723066210747,0.5118215680122375,0.38707202672958374,-0.045785948634147644,0.5316745638847351,0.36710503697395325,-0.052719056606292725,0.4510665535926819,0.46546414494514465,-0.02638317085802555,0.49141815304756165,0.42871329188346863,-0.0438913032412529,0.5180152654647827,0.40605342388153076,-0.05449509248137474,0.5406439304351807,0.3862309455871582,-0.06146770715713501,0.450912207365036,0.4958600103855133,-0.03382980450987816,0.4883093237876892,0.46420249342918396,-0.05039039999246597,0.5131815671920776,0.4426122009754181,-0.061171263456344604,0.5331690311431885,0.42263954877853394,-0.06761429458856583,0.4505273401737213,0.5336540937423706,-0.0409870371222496,0.4779990017414093,0.5138145089149475,-0.05570203810930252,0.4964793920516968,0.4976295828819275,-0.06431491672992706,0.5131269693374634,0.48159995675086975,-0.06981755048036575,0.558127760887146,0.6970123052597046,4.5041616658636485e-07,0.578721284866333,0.6626071333885193,-0.06276173144578934,0.5842214822769165,0.6519440412521362,-0.10353326052427292,0.583957850933075,0.6496882438659668,-0.13372276723384857,0.586961030960083,0.6578807234764099,-0.1631721556186676,0.4985918700695038,0.6653919816017151,-0.09603007137775421,0.4522651135921478,0.6643162369728088,-0.12700243294239044,0.41714203357696533,0.6663087010383606,-0.1458646059036255,0.38586002588272095,0.6705308556556702,-0.15859106183052063,0.4752403497695923,0.6724913120269775,-0.07533081620931625,0.42752110958099365,0.6715622544288635,-0.10497600585222244,0.39210245013237,0.6688278317451477,-0.11971435695886612,0.36189648509025574,0.6672815680503845,-0.1304323375225067,0.4631415009498596,0.673570454120636,-0.05648890137672424,0.4216291308403015,0.6722115874290466,-0.07841893285512924,0.3913049101829529,0.6699904203414917,-0.08872473984956741,0.3670467734336853,0.6680079698562622,-0.0957886204123497,0.4574722647666931,0.6708232760429382,-0.042371708899736404,0.42637670040130615,0.6709885001182556,-0.05592355877161026,0.4019913375377655,0.6712653040885925,-0.06336202472448349,0.3823249936103821,0.6692390441894531,-0.06940099596977234
STOP,0.4026619791984558,0.6077608466148376,1.3363866457893891e-07,0.42392098903656006,0.5577436685562134,-0.00974954105913639,0.46222245693206787,0.5103138089179993,-0.016934432089328766,0.4913138747215271,0.4705864489078522,-0.022525275126099586,0.5007321238517761,0.43166384100914,-0.02869981899857521,0.46065402030944824,0.5233807563781738,-0.02803884819149971,0.5001071095466614,0.5181766748428345,-0.04266798496246338,0.5247480869293213,0.5164987444877625,-0.05175282061100006,0.5461260676383972,0.5127794146537781,-0.05840493366122246,0.45600640773773193,0.5586454272270203,-0.031869545578956604,0.5010744333267212,0.5549302697181702,-0.04480155184864998,0.528673529624939,0.549489438533783,-0.05157165229320526,0.5541247129440308,0.5449872016906738,-0.05828651785850525,0.4517686367034912,0.5937094688415527,-0.03587222471833229,0.495110422372818,0.5934532880783081,-0.049690455198287964,0.522919774055481,0.5881785154342651,-0.05371999368071556,0.547285795211792,0.5852655172348022,-0.05713927373290062,0.4484403133392334,0.6271985769271851,-0.04022830352187157,0.4831879138946533,0.6287137269973755,-0.05194954201579094,0.5064961910247803,0.6276938319206238,-0.05464332550764084,0.5287861824035645,0.6265855431556702,-0.05704961717128754,0.5709407329559326,0.6830857992172241,4.1304861042590346e-07,0.5741741061210632,0.6625504493713379,-0.051700059324502945,0.5605909824371338,0.6627568602561951,-0.07706157863140106,0.5410142540931702,0.6703304648399353,-0.09361809492111206,0.5237686038017273,0.6777594685554504,-0.10808076709508896,0.47170594334602356,0.6728326678276062,-0.05229833349585533,0.4269940257072449,0.6658614277839661,-0.06911151856184006,0.3957391083240509,0.6656543612480164,-0.0825905054807663,0.36921223998069763,0.6689227223396301,-0.09202252328395844,0.4634336233139038,0.6857883930206299,-0.033117130398750305,0.41921794414520264,0.6800500750541687,-0.047635529190301895,0.3878664970397949,0.679876446723938,-0.05835699290037155,0.3638075590133667,0.683472752571106,-0.06572920083999634,0.46195292472839355,0.693388819694519,-0.017503885552287102,0.4221811294555664,0.69331955909729,-0.028373299166560173,0.3956910967826843,0.697641134262085,-0.03598722070455551,0.37290796637535095,0.7016472816467285,-0.04072999581694603,0.46432140469551086,0.696899950504303,-0.0064948201179504395,0.4309379458427429,0.7015849351882935,-0.014385974034667015,0.40779662132263184,0.7073186635971069,-0.0195584986358881,0.38836660981178284,0.7126271724700928,-0.022768855094909668
STOP,0.5795303583145142,0.5864913463592529,3.1140930900619423e-07,0.6020690202713013,0.5284493565559387,-0.0017238835571333766,0.6402943730354309,0.4796191155910492,-0.00976253580302,0.6676610112190247,0.4441433846950531,-0.018072277307510376,0.6810091733932495,0.4083350896835327,-0.028293879702687263,0.667367696762085,0.4983587861061096,-0.031244127079844475,0.7293429970741272,0.4818556606769562,-0.049806758761405945,0.7676112055778503,0.4741964638233185,-0.059811994433403015,0.7975516319274902,0.4656577408313751,-0.0658472552895546,0.6696134209632874,0.5326260924339294,-0.04123859107494354,0.7366107106208801,0.5169104933738708,-0.058333251625299454,0.7792449593544006,0.5057342648506165,-0.06791138648986816,0.8135591745376587,0.49447229504585266,-0.07442249357700348,0.666958749294281,0.5715353488922119,-0.049963291734457016,0.7303904891014099,0.5570732951164246,-0.06543643772602081,0.7708655595779419,0.5471689105033875,-0.0740119218826294,0.8032469153404236,0.5362817049026489,-0.07963933050632477,0.6619199514389038,0.6131337881088257,-0.05781279131770134,0.7076865434646606,0.6045523881912231,-0.0718938484787941,0.7358430027961731,0.5959458351135254,-0.07713811844587326,0.7604244947433472,0.586499035358429,-0.08006373792886734,0.0,0.0,0.0,0.0,0.0,0.0,0.0,0.0,0.0,0.0,0.0,0.0,0.0,0.0,0.0,0.0,0.0,0.0,0.0,0.0,0.0,0.0,0.0,0.0,0.0,0.0,0.0,0.0,0.0,0.0,0.0,0.0,0.0,0.0,0.0,0.0,0.0,0.0,0.0,0.0,0.0,0.0,0.0,0.0,0.0,0.0,0.0,0.0,0.0,0.0,0.0,0.0,0.0,0.0,0.0,0.0,0.0,0.0,0.0,0.0,0.0,0.0,0.0
STOP,0.6973100304603577,0.7488270998001099,4.1373093040419917e-07,0.694007158279419,0.7006155252456665,-0.02022111415863037,0.70255047082901,0.6464113593101501,-0.026213249191641808,0.7146217226982117,0.6229722499847412,-0.030566561967134476,0.7216764092445374,0.614919126033783,-0.03557976707816124,0.7251656651496887,0.6463406682014465,-0.008111227303743362,0.7604631781578064,0.6321161985397339,-0.019161196425557137,0.7881171107292175,0.6278226375579834,-0.029632220044732094,0.8130576014518738,0.6253498792648315,-0.03715178743004799,0.7273464798927307,0.6656060218811035,-0.004178252071142197,0.7643694877624512,0.6548343896865845,-0.016235820949077606,0.7977651357650757,0.6541995406150818,-0.028186390176415443,0.8280144929885864,0.6534423232078552,-0.03760455548763275,0.7264149188995361,0.6855353713035583,-0.0031086127273738384,0.7612001895904541,0.6745201349258423,-0.018156949430704117,0.7919120788574219,0.6727171540260315,-0.028270749375224113,0.82021564245224,0.6731585264205933,-0.03368668258190155,0.7249140739440918,0.7029350399971008,-0.0035228522028774023,0.7488909959793091,0.6873056292533875,-0.015168363228440285,0.7696408033370972,0.683506190776825,-0.02046021819114685,0.7913146018981934,0.6801744103431702,-0.023883502930402756,0.0,0.0,0.0,0.0,0.0,0.0,0.0,0.0,0.0,0.0,0.0,0.0,0.0,0.0,0.0,0.0,0.0,0.0,0.0,0.0,0.0,0.0,0.0,0.0,0.0,0.0,0.0,0.0,0.0,0.0,0.0,0.0,0.0,0.0,0.0,0.0,0.0,0.0,0.0,0.0,0.0,0.0,0.0,0.0,0.0,0.0,0.0,0.0,0.0,0.0,0.0,0.0,0.0,0.0,0.0,0.0,0.0,0.0,0.0,0.0,0.0,0.0,0.0
STOP,0.2913602888584137,0.6419194340705872,1.297011777978696e-07,0.29149705171585083,0.5817833542823792,-0.010506760329008102,0.2638501822948456,0.5404150485992432,-0.013067200779914856,0.2353203445672989,0.509041965007782,-0.015671899542212486,0.2174067199230194,0.4806388020515442,-0.018454650416970253,0.2159654051065445,0.5598024129867554,-0.004142353776842356,0.16913674771785736,0.5564205646514893,-0.011609417386353016,0.138576477766037,0.5534380078315735,-0.018196163699030876,0.11402641236782074,0.5520743131637573,-0.02309459261596203,0.20654423534870148,0.590406596660614,-0.005207170732319355,0.1598491370677948,0.5852423906326294,-0.011546200141310692,0.12808716297149658,0.5788611769676208,-0.018950847908854485,0.10201244801282883,0.5718772411346436,-0.024372398853302002,0.202979177236557,0.6216608285903931,-0.008078565821051598,0.1611025333404541,0.6164165139198303,-0.01564035192131996,0.13321369886398315,0.6113405227661133,-0.02300792746245861,0.11085517704486847,0.6053757667541504,-0.027544653043150902,0.203664630651474,0.6531694531440735,-0.012103547342121601,0.16841016709804535,0.6587824821472168,-0.02072203904390335,0.1455506980419159,0.6638659834861755,-0.026081105694174767,0.12690185010433197,0.6682039499282837,-0.02877795696258545,0.0,0.0,0.0,0.0,0.0,0.0,0.0,0.0,0.0,0.0,0.0,0.0,0.0,0.0,0.0,0.0,0.0,0.0,0.0,0.0,0.0,0.0,0.0,0.0,0.0,0.0,0.0,0.0,0.0,0.0,0.0,0.0,0.0,0.0,0.0,0.0,0.0,0.0,0.0,0.0,0.0,0.0,0.0,0.0,0.0,0.0,0.0,0.0,0.0,0.0,0.0,0.0,0.0,0.0,0.0,0.0,0.0,0.0,0.0,0.0,0.0,0.0,0.0
STOP,0.26882264018058777,0.5433207750320435,1.40373046519926e-07,0.26862236857414246,0.4848782420158386,-0.019028732553124428,0.24585644900798798,0.4355306327342987,-0.029733914881944656,0.2241685390472412,0.3957093060016632,-0.03874045982956886,0.21009354293346405,0.3583528399467468,-0.04848073422908783,0.1948443055152893,0.43975451588630676,-0.02866140380501747,0.1478383094072342,0.41794028878211975,-0.04666938632726669,0.11800766736268997,0.404613196849823,-0.05876411870121956,0.09266551584005356,0.39212629199028015,-0.06727921217679977,0.185545414686203,0.46797794103622437,-0.030375255271792412,0.1367359757423401,0.4440755248069763,-0.04813079163432121,0.1051703467965126,0.4262896180152893,-0.060410331934690475,0.07875794172286987,0.40933758020401,-0.06896021962165833,0.18570876121520996,0.49864935874938965,-0.033630602061748505,0.14004547894001007,0.477264940738678,-0.05016619712114334,0.11077649891376495,0.46089184284210205,-0.05954859405755997,0.0861755833029747,0.4442366063594818,-0.06564325094223022,0.19218721985816956,0.5314151644706726,-0.03835512325167656,0.1582583487033844,0.5182884335517883,-0.05371871218085289,0.13701319694519043,0.5068202018737793,-0.06082664057612419,0.11734312772750854,0.4944859445095062,-0.06513252854347229,0.0,0.0,0.0,0.0,0.0,0.0,0.0,0.0,0.0,0.0,0.0,0.0,0.0,0.0,0.0,0.0,0.0,0.0,0.0,0.0,0.0,0.0,0.0,0.0,0.0,0.0,0.0,0.0,0.0,0.0,0.0,0.0,0.0,0.0,0.0,0.0,0.0,0.0,0.0,0.0,0.0,0.0,0.0,0.0,0.0,0.0,0.0,0.0,0.0,0.0,0.0,0.0,0.0,0.0,0.0,0.0,0.0,0.0,0.0,0.0,0.0,0.0,0.0
STOP,0.2671939432621002,0.5839883089065552,1.613649516229998e-07,0.2597309350967407,0.5261093974113464,-0.021433863788843155,0.23194248974323273,0.4780890941619873,-0.033665210008621216,0.2055538147687912,0.4411783814430237,-0.04387429729104042,0.188616544008255,0.40474051237106323,-0.05510576814413071,0.17925402522087097,0.49851393699645996,-0.03129788488149643,0.12979541718959808,0.4882891774177551,-0.050484009087085724,0.09747903048992157,0.4813210964202881,-0.06422801315784454,0.06882089376449585,0.4760117828845978,-0.07466109097003937,0.17349794507026672,0.5285216569900513,-0.032923564314842224,0.12047963589429855,0.5177336931228638,-0.05168788507580757,0.08699988573789597,0.5096218585968018,-0.0655042976140976,0.057454124093055725,0.5022137761116028,-0.07629051059484482,0.1769457459449768,0.5595965385437012,-0.03640725091099739,0.12821397185325623,0.5522146821022034,-0.05405690521001816,0.09747625142335892,0.5445560812950134,-0.06500579416751862,0.07017752528190613,0.5366090536117554,-0.07300730794668198,0.1874036341905594,0.5919118523597717,-0.04158419370651245,0.15247638523578644,0.5880681276321411,-0.05790931358933449,0.13062484562397003,0.5830790400505066,-0.06663241982460022,0.10928744077682495,0.5770940780639648,-0.07281181216239929,0.0,0.0,0.0,0.0,0.0,0.0,0.0,0.0,0.0,0.0,0.0,0.0,0.0,0.0,0.0,0.0,0.0,0.0,0.0,0.0,0.0,0.0,0.0,0.0,0.0,0.0,0.0,0.0,0.0,0.0,0.0,0.0,0.0,0.0,0.0,0.0,0.0,0.0,0.0,0.0,0.0,0.0,0.0,0.0,0.0,0.0,0.0,0.0,0.0,0.0,0.0,0.0,0.0,0.0,0.0,0.0,0.0,0.0,0.0,0.0,0.0,0.0,0.0
STOP,0.2530438303947449,0.6807605028152466,1.2929311310472258e-07,0.2513588070869446,0.611126720905304,-0.015101592987775803,0.22445230185985565,0.5659594535827637,-0.01925453171133995,0.19184687733650208,0.5300360321998596,-0.023598818108439445,0.17318299412727356,0.4953542947769165,-0.02800026163458824,0.16660773754119873,0.5968616008758545,-0.0016550171421840787,0.11324489861726761,0.593072235584259,-0.011263255029916763,0.07822424918413162,0.5914209485054016,-0.02047687955200672,0.04963550716638565,0.5907900333404541,-0.02727980725467205,0.15457645058631897,0.6311948299407959,-0.0022376058623194695,0.10052172839641571,0.6263185739517212,-0.010265357792377472,0.06533019989728928,0.6211211085319519,-0.019563591107726097,0.03543539345264435,0.6143379807472229,-0.0262407548725605,0.14895564317703247,0.6640248894691467,-0.005881141405552626,0.10050278902053833,0.6603442430496216,-0.01488973293453455,0.06794972717761993,0.6563168168067932,-0.02271953970193863,0.04152761399745941,0.6515299081802368,-0.027366675436496735,0.14898009598255157,0.6962989568710327,-0.01155808474868536,0.1055721789598465,0.702629029750824,-0.020962363108992577,0.07736048102378845,0.7061565518379211,-0.026203131303191185,0.053823038935661316,0.7077503204345703,-0.0288839191198349,0.2582424581050873,0.662273645401001,1.628730643687959e-07,0.25369006395339966,0.5948788523674011,-0.022368133068084717,0.22609393298625946,0.551038384437561,-0.03184518218040466,0.19536654651165009,0.5188395380973816,-0.039010562002658844,0.17540600895881653,0.4890425205230713,-0.046897049993276596,0.17055974900722504,0.5821232795715332,-0.020165856927633286,0.1170845627784729,0.5847030282020569,-0.033214762806892395,0.08078210800886154,0.5855923891067505,-0.04487890377640724,0.05016198754310608,0.5888568758964539,-0.05411626771092415,0.16287833452224731,0.6097120642662048,-0.01702028326690197,0.10601554065942764,0.610416054725647,-0.030484875664114952,0.06903725862503052,0.6105961799621582,-0.04587813466787338,0.03724241256713867,0.6121374368667603,-0.057576652616262436,0.1617283970117569,0.6344214081764221,-0.015619882382452488,0.11239977926015854,0.6346027851104736,-0.028346475213766098,0.07767033576965332,0.6359524726867676,-0.04183439537882805,0.051345378160476685,0.6389306783676147,-0.05087658762931824,0.16773203015327454,0.6586525440216064,-0.016080422326922417,0.12679585814476013,0.6581040620803833,-0.02752820961177349,0.09933894127607346,0.6595940589904785,-0.03662365674972534,0.07528149336576462,0.6602975726127625,-0.04290549457073212
STOP,0.817501425743103,0.7006412744522095,8.035336662715054e-08,0.8425817489624023,0.6340856552124023,0.00465372484177351,0.8862709403038025,0.5992587804794312,0.0038986157160252333,0.9231752753257751,0.578212320804596,0.002257264219224453,0.9443665742874146,0.5520385503768921,0.0004402167396619916,0.9351253509521484,0.6413840651512146,-0.003345048986375332,0.9917881488800049,0.6497313380241394,-0.005612740758806467,1.0207154750823975,0.6556404829025269,-0.005221855826675892,1.0392779111862183,0.6580965518951416,-0.0033903305884450674,0.9358610510826111,0.6847198605537415,-0.008705100044608116,0.9962210655212402,0.6926310062408447,-0.00631452351808548,1.0212314128875732,0.6978282332420349,-0.0013623959384858608,1.0370267629623413,0.7028178572654724,0.0023741538170725107,0.9291108846664429,0.7233256101608276,-0.01328631304204464,0.9857895970344543,0.7283000946044922,-0.010481271892786026,1.0100610256195068,0.7335419654846191,-0.0027297602500766516,1.0249836444854736,0.7384803295135498,0.0024153643753379583,0.9179867506027222,0.7533563375473022,-0.017529260367155075,0.9643982648849487,0.7546192407608032,-0.013274327851831913,0.9860358238220215,0.7570092678070068,-0.003915233537554741,0.9993653893470764,0.7591472864151001,0.003609940642490983,0.0,0.0,0.0,0.0,0.0,0.0,0.0,0.0,0.0,0.0,0.0,0.0,0.0,0.0,0.0,0.0,0.0,0.0,0.0,0.0,0.0,0.0,0.0,0.0,0.0,0.0,0.0,0.0,0.0,0.0,0.0,0.0,0.0,0.0,0.0,0.0,0.0,0.0,0.0,0.0,0.0,0.0,0.0,0.0,0.0,0.0,0.0,0.0,0.0,0.0,0.0,0.0,0.0,0.0,0.0,0.0,0.0,0.0,0.0,0.0,0.0,0.0,0.0
STOP,0.5935558676719666,0.524956226348877,2.626529180815851e-07,0.608526885509491,0.4703589379787445,0.0025224140845239162,0.6399628520011902,0.42715969681739807,-0.0020757680758833885,0.6647667288780212,0.39614495635032654,-0.007523410487920046,0.6744602918624878,0.3648829162120819,-0.014677097089588642,0.6774397492408752,0.440464049577713,-0.021727943792939186,0.7382689714431763,0.42509761452674866,-0.03464280813932419,0.7747716903686523,0.4177181124687195,-0.04059233516454697,0.8013866543769836,0.41200196743011475,-0.0433226153254509,0.6830058693885803,0.46959927678108215,-0.030190110206604004,0.7475306987762451,0.45226550102233887,-0.041580650955438614,0.7867311239242554,0.4420865476131439,-0.04607854783535004,0.8157864212989807,0.4340752065181732,-0.048220034688711166,0.6834998726844788,0.5041459798812866,-0.0372820682823658,0.744945764541626,0.4851967692375183,-0.046424251049757004,0.7823731899261475,0.47376948595046997,-0.051171597093343735,0.8102227449417114,0.46455082297325134,-0.05394502356648445,0.6796371936798096,0.5412704348564148,-0.04352610185742378,0.7244524955749512,0.5285163521766663,-0.052209366112947464,0.7519385814666748,0.5184651613235474,-0.055051691830158234,0.7748324275016785,0.5092077851295471,-0.05583610758185387,0.0,0.0,0.0,0.0,0.0,0.0,0.0,0.0,0.0,0.0,0.0,0.0,0.0,0.0,0.0,0.0,0.0,0.0,0.0,0.0,0.0,0.0,0.0,0.0,0.0,0.0,0.0,0.0,0.0,0.0,0.0,0.0,0.0,0.0,0.0,0.0,0.0,0.0,0.0,0.0,0.0,0.0,0.0,0.0,0.0,0.0,0.0,0.0,0.0,0.0,0.0,0.0,0.0,0.0,0.0,0.0,0.0,0.0,0.0,0.0,0.0,0.0,0.0
STOP,0.627687394618988,0.6454662084579468,2.5446030349485227e-07,0.6461399793624878,0.587553858757019,-0.0031204211991280317,0.6834387183189392,0.5509811639785767,-0.010364142246544361,0.7149920463562012,0.5266236066818237,-0.01696278154850006,0.7309926748275757,0.49715322256088257,-0.025018271058797836,0.7219862341880798,0.5792630314826965,-0.027060745283961296,0.7855227589607239,0.5822477340698242,-0.040704455226659775,0.8233587741851807,0.5859665274620056,-0.04746245592832565,0.8516268730163574,0.5890048146247864,-0.05041643977165222,0.7250241637229919,0.6151193976402283,-0.032587043941020966,0.792741596698761,0.6163907051086426,-0.0435948483645916,0.8345288038253784,0.6176964044570923,-0.048838138580322266,0.8663554191589355,0.6178749799728394,-0.0519782118499279,0.7219327688217163,0.6509717702865601,-0.03695309907197952,0.7859163284301758,0.6480982303619385,-0.04575728625059128,0.8260788917541504,0.6480802297592163,-0.05052047222852707,0.8554823398590088,0.6480565071105957,-0.05355146899819374,0.7149532437324524,0.683264434337616,-0.04085089638829231,0.7651180028915405,0.6818250417709351,-0.04778877645730972,0.7956883311271667,0.6816222667694092,-0.049078356474637985,0.8200340867042542,0.6803998947143555,-0.04920263960957527,0.0,0.0,0.0,0.0,0.0,0.0,0.0,0.0,0.0,0.0,0.0,0.0,0.0,0.0,0.0,0.0,0.0,0.0,0.0,0.0,0.0,0.0,0.0,0.0,0.0,0.0,0.0,0.0,0.0,0.0,0.0,0.0,0.0,0.0,0.0,0.0,0.0,0.0,0.0,0.0,0.0,0.0,0.0,0.0,0.0,0.0,0.0,0.0,0.0,0.0,0.0,0.0,0.0,0.0,0.0,0.0,0.0,0.0,0.0,0.0,0.0,0.0,0.0
STOP,0.6259459853172302,0.6336061358451843,3.1555458690490923e-07,0.6512167453765869,0.5766385793685913,-0.0004121004603803158,0.6910404562950134,0.540529727935791,-0.004790765233337879,0.719397246837616,0.5155218839645386,-0.009241247549653053,0.7335823178291321,0.48909443616867065,-0.014729524031281471,0.7320125699043274,0.5706429481506348,-0.01633511111140251,0.7900170683860779,0.5742555856704712,-0.02785596437752247,0.8278823494911194,0.5788389444351196,-0.03533363342285156,0.8554908633232117,0.5840281248092651,-0.039428289979696274,0.7330876588821411,0.6059329509735107,-0.022851228713989258,0.7930071353912354,0.610145092010498,-0.02998686395585537,0.8314231038093567,0.6132631301879883,-0.03435288742184639,0.8604281544685364,0.6162360310554504,-0.037858299911022186,0.7280105352401733,0.6431065797805786,-0.028734013438224792,0.7858362197875977,0.6456121802330017,-0.03436035290360451,0.8223745822906494,0.6476975083351135,-0.0368335023522377,0.8494527339935303,0.6495680212974548,-0.03924248367547989,0.7181106209754944,0.6780908703804016,-0.034423861652612686,0.7608940601348877,0.6829828023910522,-0.03936416655778885,0.7892462611198425,0.6862857341766357,-0.03931573033332825,0.8122199177742004,0.6882771253585815,-0.038941361010074615,0.0,0.0,0.0,0.0,0.0,0.0,0.0,0.0,0.0,0.0,0.0,0.0,0.0,0.0,0.0,0.0,0.0,0.0,0.0,0.0,0.0,0.0,0.0,0.0,0.0,0.0,0.0,0.0,0.0,0.0,0.0,0.0,0.0,0.0,0.0,0.0,0.0,0.0,0.0,0.0,0.0,0.0,0.0,0.0,0.0,0.0,0.0,0.0,0.0,0.0,0.0,0.0,0.0,0.0,0.0,0.0,0.0,0.0,0.0,0.0,0.0,0.0,0.0
STOP,0.4884313642978668,0.5462814569473267,4.013869272512238e-07,0.5092054605484009,0.4863985776901245,-0.0034056350123137236,0.548513650894165,0.43689024448394775,-0.014126548543572426,0.5808395743370056,0.40277624130249023,-0.024352192878723145,0.5940017104148865,0.36453455686569214,-0.036627475172281265,0.5638134479522705,0.4484522342681885,-0.04345012456178665,0.6262187361717224,0.4274170994758606,-0.06556331366300583,0.6666015982627869,0.4155462980270386,-0.07692911475896835,0.698698878288269,0.4029076397418976,-0.08392276614904404,0.5648599863052368,0.4835858643054962,-0.05357099696993828,0.6322253346443176,0.4645651876926422,-0.07597590237855911,0.6778199076652527,0.44957613945007324,-0.08695849031209946,0.7144346833229065,0.43397414684295654,-0.09401606768369675,0.5626319646835327,0.5252906084060669,-0.06167767196893692,0.6264982223510742,0.506978452205658,-0.08142509311437607,0.6672901511192322,0.49162185192108154,-0.09034132212400436,0.6999386548995972,0.47488462924957275,-0.09560656547546387,0.5594059228897095,0.5701474547386169,-0.06874867528676987,0.6061570048332214,0.5593217611312866,-0.08625180274248123,0.6345065832138062,0.5457512140274048,-0.0925387442111969,0.6592056751251221,0.53180330991745,-0.09579383581876755,0.6485340595245361,0.7489861845970154,2.9564512260549236e-07,0.6801124811172485,0.7086501717567444,-0.04909698665142059,0.6951869130134583,0.6812772154808044,-0.08028155565261841,0.7032768130302429,0.6880213022232056,-0.10335713624954224,0.7151173949241638,0.715795636177063,-0.12665866315364838,0.6414724588394165,0.7123209834098816,-0.08735011518001556,0.6143279075622559,0.7099555134773254,-0.11754611879587173,0.5900278687477112,0.7127131819725037,-0.136349156498909,0.5643314719200134,0.7184412479400635,-0.1495586484670639,0.6096405386924744,0.7308889031410217,-0.07431526482105255,0.5735082626342773,0.7190422415733337,-0.09862697124481201,0.5475216507911682,0.7165297865867615,-0.11055444180965424,0.5260912775993347,0.7215766906738281,-0.12060593068599701,0.5904136300086975,0.7456004023551941,-0.06232601776719093,0.5577417016029358,0.7321826815605164,-0.08207961916923523,0.5343303084373474,0.7288936376571655,-0.09234847873449326,0.5155946612358093,0.7317185401916504,-0.10004454851150513,0.5812404155731201,0.7592957615852356,-0.05379781872034073,0.555904746055603,0.7507830858230591,-0.06788951903581619,0.5356476902961731,0.7501367330551147,-0.07467246800661087,0.520227313041687,0.7524377703666687,-0.08061013370752335,0.6808682084083557,0.5874948501586914,-4.497078407439403e-07,0.6916579008102417,0.6203598380088806,-0.027434810996055603,0.6989890336990356,0.6625095009803772,-0.05146199092268944,0.7108898758888245,0.6864450573921204,-0.07032460719347,0.7028511762619019,0.7300816774368286,-0.09089446067810059,0.663497805595398,0.6588736176490784,-0.06789867579936981,0.6287473440170288,0.676356315612793,-0.09547071158885956,0.6025276780128479,0.6834191083908081,-0.11779812723398209,0.5837128162384033,0.6916702389717102,-0.13223710656166077,0.639437735080719,0.620499312877655,-0.06081119924783707,0.6170756220817566,0.6261758804321289,-0.07731646299362183,0.5976137518882751,0.6339581608772278,-0.08403030782938004,0.5851671099662781,0.6395272612571716,-0.09410932660102844,0.6306415796279907,0.5823355913162231,-0.05340556055307388,0.6245267987251282,0.5656384229660034,-0.06808000057935715,0.6222988367080688,0.5586998462677002,-0.06863754242658615,0.620704710483551,0.5523611903190613,-0.07137928903102875,0.6309542655944824,0.5449541807174683,-0.04750934988260269,0.632765531539917,0.5125869512557983,-0.05369548499584198,0.6353012323379517,0.4979681968688965,-0.049187127500772476,0.639078676700592,0.48737913370132446,-0.04911281540989876
STOP,0.5507425665855408,0.652991533279419,-6.563309398188721e-07,0.5669313073158264,0.6038138270378113,-0.012905731797218323,0.6029696464538574,0.5616601705551147,-0.042872000485658646,0.641359806060791,0.5340023636817932,-0.07340002059936523,0.6725478768348694,0.4995434582233429,-0.10771632194519043,0.6064662337303162,0.5733973979949951,-0.09844526648521423,0.6726604104042053,0.5643861889839172,-0.1396525353193283,0.7223343849182129,0.5684303045272827,-0.1594618260860443,0.7562954425811768,0.5717265009880066,-0.17045636475086212,0.6017545461654663,0.6185847520828247,-0.10896337777376175,0.6763926148414612,0.6096792221069336,-0.15094363689422607,0.732301652431488,0.6084485650062561,-0.15925541520118713,0.7631913423538208,0.6061720848083496,-0.16652125120162964,0.6020245552062988,0.6619727611541748,-0.1159893199801445,0.6729316711425781,0.6532391309738159,-0.1517804116010666,0.7185006737709045,0.6475813388824463,-0.15592244267463684,0.7418801188468933,0.6384546756744385,-0.15758533775806427,0.6012040376663208,0.7042256593704224,-0.12283691018819809,0.636492908000946,0.7067432403564453,-0.1495068073272705,0.6400114893913269,0.7083041667938232,-0.15794339776039124,0.6345657110214233,0.7069286108016968,-0.16553738713264465,0.0,0.0,0.0,0.0,0.0,0.0,0.0,0.0,0.0,0.0,0.0,0.0,0.0,0.0,0.0,0.0,0.0,0.0,0.0,0.0,0.0,0.0,0.0,0.0,0.0,0.0,0.0,0.0,0.0,0.0,0.0,0.0,0.0,0.0,0.0,0.0,0.0,0.0,0.0,0.0,0.0,0.0,0.0,0.0,0.0,0.0,0.0,0.0,0.0,0.0,0.0,0.0,0.0,0.0,0.0,0.0,0.0,0.0,0.0,0.0,0.0,0.0,0.0
STOP,0.49702632427215576,0.7893401384353638,3.9393489714711905e-07,0.5350635051727295,0.7343184947967529,-0.008526194840669632,0.5854126811027527,0.70097815990448,-0.019804032519459724,0.6226677298545837,0.6755566596984863,-0.02898973412811756,0.6430944800376892,0.642545223236084,-0.040032029151916504,0.5971026420593262,0.7315415143966675,-0.045890554785728455,0.6650466322898865,0.747706949710846,-0.06661733984947205,0.705938994884491,0.7588114142417908,-0.07752001285552979,0.7392016649246216,0.7673633694648743,-0.0833483561873436,0.5917004346847534,0.7760708928108215,-0.05070461332798004,0.6630264520645142,0.793280839920044,-0.06882315874099731,0.7108378410339355,0.8036491870880127,-0.07818443328142166,0.7485665678977966,0.8090490698814392,-0.0848880261182785,0.5829721689224243,0.8178658485412598,-0.053692810237407684,0.6489577293395996,0.831194281578064,-0.06855586916208267,0.6936741471290588,0.8387719392776489,-0.07635113596916199,0.7279228568077087,0.8417726755142212,-0.08145350217819214,0.573754608631134,0.8522651791572571,-0.056142017245292664,0.6252434253692627,0.8622870445251465,-0.06787438690662384,0.6583613753318787,0.8662726283073425,-0.07183947414159775,0.6853071451187134,0.8683809041976929,-0.07418850064277649,0.0,0.0,0.0,0.0,0.0,0.0,0.0,0.0,0.0,0.0,0.0,0.0,0.0,0.0,0.0,0.0,0.0,0.0,0.0,0.0,0.0,0.0,0.0,0.0,0.0,0.0,0.0,0.0,0.0,0.0,0.0,0.0,0.0,0.0,0.0,0.0,0.0,0.0,0.0,0.0,0.0,0.0,0.0,0.0,0.0,0.0,0.0,0.0,0.0,0.0,0.0,0.0,0.0,0.0,0.0,0.0,0.0,0.0,0.0,0.0,0.0,0.0,0.0
BYE,0.3341154158115387,0.7864193320274353,2.7965731419499207e-07,0.39412030577659607,0.7546629905700684,-0.017773767933249474,0.42764225602149963,0.678824245929718,-0.01921367645263672,0.443354994058609,0.6132985949516296,-0.019385162740945816,0.463918000459671,0.570259690284729,-0.019412217661738396,0.3883834183216095,0.598544180393219,-0.005719199776649475,0.39368557929992676,0.517822265625,-0.016637654975056648,0.39833441376686096,0.46812427043914795,-0.02696184255182743,0.40265122056007385,0.4254556894302368,-0.034824199974536896,0.358087420463562,0.5913754105567932,-0.005538207478821278,0.36442551016807556,0.5071467161178589,-0.015111668966710567,0.37214985489845276,0.453108549118042,-0.02547529898583889,0.38039642572402954,0.4089115858078003,-0.03296487778425217,0.32821255922317505,0.5990371108055115,-0.008574645034968853,0.33440810441970825,0.5166223049163818,-0.020316999405622482,0.34319621324539185,0.46620553731918335,-0.030311305075883865,0.3526866137981415,0.4243782162666321,-0.03682674467563629,0.296968549489975,0.6185436844825745,-0.013440989889204502,0.29988667368888855,0.5560879111289978,-0.02581389807164669,0.3045322597026825,0.5147318840026855,-0.032593805342912674,0.31038740277290344,0.4777628779411316,-0.03664316609501839,0.0,0.0,0.0,0.0,0.0,0.0,0.0,0.0,0.0,0.0,0.0,0.0,0.0,0.0,0.0,0.0,0.0,0.0,0.0,0.0,0.0,0.0,0.0,0.0,0.0,0.0,0.0,0.0,0.0,0.0,0.0,0.0,0.0,0.0,0.0,0.0,0.0,0.0,0.0,0.0,0.0,0.0,0.0,0.0,0.0,0.0,0.0,0.0,0.0,0.0,0.0,0.0,0.0,0.0,0.0,0.0,0.0,0.0,0.0,0.0,0.0,0.0,0.0
BYE,0.29190924763679504,0.816582977771759,2.948725636997551e-07,0.35117027163505554,0.7819429039955139,-0.01759929209947586,0.3901624381542206,0.705802321434021,-0.019687697291374207,0.4123035967350006,0.640855610370636,-0.020974155515432358,0.4328431487083435,0.5964824557304382,-0.02175147831439972,0.35491910576820374,0.618217408657074,-0.0011349072447046638,0.3619595766067505,0.5372444987297058,-0.011547960340976715,0.3660701513290405,0.4877815842628479,-0.022599022835493088,0.36819183826446533,0.44512078166007996,-0.0308399461209774,0.3251451253890991,0.6113653182983398,-0.0016248876927420497,0.3350503444671631,0.5270532965660095,-0.009581645019352436,0.34239131212234497,0.473905473947525,-0.019827930256724358,0.34842103719711304,0.42896872758865356,-0.027354223653674126,0.2956697940826416,0.6175890564918518,-0.005616397131234407,0.3046998381614685,0.5369718074798584,-0.014558459632098675,0.3129802942276001,0.4876934885978699,-0.02218698151409626,0.32022154331207275,0.44593632221221924,-0.027424730360507965,0.2639683187007904,0.6361363530158997,-0.011962643824517727,0.26902472972869873,0.5739507675170898,-0.020796192809939384,0.2736625075340271,0.5336036682128906,-0.024439172819256783,0.27773967385292053,0.49732887744903564,-0.026368945837020874,0.0,0.0,0.0,0.0,0.0,0.0,0.0,0.0,0.0,0.0,0.0,0.0,0.0,0.0,0.0,0.0,0.0,0.0,0.0,0.0,0.0,0.0,0.0,0.0,0.0,0.0,0.0,0.0,0.0,0.0,0.0,0.0,0.0,0.0,0.0,0.0,0.0,0.0,0.0,0.0,0.0,0.0,0.0,0.0,0.0,0.0,0.0,0.0,0.0,0.0,0.0,0.0,0.0,0.0,0.0,0.0,0.0,0.0,0.0,0.0,0.0,0.0,0.0
BYE,0.2674647569656372,0.8557198643684387,2.7026854354517127e-07,0.33475619554519653,0.834877610206604,-0.016369342803955078,0.38694843649864197,0.7702334523200989,-0.017720533534884453,0.4210282266139984,0.7088624238967896,-0.0191004890948534,0.449031800031662,0.6662160754203796,-0.019867675378918648,0.37067827582359314,0.6757978200912476,0.006353878881782293,0.3951799273490906,0.5989457368850708,-0.002450481988489628,0.4086563289165497,0.5548127889633179,-0.012860122136771679,0.4208412766456604,0.5151973962783813,-0.020805802196264267,0.34372660517692566,0.6599734425544739,0.005074555519968271,0.36974096298217773,0.5786764621734619,-0.0010199859971180558,0.3864525258541107,0.5311611294746399,-0.010821882635354996,0.40204110741615295,0.4903285503387451,-0.018269093707203865,0.3143153190612793,0.6576776504516602,-0.00015467968478333205,0.3407256007194519,0.5795449018478394,-0.007891726680099964,0.3585016429424286,0.5342219471931458,-0.013970376923680305,0.374675452709198,0.49723368883132935,-0.018337180837988853,0.2801198959350586,0.6662583351135254,-0.007885893806815147,0.29941147565841675,0.6060056686401367,-0.014598586596548557,0.31483203172683716,0.5698889493942261,-0.015549645759165287,0.330262690782547,0.5379398465156555,-0.015869125723838806,0.0,0.0,0.0,0.0,0.0,0.0,0.0,0.0,0.0,0.0,0.0,0.0,0.0,0.0,0.0,0.0,0.0,0.0,0.0,0.0,0.0,0.0,0.0,0.0,0.0,0.0,0.0,0.0,0.0,0.0,0.0,0.0,0.0,0.0,0.0,0.0,0.0,0.0,0.0,0.0,0.0,0.0,0.0,0.0,0.0,0.0,0.0,0.0,0.0,0.0,0.0,0.0,0.0,0.0,0.0,0.0,0.0,0.0,0.0,0.0,0.0,0.0,0.0
BYE,0.2336655855178833,0.8589761257171631,3.6171866213408066e-07,0.3005846440792084,0.8419464230537415,-0.020584598183631897,0.35691460967063904,0.7832387685775757,-0.02476603165268898,0.3951073884963989,0.7241096496582031,-0.02780640684068203,0.424491286277771,0.6780262589454651,-0.030136287212371826,0.349692702293396,0.686022162437439,-0.002333214972168207,0.3837825059890747,0.6108351945877075,-0.014779302291572094,0.4036151170730591,0.5660040378570557,-0.027268795296549797,0.41984206438064575,0.5258992910385132,-0.03627676144242287,0.3220374286174774,0.6659544706344604,-0.0025729374028742313,0.35974255204200745,0.590660810470581,-0.011191199533641338,0.3835621178150177,0.5457395315170288,-0.021628566086292267,0.40474146604537964,0.5069475769996643,-0.029711756855249405,0.29009345173835754,0.659967303276062,-0.007048068568110466,0.3276709318161011,0.5872953534126282,-0.017253175377845764,0.3525189757347107,0.5432693958282471,-0.02470751665532589,0.3748275339603424,0.5071331262588501,-0.03015907108783722,0.2508356273174286,0.665293276309967,-0.014107783325016499,0.27159860730171204,0.6062356233596802,-0.02454695664346218,0.28751635551452637,0.5673490762710571,-0.02808663435280323,0.30176398158073425,0.532349705696106,-0.030065448954701424,0.0,0.0,0.0,0.0,0.0,0.0,0.0,0.0,0.0,0.0,0.0,0.0,0.0,0.0,0.0,0.0,0.0,0.0,0.0,0.0,0.0,0.0,0.0,0.0,0.0,0.0,0.0,0.0,0.0,0.0,0.0,0.0,0.0,0.0,0.0,0.0,0.0,0.0,0.0,0.0,0.0,0.0,0.0,0.0,0.0,0.0,0.0,0.0,0.0,0.0,0.0,0.0,0.0,0.0,0.0,0.0,0.0,0.0,0.0,0.0,0.0,0.0,0.0
BYE,0.23467589914798737,0.8790350556373596,2.535870180508937e-07,0.29896819591522217,0.8470736145973206,-0.017020948231220245,0.34626609086990356,0.7804104685783386,-0.02075181156396866,0.37749770283699036,0.7212170362472534,-0.024784324690699577,0.4032953381538391,0.6736958622932434,-0.02882372960448265,0.3284014165401459,0.685956597328186,-0.0006143618375062943,0.35240820050239563,0.6098969578742981,-0.016388369724154472,0.3669010400772095,0.5634287595748901,-0.031490910798311234,0.37905216217041016,0.5223821401596069,-0.0422637052834034,0.3026653528213501,0.6745337843894958,-0.003904035547748208,0.3306382894515991,0.5958150625228882,-0.01734325848519802,0.34925606846809387,0.5475918054580688,-0.030232509598135948,0.36628457903862,0.5059069395065308,-0.0395582914352417,0.2735481858253479,0.6757022738456726,-0.011355375871062279,0.3020506799221039,0.5984414219856262,-0.025499220937490463,0.3210981786251068,0.5531567335128784,-0.033300481736660004,0.33862370252609253,0.514609694480896,-0.038515523076057434,0.23827433586120605,0.687569797039032,-0.02113254927098751,0.2569289803504944,0.6296420097351074,-0.03382163122296333,0.27221789956092834,0.5920611619949341,-0.03767396882176399,0.28604114055633545,0.5579254627227783,-0.03981303423643112,0.0,0.0,0.0,0.0,0.0,0.0,0.0,0.0,0.0,0.0,0.0,0.0,0.0,0.0,0.0,0.0,0.0,0.0,0.0,0.0,0.0,0.0,0.0,0.0,0.0,0.0,0.0,0.0,0.0,0.0,0.0,0.0,0.0,0.0,0.0,0.0,0.0,0.0,0.0,0.0,0.0,0.0,0.0,0.0,0.0,0.0,0.0,0.0,0.0,0.0,0.0,0.0,0.0,0.0,0.0,0.0,0.0,0.0,0.0,0.0,0.0,0.0,0.0
BYE,0.2404150813817978,0.8862435817718506,3.614212573666009e-07,0.3073941469192505,0.8579489588737488,-0.01792631484568119,0.3558458387851715,0.7881420850753784,-0.021053368225693703,0.3871946930885315,0.7226173281669617,-0.02398313395678997,0.41723892092704773,0.6772378087043762,-0.026316272094845772,0.33664047718048096,0.6891063451766968,0.0008384545217268169,0.3584437966346741,0.607138454914093,-0.011543208733201027,0.371817409992218,0.5581071972846985,-0.023996267467737198,0.38399505615234375,0.514375627040863,-0.033504534512758255,0.3077130615711212,0.6764336228370667,-0.0009450427605770528,0.33204323053359985,0.591670036315918,-0.01173635944724083,0.35059306025505066,0.5384013652801514,-0.023992570117115974,0.36819028854370117,0.49203920364379883,-0.032903701066970825,0.27730780839920044,0.6777338981628418,-0.006747975945472717,0.30065110325813293,0.59738689661026,-0.019404830411076546,0.3203587532043457,0.5459003448486328,-0.029062367975711823,0.33967018127441406,0.5028498768806458,-0.035354115068912506,0.2434079945087433,0.6901850700378418,-0.014852534979581833,0.25771188735961914,0.6275372505187988,-0.02788686752319336,0.2716227173805237,0.5864052176475525,-0.033684682101011276,0.286288857460022,0.5485714673995972,-0.03681296110153198,0.0,0.0,0.0,0.0,0.0,0.0,0.0,0.0,0.0,0.0,0.0,0.0,0.0,0.0,0.0,0.0,0.0,0.0,0.0,0.0,0.0,0.0,0.0,0.0,0.0,0.0,0.0,0.0,0.0,0.0,0.0,0.0,0.0,0.0,0.0,0.0,0.0,0.0,0.0,0.0,0.0,0.0,0.0,0.0,0.0,0.0,0.0,0.0,0.0,0.0,0.0,0.0,0.0,0.0,0.0,0.0,0.0,0.0,0.0,0.0,0.0,0.0,0.0
BYE,0.23945340514183044,0.8893684148788452,3.4926867442663934e-07,0.3076261281967163,0.8546665906906128,-0.019433854147791862,0.35188764333724976,0.7782800793647766,-0.021387794986367226,0.3779900074005127,0.7054581642150879,-0.023185238242149353,0.400185227394104,0.651504635810852,-0.02433398738503456,0.32428720593452454,0.6839507222175598,0.004023885820060968,0.34103888273239136,0.599382758140564,-0.008128407411277294,0.35076308250427246,0.546675443649292,-0.020724592730402946,0.35892292857170105,0.5007771253585815,-0.030181745067238808,0.29243412613868713,0.6727261543273926,0.0033362100366503,0.31290584802627563,0.584810733795166,-0.006445182487368584,0.326458215713501,0.5315174460411072,-0.017724374309182167,0.3399117887020111,0.4870116710662842,-0.026034198701381683,0.2602092921733856,0.6763753890991211,-0.0020320662297308445,0.27995407581329346,0.592384934425354,-0.013489692471921444,0.29564279317855835,0.5411427021026611,-0.021358679980039597,0.3120896816253662,0.4988453984260559,-0.02670970931649208,0.2245078831911087,0.6921698451042175,-0.010137508623301983,0.23844152688980103,0.6284504532814026,-0.021448230370879173,0.25090736150741577,0.5875115394592285,-0.025843655690550804,0.2641206979751587,0.5509568452835083,-0.028316399082541466,0.0,0.0,0.0,0.0,0.0,0.0,0.0,0.0,0.0,0.0,0.0,0.0,0.0,0.0,0.0,0.0,0.0,0.0,0.0,0.0,0.0,0.0,0.0,0.0,0.0,0.0,0.0,0.0,0.0,0.0,0.0,0.0,0.0,0.0,0.0,0.0,0.0,0.0,0.0,0.0,0.0,0.0,0.0,0.0,0.0,0.0,0.0,0.0,0.0,0.0,0.0,0.0,0.0,0.0,0.0,0.0,0.0,0.0,0.0,0.0,0.0,0.0,0.0
BYE,0.2308906465768814,0.8883494138717651,2.706934481011558e-07,0.2952044904232025,0.8517330884933472,-0.01963392086327076,0.34026801586151123,0.777596652507782,-0.022472228854894638,0.3657463490962982,0.7084978818893433,-0.025155728682875633,0.3864595592021942,0.6560252904891968,-0.027093449607491493,0.3155518174171448,0.6792134046554565,0.005223249550908804,0.3287089467048645,0.5996105074882507,-0.007159931119531393,0.334665447473526,0.5490972995758057,-0.021192938089370728,0.33862122893333435,0.5047767162322998,-0.03186901658773422,0.2870013415813446,0.6671331524848938,0.004449344240128994,0.30300387740135193,0.5837159156799316,-0.005832782480865717,0.31212472915649414,0.531388521194458,-0.018227750435471535,0.32045236229896545,0.4868735671043396,-0.027506882324814796,0.257869154214859,0.6688101291656494,-0.0010310796787962317,0.2751569151878357,0.5886879563331604,-0.012893879786133766,0.2862500548362732,0.5392683744430542,-0.020581314340233803,0.2963547110557556,0.49835649132728577,-0.02572612278163433,0.2243402600288391,0.6837601661682129,-0.009289728477597237,0.23625393211841583,0.6225453019142151,-0.020514633506536484,0.2466057389974594,0.5821991562843323,-0.02423451468348503,0.2567114531993866,0.5460082292556763,-0.02613145299255848,0.0,0.0,0.0,0.0,0.0,0.0,0.0,0.0,0.0,0.0,0.0,0.0,0.0,0.0,0.0,0.0,0.0,0.0,0.0,0.0,0.0,0.0,0.0,0.0,0.0,0.0,0.0,0.0,0.0,0.0,0.0,0.0,0.0,0.0,0.0,0.0,0.0,0.0,0.0,0.0,0.0,0.0,0.0,0.0,0.0,0.0,0.0,0.0,0.0,0.0,0.0,0.0,0.0,0.0,0.0,0.0,0.0,0.0,0.0,0.0,0.0,0.0,0.0
I,0.38566771149635315,0.8929170370101929,-3.28091175560985e-07,0.4031810164451599,0.8165343999862671,0.0064499257132411,0.4430161416530609,0.7605719566345215,0.008075733669102192,0.48301345109939575,0.725569486618042,0.0066459160298109055,0.5027995109558105,0.6908182501792908,0.0060561285354197025,0.49668392539024353,0.7796634435653687,0.011564194224774837,0.5381985306739807,0.7712031602859497,0.011627229861915112,0.5443431735038757,0.7754533886909485,0.010836300440132618,0.5400642156600952,0.7780354619026184,0.010288350284099579,0.5088965892791748,0.8184818029403687,0.003863208694383502,0.5453413724899292,0.8134863972663879,0.007877415977418423,0.5351539850234985,0.8241296410560608,0.008718360215425491,0.5178102254867554,0.8301249146461487,0.007923629134893417,0.5125055909156799,0.8624332547187805,-0.003599835792556405,0.5463607311248779,0.8565673232078552,-0.002978923264890909,0.5327253937721252,0.8660207390785217,0.0017157109687104821,0.513739287853241,0.8714665770530701,0.004056552425026894,0.5107603669166565,0.9076377153396606,-0.01055849902331829,0.5502886772155762,0.9032092094421387,-0.008634197525680065,0.5394417643547058,0.905646800994873,0.00023606546164955944,0.520919144153595,0.9067283868789673,0.006929626222699881,0.0,0.0,0.0,0.0,0.0,0.0,0.0,0.0,0.0,0.0,0.0,0.0,0.0,0.0,0.0,0.0,0.0,0.0,0.0,0.0,0.0,0.0,0.0,0.0,0.0,0.0,0.0,0.0,0.0,0.0,0.0,0.0,0.0,0.0,0.0,0.0,0.0,0.0,0.0,0.0,0.0,0.0,0.0,0.0,0.0,0.0,0.0,0.0,0.0,0.0,0.0,0.0,0.0,0.0,0.0,0.0,0.0,0.0,0.0,0.0,0.0,0.0,0.0
I,0.4178732633590698,0.8925363421440125,-4.352526161710557e-08,0.4433390200138092,0.8140177726745605,0.00757559621706605,0.4923465847969055,0.7643846273422241,0.010710651986300945,0.5345097184181213,0.7332555055618286,0.011069933883845806,0.5598825216293335,0.6990028619766235,0.011579315178096294,0.5412115454673767,0.7765563726425171,0.012924028560519218,0.5835471153259277,0.7652045488357544,0.01724831573665142,0.6125994920730591,0.7596479654312134,0.017305362969636917,0.634087085723877,0.7541303634643555,0.015445309691131115,0.5550484657287598,0.8181982040405273,0.0058906045742332935,0.5870654582977295,0.8240731358528137,0.01009625755250454,0.5713404417037964,0.836741030216217,0.010891947895288467,0.5520144104957581,0.8413217663764954,0.010635334998369217,0.5587137937545776,0.8665575981140137,-0.00018135629943571985,0.5934762954711914,0.8696491122245789,0.001029874780215323,0.5779523253440857,0.87738436460495,0.006969763897359371,0.5577431321144104,0.8800621032714844,0.010461456142365932,0.5547150373458862,0.9148529767990112,-0.005718089174479246,0.5951797962188721,0.9207767248153687,-0.004069180693477392,0.5859214067459106,0.9242032170295715,0.004343049600720406,0.5672454237937927,0.9236705303192139,0.011266222223639488,0.0,0.0,0.0,0.0,0.0,0.0,0.0,0.0,0.0,0.0,0.0,0.0,0.0,0.0,0.0,0.0,0.0,0.0,0.0,0.0,0.0,0.0,0.0,0.0,0.0,0.0,0.0,0.0,0.0,0.0,0.0,0.0,0.0,0.0,0.0,0.0,0.0,0.0,0.0,0.0,0.0,0.0,0.0,0.0,0.0,0.0,0.0,0.0,0.0,0.0,0.0,0.0,0.0,0.0,0.0,0.0,0.0,0.0,0.0,0.0,0.0,0.0,0.0
I,0.45497238636016846,0.8971817493438721,-1.8326745987451432e-07,0.47970396280288696,0.8172819018363953,0.015739481896162033,0.5256112217903137,0.7668262720108032,0.024147456511855125,0.5653281211853027,0.7372007966041565,0.028625503182411194,0.5863892436027527,0.705322265625,0.032893650233745575,0.5792566537857056,0.7802016139030457,0.02417796477675438,0.6174176931381226,0.7800143957138062,0.03555632382631302,0.636394739151001,0.7813926935195923,0.040456611663103104,0.6490768194198608,0.7825425267219543,0.04181404411792755,0.5931583642959595,0.8218594789505005,0.016497135162353516,0.6124308705329895,0.8323726058006287,0.03074767254292965,0.5967682600021362,0.8380171656608582,0.0349934920668602,0.5805643200874329,0.8409922122955322,0.03511013835668564,0.593771755695343,0.8687280416488647,0.010447182692587376,0.6152355670928955,0.8693946003913879,0.01932070031762123,0.5989270210266113,0.8735302686691284,0.024718375876545906,0.5806139707565308,0.8756033778190613,0.026041558012366295,0.588927686214447,0.9150630235671997,0.005941206589341164,0.6219596862792969,0.9147059917449951,0.013325988315045834,0.6149779558181763,0.9152727723121643,0.022590821608901024,0.5995926856994629,0.9147859811782837,0.02914796769618988,0.0,0.0,0.0,0.0,0.0,0.0,0.0,0.0,0.0,0.0,0.0,0.0,0.0,0.0,0.0,0.0,0.0,0.0,0.0,0.0,0.0,0.0,0.0,0.0,0.0,0.0,0.0,0.0,0.0,0.0,0.0,0.0,0.0,0.0,0.0,0.0,0.0,0.0,0.0,0.0,0.0,0.0,0.0,0.0,0.0,0.0,0.0,0.0,0.0,0.0,0.0,0.0,0.0,0.0,0.0,0.0,0.0,0.0,0.0,0.0,0.0,0.0,0.0
I,0.49611908197402954,0.9020078182220459,1.5568879518923495e-07,0.5068415403366089,0.819246232509613,0.01251552626490593,0.5432318449020386,0.7750641107559204,0.017282845452427864,0.5775227546691895,0.7820026278495789,0.017788151279091835,0.5992748141288757,0.8150221109390259,0.017291681841015816,0.5928828120231628,0.7854763269424438,0.01840049773454666,0.630011260509491,0.7741700410842896,0.02256692945957184,0.6480082869529724,0.7744814157485962,0.023752521723508835,0.659572958946228,0.7791728377342224,0.023446185514330864,0.6167145371437073,0.8292490839958191,0.008335372433066368,0.6725161075592041,0.8604531288146973,0.013950360007584095,0.6917977929115295,0.8918686509132385,0.013632653281092644,0.6990113854408264,0.9212657809257507,0.01347807515412569,0.6279664635658264,0.8773462176322937,-0.0015043150633573532,0.6737203001976013,0.9149851202964783,-0.0008445020648650825,0.6897556781768799,0.9487115144729614,-0.004383930005133152,0.6959288716316223,0.9751505255699158,-0.006728075910359621,0.628369927406311,0.9232794642448425,-0.010192505083978176,0.6527265310287476,0.956031322479248,-0.009498600848019123,0.6620822548866272,0.9786813855171204,-0.007804916240274906,0.6652779579162598,0.9943110346794128,-0.005535604432225227,0.0,0.0,0.0,0.0,0.0,0.0,0.0,0.0,0.0,0.0,0.0,0.0,0.0,0.0,0.0,0.0,0.0,0.0,0.0,0.0,0.0,0.0,0.0,0.0,0.0,0.0,0.0,0.0,0.0,0.0,0.0,0.0,0.0,0.0,0.0,0.0,0.0,0.0,0.0,0.0,0.0,0.0,0.0,0.0,0.0,0.0,0.0,0.0,0.0,0.0,0.0,0.0,0.0,0.0,0.0,0.0,0.0,0.0,0.0,0.0,0.0,0.0,0.0
I,0.3187859058380127,0.9273139238357544,-2.786785842090467e-07,0.33087384700775146,0.8446006178855896,0.009553509764373302,0.37169334292411804,0.8002581596374512,0.014183088205754757,0.4050500988960266,0.8088935017585754,0.015556895174086094,0.4249420762062073,0.837598443031311,0.016260486096143723,0.4261723756790161,0.8016732335090637,0.01108347438275814,0.4698747992515564,0.7916402220726013,0.01745016686618328,0.4906318187713623,0.7907553911209106,0.019476288929581642,0.5040445923805237,0.7900920510292053,0.01872842013835907,0.445118248462677,0.8463284373283386,0.005527804605662823,0.4527619779109955,0.8589126467704773,0.01259325910359621,0.43311411142349243,0.8664447665214539,0.011822906322777271,0.4160655438899994,0.8681455254554749,0.009846191853284836,0.4494306743144989,0.8964417576789856,0.0016124506946653128,0.44971686601638794,0.9024564027786255,0.007719268091022968,0.43220555782318115,0.9056901931762695,0.007513459771871567,0.41543614864349365,0.9049709439277649,0.00561364134773612,0.44673478603363037,0.9389978051185608,-0.001530629931949079,0.44422170519828796,0.9443092942237854,0.005139763001352549,0.43191349506378174,0.9449139833450317,0.009712384082376957,0.4173602759838104,0.941757082939148,0.013281326740980148,0.0,0.0,0.0,0.0,0.0,0.0,0.0,0.0,0.0,0.0,0.0,0.0,0.0,0.0,0.0,0.0,0.0,0.0,0.0,0.0,0.0,0.0,0.0,0.0,0.0,0.0,0.0,0.0,0.0,0.0,0.0,0.0,0.0,0.0,0.0,0.0,0.0,0.0,0.0,0.0,0.0,0.0,0.0,0.0,0.0,0.0,0.0,0.0,0.0,0.0,0.0,0.0,0.0,0.0,0.0,0.0,0.0,0.0,0.0,0.0,0.0,0.0,0.0
I,0.35176634788513184,0.9149690866470337,-1.3399288434357004e-07,0.3690344989299774,0.8249691128730774,0.02027822472155094,0.40782228112220764,0.7777991890907288,0.02866394631564617,0.439484179019928,0.7749722599983215,0.03195864334702492,0.45758333802223206,0.7950328588485718,0.034447554498910904,0.4588984251022339,0.7628985643386841,0.0237082801759243,0.49389421939849854,0.7611645460128784,0.03667943552136421,0.5083233118057251,0.7643019556999207,0.04306962341070175,0.5160497426986694,0.767128586769104,0.04467359557747841,0.4788486957550049,0.797987699508667,0.013125577941536903,0.4898526668548584,0.8181705474853516,0.02770458348095417,0.47253069281578064,0.8276785612106323,0.029755573719739914,0.45643043518066406,0.8301565647125244,0.028282713145017624,0.48559218645095825,0.8428936004638672,0.005133169237524271,0.4903978407382965,0.8531792163848877,0.018647953867912292,0.4744136333465576,0.8601148724555969,0.02175106480717659,0.4584587812423706,0.8613460659980774,0.02000153437256813,0.4850606918334961,0.8847343921661377,-0.0015956091228872538,0.4881376624107361,0.8859288096427917,0.011955974623560905,0.47378820180892944,0.8906604051589966,0.021034283563494682,0.4576481282711029,0.8921520113945007,0.026256956160068512,0.0,0.0,0.0,0.0,0.0,0.0,0.0,0.0,0.0,0.0,0.0,0.0,0.0,0.0,0.0,0.0,0.0,0.0,0.0,0.0,0.0,0.0,0.0,0.0,0.0,0.0,0.0,0.0,0.0,0.0,0.0,0.0,0.0,0.0,0.0,0.0,0.0,0.0,0.0,0.0,0.0,0.0,0.0,0.0,0.0,0.0,0.0,0.0,0.0,0.0,0.0,0.0,0.0,0.0,0.0,0.0,0.0,0.0,0.0,0.0,0.0,0.0,0.0
FOOD,0.35838669538497925,0.6893596053123474,2.9794836109431344e-07,0.3483436107635498,0.6240012049674988,0.005835072603076696,0.35880202054977417,0.5655339360237122,-0.0010476780589669943,0.3876328468322754,0.5293702483177185,-0.010308834724128246,0.4150233566761017,0.5145941376686096,-0.019026000052690506,0.34488606452941895,0.5322088599205017,-0.013974842615425587,0.4002778232097626,0.48169851303100586,-0.02700834721326828,0.4332864582538605,0.47395554184913635,-0.033304985612630844,0.4536849558353424,0.47596102952957153,-0.03550918772816658,0.3630028963088989,0.5520144104957581,-0.024425655603408813,0.419779896736145,0.49196454882621765,-0.0325104221701622,0.4496341943740845,0.4810081720352173,-0.03291618078947067,0.4683871269226074,0.4795449674129486,-0.03239915892481804,0.3849163353443146,0.5763306617736816,-0.03405999392271042,0.4384203255176544,0.5218068957328796,-0.03656627610325813,0.4637291431427002,0.5041599273681641,-0.03258371353149414,0.4785834550857544,0.4944389760494232,-0.030288517475128174,0.4089081287384033,0.6034564971923828,-0.04361170530319214,0.4468884766101837,0.5593980550765991,-0.04118206351995468,0.4650413990020752,0.5383022427558899,-0.034612175077199936,0.4777916669845581,0.5223457217216492,-0.029761647805571556,0.0,0.0,0.0,0.0,0.0,0.0,0.0,0.0,0.0,0.0,0.0,0.0,0.0,0.0,0.0,0.0,0.0,0.0,0.0,0.0,0.0,0.0,0.0,0.0,0.0,0.0,0.0,0.0,0.0,0.0,0.0,0.0,0.0,0.0,0.0,0.0,0.0,0.0,0.0,0.0,0.0,0.0,0.0,0.0,0.0,0.0,0.0,0.0,0.0,0.0,0.0,0.0,0.0,0.0,0.0,0.0,0.0,0.0,0.0,0.0,0.0,0.0,0.0
FOOD,0.49635499715805054,0.652632474899292,1.110749323629534e-07,0.49376577138900757,0.598461389541626,0.005561026744544506,0.5056658387184143,0.5570916533470154,0.0024283179081976414,0.53050696849823,0.5394625067710876,-0.002852204954251647,0.5518687963485718,0.5381830930709839,-0.00738386670127511,0.5035991072654724,0.531325101852417,-0.004418279975652695,0.5456455945968628,0.506061315536499,-0.011283491738140583,0.5640158653259277,0.5123857855796814,-0.014407177455723286,0.5721834897994995,0.5197000503540039,-0.015235315077006817,0.519782543182373,0.5491968393325806,-0.01178830862045288,0.5620082020759583,0.5200459957122803,-0.014397364109754562,0.5794206261634827,0.5221884250640869,-0.013390591368079185,0.5887041687965393,0.528194010257721,-0.012150946073234081,0.5360926985740662,0.5717672109603882,-0.018619796261191368,0.5727000832557678,0.5452525615692139,-0.017872562631964684,0.5865616798400879,0.5434991717338562,-0.012683779932558537,0.5939012169837952,0.5435827374458313,-0.009279143996536732,0.5512932538986206,0.5973213911056519,-0.025423821061849594,0.576280415058136,0.5728535056114197,-0.02141761966049671,0.587570071220398,0.5609683394432068,-0.014404743909835815,0.5961838960647583,0.5510291457176208,-0.009025542996823788,0.0,0.0,0.0,0.0,0.0,0.0,0.0,0.0,0.0,0.0,0.0,0.0,0.0,0.0,0.0,0.0,0.0,0.0,0.0,0.0,0.0,0.0,0.0,0.0,0.0,0.0,0.0,0.0,0.0,0.0,0.0,0.0,0.0,0.0,0.0,0.0,0.0,0.0,0.0,0.0,0.0,0.0,0.0,0.0,0.0,0.0,0.0,0.0,0.0,0.0,0.0,0.0,0.0,0.0,0.0,0.0,0.0,0.0,0.0,0.0,0.0,0.0,0.0
FOOD,0.4749601483345032,0.7823371887207031,1.841004575453553e-07,0.4533052444458008,0.6961578130722046,0.006091684568673372,0.4737607538700104,0.6203082203865051,0.003947156947106123,0.515707790851593,0.5773860216140747,0.0023212593514472246,0.5488734841346741,0.5611972212791443,0.0015774547355249524,0.4829714894294739,0.6043895483016968,-0.020027898252010345,0.5365324020385742,0.5235549211502075,-0.02397427149116993,0.5566199421882629,0.490605890750885,-0.01870458573102951,0.5630075335502625,0.47507166862487793,-0.011824725195765495,0.5176171064376831,0.6391941905021667,-0.025951089337468147,0.5711800456047058,0.546358585357666,-0.026789233088493347,0.5835966467857361,0.5079803466796875,-0.01865025982260704,0.5837828516960144,0.48658275604248047,-0.01041159313172102,0.5486130118370056,0.674979031085968,-0.029197465628385544,0.591395378112793,0.5858153700828552,-0.027275336906313896,0.5952010750770569,0.5532018542289734,-0.01622212491929531,0.5912688374519348,0.5386449098587036,-0.007502447813749313,0.5714718103408813,0.7087542414665222,-0.03135592117905617,0.5854977965354919,0.6368791460990906,-0.02613459900021553,0.5790450572967529,0.6157892942428589,-0.012942368164658546,0.5734203457832336,0.609573245048523,-0.0015122120967134833,0.5004973411560059,0.6905253529548645,3.296808017694275e-07,0.4712522029876709,0.6379778385162354,-0.008922656998038292,0.4828045964241028,0.5813136696815491,-0.019315442070364952,0.515479326248169,0.5436425805091858,-0.024590877816081047,0.5448238849639893,0.5270999670028687,-0.02910957857966423,0.4920271337032318,0.5997247695922852,-0.05248831585049629,0.5381615161895752,0.5291157960891724,-0.06306570768356323,0.5571224689483643,0.4956395626068115,-0.05933006852865219,0.5630289912223816,0.47804078459739685,-0.052463579922914505,0.5212350487709045,0.6309831142425537,-0.04999212920665741,0.5696759819984436,0.5494564771652222,-0.060216207057237625,0.5810847282409668,0.509164571762085,-0.052106909453868866,0.5801670551300049,0.4856184124946594,-0.04311660677194595,0.54594886302948,0.6563771963119507,-0.04437686502933502,0.5903832912445068,0.5823502540588379,-0.05011849105358124,0.5952001214027405,0.542213499546051,-0.03866538777947426,0.5899072289466858,0.5201817750930786,-0.02786642126739025,0.5648463368415833,0.6758673787117004,-0.0380820594727993,0.5934587121009827,0.6139461994171143,-0.037764668464660645,0.5970549583435059,0.580345630645752,-0.026166381314396858,0.5928837656974792,0.5596441030502319,-0.01542707160115242
FOOD,0.518351674079895,0.753936767578125,5.429403060475124e-08,0.5046334266662598,0.6729910969734192,0.01001792959868908,0.5267065167427063,0.6074851751327515,0.00949323270469904,0.5637789368629456,0.5776821374893188,0.007947174832224846,0.591831624507904,0.5703389644622803,0.007075557019561529,0.536553680896759,0.5845230221748352,-0.010253261774778366,0.5871834754943848,0.5196428298950195,-0.011171015910804272,0.6063238978385925,0.501234233379364,-0.00531909940764308,0.614825963973999,0.49376797676086426,0.0009620283963158727,0.5660444498062134,0.6162987351417542,-0.01724822446703911,0.6159058213233948,0.5483454465866089,-0.014002163894474506,0.6237722635269165,0.527440071105957,-0.004214747343212366,0.6238013505935669,0.5160542130470276,0.004168669227510691,0.5908336043357849,0.6494597792625427,-0.02189929038286209,0.6274949312210083,0.5842843055725098,-0.014333600178360939,0.6336204409599304,0.5592893362045288,-0.0010611237958073616,0.6339649558067322,0.5454466938972473,0.0074830264784395695,0.6085810661315918,0.6803673505783081,-0.02578435279428959,0.6237249374389648,0.6239999532699585,-0.014024734497070312,0.6239722967147827,0.6018587350845337,0.0012869132915511727,0.6226437091827393,0.5893621444702148,0.012498408555984497,0.0,0.0,0.0,0.0,0.0,0.0,0.0,0.0,0.0,0.0,0.0,0.0,0.0,0.0,0.0,0.0,0.0,0.0,0.0,0.0,0.0,0.0,0.0,0.0,0.0,0.0,0.0,0.0,0.0,0.0,0.0,0.0,0.0,0.0,0.0,0.0,0.0,0.0,0.0,0.0,0.0,0.0,0.0,0.0,0.0,0.0,0.0,0.0,0.0,0.0,0.0,0.0,0.0,0.0,0.0,0.0,0.0,0.0,0.0,0.0,0.0,0.0,0.0
FOOD,0.6492843627929688,0.7618221044540405,-4.5305512230697786e-07,0.6360583305358887,0.6950875520706177,-0.02696927636861801,0.6484657526016235,0.6295037865638733,-0.03165614977478981,0.6525422930717468,0.5775355696678162,-0.02837235853075981,0.6446661949157715,0.5412009954452515,-0.0235320832580328,0.7249736785888672,0.6339524388313293,-0.023736650124192238,0.6968874931335449,0.5666492581367493,-0.017361458390951157,0.6670971512794495,0.5417076945304871,-0.011838334612548351,0.6447265148162842,0.5277642011642456,-0.007755879778414965,0.7393532991409302,0.6563383936882019,-0.0046194433234632015,0.7053564190864563,0.5888769626617432,0.0012984097702428699,0.6718255877494812,0.5678046345710754,0.0008034384809434414,0.6430066823959351,0.5578166246414185,-0.000823434442281723,0.7387911677360535,0.6745839715003967,0.01500742882490158,0.7046366930007935,0.612189531326294,0.01850011944770813,0.677405595779419,0.5914354920387268,0.014481793157756329,0.6521533131599426,0.5819664597511292,0.01104020420461893,0.7311710715293884,0.6878297328948975,0.033500537276268005,0.7051666975021362,0.6387551426887512,0.03313720226287842,0.6842877268791199,0.6202497482299805,0.03136669099330902,0.6628286838531494,0.6107990741729736,0.03127549961209297,0.0,0.0,0.0,0.0,0.0,0.0,0.0,0.0,0.0,0.0,0.0,0.0,0.0,0.0,0.0,0.0,0.0,0.0,0.0,0.0,0.0,0.0,0.0,0.0,0.0,0.0,0.0,0.0,0.0,0.0,0.0,0.0,0.0,0.0,0.0,0.0,0.0,0.0,0.0,0.0,0.0,0.0,0.0,0.0,0.0,0.0,0.0,0.0,0.0,0.0,0.0,0.0,0.0,0.0,0.0,0.0,0.0,0.0,0.0,0.0,0.0,0.0,0.0
AGAIN,0.7344743013381958,0.860133945941925,5.820894557473366e-07,0.7148003578186035,0.8005858063697815,-0.014325259253382683,0.7097373008728027,0.7350072264671326,-0.027224570512771606,0.7158846855163574,0.6950461268424988,-0.042196422815322876,0.7216066122055054,0.6551463603973389,-0.056370675563812256,0.7675138115882874,0.6833603978157043,-0.03144228830933571,0.8109511733055115,0.6240754127502441,-0.054695796221494675,0.8381089568138123,0.5920910835266113,-0.0670081302523613,0.8651551008224487,0.5641664266586304,-0.07350917160511017,0.7951643466949463,0.7159464359283447,-0.03914530947804451,0.8243460655212402,0.6654356718063354,-0.06813814491033554,0.8529665470123291,0.6363278031349182,-0.0829303115606308,0.8787959218025208,0.6118894219398499,-0.08889254927635193,0.8140131235122681,0.7606216669082642,-0.04712575674057007,0.7794315218925476,0.7516673803329468,-0.07912571728229523,0.7313410043716431,0.7706021666526794,-0.08011528104543686,0.6955113410949707,0.7870847582817078,-0.07141866534948349,0.8233190774917603,0.8072466850280762,-0.0562642440199852,0.8005270957946777,0.7941567897796631,-0.07591691613197327,0.7710939645767212,0.7982238531112671,-0.07094839215278625,0.7455896735191345,0.802402138710022,-0.06174522638320923,0.0,0.0,0.0,0.0,0.0,0.0,0.0,0.0,0.0,0.0,0.0,0.0,0.0,0.0,0.0,0.0,0.0,0.0,0.0,0.0,0.0,0.0,0.0,0.0,0.0,0.0,0.0,0.0,0.0,0.0,0.0,0.0,0.0,0.0,0.0,0.0,0.0,0.0,0.0,0.0,0.0,0.0,0.0,0.0,0.0,0.0,0.0,0.0,0.0,0.0,0.0,0.0,0.0,0.0,0.0,0.0,0.0,0.0,0.0,0.0,0.0,0.0,0.0
AGAIN,0.7291978001594543,0.8376476764678955,4.1077629475694266e-07,0.70404452085495,0.7789796590805054,-0.01299175526946783,0.7020792365074158,0.7078319191932678,-0.023323876783251762,0.711786150932312,0.6558756232261658,-0.03576193377375603,0.7127364277839661,0.6051252484321594,-0.0468113087117672,0.748948335647583,0.6598212122917175,-0.021103082224726677,0.7683300971984863,0.5759801268577576,-0.04085564613342285,0.7817249298095703,0.5262129902839661,-0.051047198474407196,0.7967029809951782,0.48635077476501465,-0.05604372173547745,0.7742953300476074,0.680753767490387,-0.028260579332709312,0.795387864112854,0.5990380048751831,-0.05295256897807121,0.812964677810669,0.5502607226371765,-0.06700892746448517,0.8299033641815186,0.5120506286621094,-0.07278380542993546,0.794397234916687,0.714928388595581,-0.036354731768369675,0.7732909321784973,0.6782770156860352,-0.06573601812124252,0.7337087988853455,0.6947178244590759,-0.06908455491065979,0.7057933211326599,0.7127466797828674,-0.06239720806479454,0.8093039393424988,0.7522497773170471,-0.04538414627313614,0.7994077205657959,0.714094877243042,-0.06447820365428925,0.7738358974456787,0.7057827115058899,-0.06259214878082275,0.7499120235443115,0.7028880715370178,-0.05613299459218979,0.0,0.0,0.0,0.0,0.0,0.0,0.0,0.0,0.0,0.0,0.0,0.0,0.0,0.0,0.0,0.0,0.0,0.0,0.0,0.0,0.0,0.0,0.0,0.0,0.0,0.0,0.0,0.0,0.0,0.0,0.0,0.0,0.0,0.0,0.0,0.0,0.0,0.0,0.0,0.0,0.0,0.0,0.0,0.0,0.0,0.0,0.0,0.0,0.0,0.0,0.0,0.0,0.0,0.0,0.0,0.0,0.0,0.0,0.0,0.0,0.0,0.0,0.0
AGAIN,0.7475196719169617,0.8641681671142578,-2.321492331702757e-08,0.7030957937240601,0.8042396903038025,-0.008789354003965855,0.6759578585624695,0.7343946099281311,-0.01741146109998226,0.6593791246414185,0.6824882626533508,-0.030698923394083977,0.636195957660675,0.6473366618156433,-0.044385433197021484,0.701427698135376,0.6781316995620728,-0.009472707286477089,0.6778993606567383,0.6037458181381226,-0.02702835202217102,0.6654989719390869,0.5595129728317261,-0.03810380771756172,0.6610552668571472,0.5201672315597534,-0.04456787183880806,0.7255379557609558,0.6761618852615356,-0.018719099462032318,0.6940365433692932,0.6025208234786987,-0.0431814081966877,0.6779006719589233,0.5509240627288818,-0.05887743830680847,0.6668869853019714,0.5090785622596741,-0.06668771058320999,0.7523570656776428,0.6857742071151733,-0.029298005625605583,0.6991244554519653,0.6651427745819092,-0.05987454578280449,0.6697320342063904,0.7108060717582703,-0.06655202060937881,0.65098637342453,0.7508829832077026,-0.06260345131158829,0.7778832912445068,0.7041386961936951,-0.04091617465019226,0.7418283820152283,0.6778808832168579,-0.058979835361242294,0.71357661485672,0.6956140995025635,-0.056787438690662384,0.6891201138496399,0.7177982330322266,-0.05112271010875702,0.0,0.0,0.0,0.0,0.0,0.0,0.0,0.0,0.0,0.0,0.0,0.0,0.0,0.0,0.0,0.0,0.0,0.0,0.0,0.0,0.0,0.0,0.0,0.0,0.0,0.0,0.0,0.0,0.0,0.0,0.0,0.0,0.0,0.0,0.0,0.0,0.0,0.0,0.0,0.0,0.0,0.0,0.0,0.0,0.0,0.0,0.0,0.0,0.0,0.0,0.0,0.0,0.0,0.0,0.0,0.0,0.0,0.0,0.0,0.0,0.0,0.0,0.0
AGAIN,0.7615289688110352,0.8610865473747253,-5.461424734676257e-07,0.7028108835220337,0.8128480315208435,-0.0008856338681653142,0.6622426509857178,0.7701918482780457,-0.009159478358924389,0.630087673664093,0.7427862882614136,-0.023110879585146904,0.6006687879562378,0.7286099791526794,-0.03847995027899742,0.6762682795524597,0.6787929534912109,0.003516274271532893,0.6300046443939209,0.6604560613632202,-0.021946890279650688,0.5991283059120178,0.6626834869384766,-0.04397474601864815,0.5714476108551025,0.6675028800964355,-0.05569981783628464,0.7001944184303284,0.6749656796455383,-0.009319277480244637,0.6456839442253113,0.688987672328949,-0.03553050383925438,0.6099328994750977,0.7123549580574036,-0.052498992532491684,0.5818853378295898,0.730524480342865,-0.060329847037792206,0.7262136340141296,0.6871905326843262,-0.024277323856949806,0.6736693382263184,0.7264270782470703,-0.051098648458719254,0.6756213307380676,0.781948447227478,-0.05444313585758209,0.6833414435386658,0.8223066926002502,-0.04991352930665016,0.7504032850265503,0.709455668926239,-0.04010511934757233,0.702601969242096,0.7295090556144714,-0.05556967854499817,0.6878993511199951,0.7681505680084229,-0.05124877020716667,0.6816520094871521,0.8015462756156921,-0.04366608336567879,0.0,0.0,0.0,0.0,0.0,0.0,0.0,0.0,0.0,0.0,0.0,0.0,0.0,0.0,0.0,0.0,0.0,0.0,0.0,0.0,0.0,0.0,0.0,0.0,0.0,0.0,0.0,0.0,0.0,0.0,0.0,0.0,0.0,0.0,0.0,0.0,0.0,0.0,0.0,0.0,0.0,0.0,0.0,0.0,0.0,0.0,0.0,0.0,0.0,0.0,0.0,0.0,0.0,0.0,0.0,0.0,0.0,0.0,0.0,0.0,0.0,0.0,0.0
AGAIN,0.7274280786514282,0.8536726832389832,5.407462140283315e-07,0.68653404712677,0.7887806296348572,-0.00334237446077168,0.6716599464416504,0.7148003578186035,-0.009604358114302158,0.6639269590377808,0.6565717458724976,-0.01848762109875679,0.6460219621658325,0.6139039993286133,-0.02705211751163006,0.7091274261474609,0.6620721817016602,-0.011730526573956013,0.7099789381027222,0.5879451036453247,-0.03028281405568123,0.714615523815155,0.5386286377906799,-0.0433855839073658,0.7214565873146057,0.49348098039627075,-0.05153229832649231,0.7359188199043274,0.6692562699317932,-0.022356785833835602,0.7222490310668945,0.5931925773620605,-0.040809884667396545,0.7196776270866394,0.5375980734825134,-0.05401284992694855,0.7208346128463745,0.4906054139137268,-0.061942990869283676,0.7589759826660156,0.6929972171783447,-0.03309715911746025,0.7219675183296204,0.6711649894714355,-0.05361222103238106,0.6926319599151611,0.7021716237068176,-0.05473608896136284,0.6754068732261658,0.7303536534309387,-0.05049505829811096,0.7762570381164551,0.7275651097297668,-0.04450976848602295,0.74141925573349,0.7055711150169373,-0.06008300930261612,0.7113953232765198,0.7136739492416382,-0.0583314448595047,0.6886792778968811,0.7251551747322083,-0.05360473319888115,0.0,0.0,0.0,0.0,0.0,0.0,0.0,0.0,0.0,0.0,0.0,0.0,0.0,0.0,0.0,0.0,0.0,0.0,0.0,0.0,0.0,0.0,0.0,0.0,0.0,0.0,0.0,0.0,0.0,0.0,0.0,0.0,0.0,0.0,0.0,0.0,0.0,0.0,0.0,0.0,0.0,0.0,0.0,0.0,0.0,0.0,0.0,0.0,0.0,0.0,0.0,0.0,0.0,0.0,0.0,0.0,0.0,0.0,0.0,0.0,0.0,0.0,0.0
AGAIN,0.7565649151802063,0.8525092601776123,-7.092311307133059e-07,0.6944990754127502,0.8046622276306152,-0.003855803282931447,0.6446216106414795,0.7754605412483215,-0.017885318025946617,0.6048862338066101,0.772407591342926,-0.036027923226356506,0.5763234496116638,0.7833678722381592,-0.05652681365609169,0.6646605730056763,0.6799050569534302,-0.021198805421590805,0.6121119260787964,0.6897830367088318,-0.042748261243104935,0.5748797655105591,0.7085006833076477,-0.059713706374168396,0.5458865165710449,0.7292170524597168,-0.06939774006605148,0.6923624873161316,0.6839790940284729,-0.032873522490262985,0.6249963641166687,0.7462996244430542,-0.05197417736053467,0.5904366374015808,0.786389172077179,-0.06529997289180756,0.5680027604103088,0.8142569661140442,-0.0747373104095459,0.7186501622200012,0.7059962153434753,-0.04405507445335388,0.6595765948295593,0.7744712829589844,-0.0597488097846508,0.6524940133094788,0.8164226412773132,-0.062169820070266724,0.6547689437866211,0.8448216915130615,-0.06324491649866104,0.740841269493103,0.7375103831291199,-0.0563410185277462,0.6939398646354675,0.7751924395561218,-0.06356130540370941,0.6742597222328186,0.8096205592155457,-0.05581805109977722,0.6645632982254028,0.8374249935150146,-0.04930047318339348,0.0,0.0,0.0,0.0,0.0,0.0,0.0,0.0,0.0,0.0,0.0,0.0,0.0,0.0,0.0,0.0,0.0,0.0,0.0,0.0,0.0,0.0,0.0,0.0,0.0,0.0,0.0,0.0,0.0,0.0,0.0,0.0,0.0,0.0,0.0,0.0,0.0,0.0,0.0,0.0,0.0,0.0,0.0,0.0,0.0,0.0,0.0,0.0,0.0,0.0,0.0,0.0,0.0,0.0,0.0,0.0,0.0,0.0,0.0,0.0,0.0,0.0,0.0
AGAIN,0.7520832419395447,0.8500077724456787,-4.176740446837357e-07,0.6926001310348511,0.8177419304847717,-0.0039909458719193935,0.6459698677062988,0.7921079397201538,-0.014406748116016388,0.608666718006134,0.7897965908050537,-0.028111958876252174,0.5794583559036255,0.8029104471206665,-0.0430557057261467,0.653232753276825,0.6910683512687683,-0.010101082734763622,0.6036508083343506,0.703393816947937,-0.032747529447078705,0.5694147944450378,0.7115961313247681,-0.05296165123581886,0.5374483466148376,0.7171085476875305,-0.06703201681375504,0.6802546977996826,0.6937408447265625,-0.0222170352935791,0.6287024617195129,0.7417879104614258,-0.04553548991680145,0.5937285423278809,0.7780309915542603,-0.06010279804468155,0.5684846639633179,0.8044297695159912,-0.06977421045303345,0.7088722586631775,0.7167634963989258,-0.03578623756766319,0.6609530448913574,0.7710394263267517,-0.06107712164521217,0.6576064229011536,0.8119651675224304,-0.06355397403240204,0.6632236838340759,0.8391866087913513,-0.0614376999437809,0.7345668077468872,0.7498151063919067,-0.05018852651119232,0.6902376413345337,0.7797083854675293,-0.06960179656744003,0.6731733679771423,0.8155882358551025,-0.06838062405586243,0.6673415303230286,0.8452142477035522,-0.06408225744962692,0.0,0.0,0.0,0.0,0.0,0.0,0.0,0.0,0.0,0.0,0.0,0.0,0.0,0.0,0.0,0.0,0.0,0.0,0.0,0.0,0.0,0.0,0.0,0.0,0.0,0.0,0.0,0.0,0.0,0.0,0.0,0.0,0.0,0.0,0.0,0.0,0.0,0.0,0.0,0.0,0.0,0.0,0.0,0.0,0.0,0.0,0.0,0.0,0.0,0.0,0.0,0.0,0.0,0.0,0.0,0.0,0.0,0.0,0.0,0.0,0.0,0.0,0.0
AGAIN,0.7474337220191956,0.8438844084739685,-4.0265678080686484e-07,0.6908002495765686,0.8163101673126221,-0.004729874432086945,0.6483853459358215,0.7903167009353638,-0.014784742146730423,0.6156378984451294,0.7831844687461853,-0.027646474540233612,0.589164137840271,0.7856583595275879,-0.04128893092274666,0.6521708965301514,0.6904411315917969,-0.012456894852221012,0.6013574004173279,0.7024737596511841,-0.034114714711904526,0.5666146278381348,0.7091088891029358,-0.05205433815717697,0.535635232925415,0.7116893529891968,-0.06459835171699524,0.6787479519844055,0.6915042400360107,-0.02372543327510357,0.6256466507911682,0.7394985556602478,-0.04683211073279381,0.5912548303604126,0.7780919671058655,-0.05941957235336304,0.5670844316482544,0.8045040369033813,-0.06727270036935806,0.7065683603286743,0.7123337388038635,-0.03629184141755104,0.6587926745414734,0.7735249996185303,-0.06000898405909538,0.6594465374946594,0.8124381899833679,-0.05960390716791153,0.6682629585266113,0.8346248865127563,-0.05576084181666374,0.7314335107803345,0.7441090941429138,-0.04990601912140846,0.6882804036140442,0.7793587446212769,-0.06722687929868698,0.674196720123291,0.8148598670959473,-0.06409984827041626,0.6715084314346313,0.8409662246704102,-0.058685895055532455,0.0,0.0,0.0,0.0,0.0,0.0,0.0,0.0,0.0,0.0,0.0,0.0,0.0,0.0,0.0,0.0,0.0,0.0,0.0,0.0,0.0,0.0,0.0,0.0,0.0,0.0,0.0,0.0,0.0,0.0,0.0,0.0,0.0,0.0,0.0,0.0,0.0,0.0,0.0,0.0,0.0,0.0,0.0,0.0,0.0,0.0,0.0,0.0,0.0,0.0,0.0,0.0,0.0,0.0,0.0,0.0,0.0,0.0,0.0,0.0,0.0,0.0,0.0
AGAIN,0.747238039970398,0.8443834185600281,-4.048609127949021e-07,0.6923283338546753,0.8193833827972412,-0.005046274047344923,0.6498274207115173,0.7937296628952026,-0.015008038841187954,0.618169367313385,0.7856731414794922,-0.02765657752752304,0.5933393239974976,0.7902470231056213,-0.04135460406541824,0.6541702747344971,0.6908934712409973,-0.01324931625276804,0.6035024523735046,0.704449474811554,-0.03507619351148605,0.5690027475357056,0.7100688815116882,-0.05367334187030792,0.5381316542625427,0.7125757336616516,-0.06670022010803223,0.680889368057251,0.6915520429611206,-0.024183977395296097,0.6294540762901306,0.7368459105491638,-0.04757646098732948,0.5947837829589844,0.7740959525108337,-0.06067976355552673,0.5703937411308289,0.8022834658622742,-0.06887137144804001,0.7087211608886719,0.7119542360305786,-0.036345627158880234,0.6606531143188477,0.7699539065361023,-0.061425939202308655,0.6586630940437317,0.8124694228172302,-0.06235446408390999,0.6657105088233948,0.8402396440505981,-0.0588819645345211,0.7336866855621338,0.7434982657432556,-0.04940717667341232,0.6901383996009827,0.776218056678772,-0.06865004450082779,0.67333984375,0.8128753304481506,-0.06709225475788116,0.6681008338928223,0.8418846130371094,-0.06237126886844635,0.0,0.0,0.0,0.0,0.0,0.0,0.0,0.0,0.0,0.0,0.0,0.0,0.0,0.0,0.0,0.0,0.0,0.0,0.0,0.0,0.0,0.0,0.0,0.0,0.0,0.0,0.0,0.0,0.0,0.0,0.0,0.0,0.0,0.0,0.0,0.0,0.0,0.0,0.0,0.0,0.0,0.0,0.0,0.0,0.0,0.0,0.0,0.0,0.0,0.0,0.0,0.0,0.0,0.0,0.0,0.0,0.0,0.0,0.0,0.0,0.0,0.0,0.0
AGAIN,0.7458192706108093,0.840802788734436,-3.853086241178971e-07,0.6913677453994751,0.8175329566001892,-0.005136598367244005,0.647738516330719,0.7917843461036682,-0.014967829920351505,0.6143425703048706,0.7852616310119629,-0.027417629957199097,0.5853244662284851,0.7902423143386841,-0.04099474102258682,0.6521965861320496,0.6916422843933105,-0.012907794676721096,0.6015418171882629,0.7041581273078918,-0.03474695608019829,0.56688392162323,0.708668053150177,-0.053302373737096786,0.5361471772193909,0.7099865078926086,-0.06628524512052536,0.678773045539856,0.6903380751609802,-0.02396969124674797,0.6273857355117798,0.7354486584663391,-0.04725700244307518,0.5933882594108582,0.773350179195404,-0.060192156583070755,0.5691546201705933,0.7994812726974487,-0.06806354969739914,0.7067513465881348,0.70953768491745,-0.03623881936073303,0.658645510673523,0.768451452255249,-0.060380563139915466,0.6581743359565735,0.8116767406463623,-0.059829819947481155,0.6663880944252014,0.8372316360473633,-0.0555417537689209,0.7314037084579468,0.740764856338501,-0.049527913331985474,0.6878297924995422,0.7770218253135681,-0.06765636056661606,0.674444317817688,0.8149188160896301,-0.06453204900026321,0.6729356050491333,0.8422340750694275,-0.05871784687042236,0.0,0.0,0.0,0.0,0.0,0.0,0.0,0.0,0.0,0.0,0.0,0.0,0.0,0.0,0.0,0.0,0.0,0.0,0.0,0.0,0.0,0.0,0.0,0.0,0.0,0.0,0.0,0.0,0.0,0.0,0.0,0.0,0.0,0.0,0.0,0.0,0.0,0.0,0.0,0.0,0.0,0.0,0.0,0.0,0.0,0.0,0.0,0.0,0.0,0.0,0.0,0.0,0.0,0.0,0.0,0.0,0.0,0.0,0.0,0.0,0.0,0.0,0.0
AGAIN,0.7435030937194824,0.841701090335846,-3.748413348603208e-07,0.6900016069412231,0.8176274299621582,-0.007276373449712992,0.6472511291503906,0.7923245429992676,-0.018411878496408463,0.6145133972167969,0.78504878282547,-0.03172793984413147,0.5863286256790161,0.7889986634254456,-0.04601350799202919,0.6521522998809814,0.6906216740608215,-0.016279000788927078,0.601763129234314,0.7043198943138123,-0.03957283869385719,0.5671447515487671,0.7090396285057068,-0.059088386595249176,0.5365350246429443,0.7110061645507812,-0.07253126055002213,0.6795246005058289,0.6893064975738525,-0.026320723816752434,0.628620445728302,0.7348809838294983,-0.051240693777799606,0.5932202935218811,0.7727302312850952,-0.06477934867143631,0.5680386424064636,0.8000280261039734,-0.07281652837991714,0.7079039216041565,0.708914041519165,-0.03770773112773895,0.6600326299667358,0.7671030163764954,-0.06352496147155762,0.6562643647193909,0.8112234473228455,-0.06384288519620895,0.6621836423873901,0.8397998809814453,-0.059560421854257584,0.7332019805908203,0.740364670753479,-0.05019190534949303,0.6908741593360901,0.7746133804321289,-0.06985142081975937,0.6756017208099365,0.8097947239875793,-0.06799137592315674,0.6724472045898438,0.8364524841308594,-0.06258980929851532,0.0,0.0,0.0,0.0,0.0,0.0,0.0,0.0,0.0,0.0,0.0,0.0,0.0,0.0,0.0,0.0,0.0,0.0,0.0,0.0,0.0,0.0,0.0,0.0,0.0,0.0,0.0,0.0,0.0,0.0,0.0,0.0,0.0,0.0,0.0,0.0,0.0,0.0,0.0,0.0,0.0,0.0,0.0,0.0,0.0,0.0,0.0,0.0,0.0,0.0,0.0,0.0,0.0,0.0,0.0,0.0,0.0,0.0,0.0,0.0,0.0,0.0,0.0
AGAIN,0.7420416474342346,0.8412599563598633,-3.72019741234908e-07,0.6893405914306641,0.8178011775016785,-0.006509651895612478,0.6455705165863037,0.7922883033752441,-0.01737944222986698,0.6124938130378723,0.7863749861717224,-0.030539479106664658,0.5835703611373901,0.7919842600822449,-0.044942066073417664,0.6519804000854492,0.6917515993118286,-0.016360770910978317,0.6017601490020752,0.7036409378051758,-0.03960965573787689,0.5666463375091553,0.7077756524085999,-0.059122879058122635,0.5356273651123047,0.7094407081604004,-0.0726984441280365,0.6793453097343445,0.6907827854156494,-0.02685188688337803,0.6284924149513245,0.7347924709320068,-0.05115491896867752,0.5924436450004578,0.771864116191864,-0.06447065621614456,0.5665878653526306,0.7978588342666626,-0.07279008626937866,0.7076582908630371,0.7107407450675964,-0.03860902413725853,0.6592791676521301,0.7666071057319641,-0.06410595774650574,0.6555179953575134,0.8106290102005005,-0.06424129009246826,0.6615967750549316,0.8386284708976746,-0.060209665447473526,0.7326207756996155,0.7421769499778748,-0.05139002948999405,0.689760684967041,0.7742999792098999,-0.07128554582595825,0.674916684627533,0.809377908706665,-0.06945694983005524,0.6724401116371155,0.8355941772460938,-0.06424803286790848,0.0,0.0,0.0,0.0,0.0,0.0,0.0,0.0,0.0,0.0,0.0,0.0,0.0,0.0,0.0,0.0,0.0,0.0,0.0,0.0,0.0,0.0,0.0,0.0,0.0,0.0,0.0,0.0,0.0,0.0,0.0,0.0,0.0,0.0,0.0,0.0,0.0,0.0,0.0,0.0,0.0,0.0,0.0,0.0,0.0,0.0,0.0,0.0,0.0,0.0,0.0,0.0,0.0,0.0,0.0,0.0,0.0,0.0,0.0,0.0,0.0,0.0,0.0
AGAIN,0.7411802411079407,0.8422783017158508,-3.862065796056413e-07,0.6885530352592468,0.8194310069084167,-0.006158385891467333,0.6448915004730225,0.7931203246116638,-0.016184864565730095,0.6120137572288513,0.7853479981422424,-0.028627900406718254,0.5831998586654663,0.788785994052887,-0.04213421046733856,0.6514519453048706,0.6916612982749939,-0.014288119971752167,0.6010546088218689,0.7036460638046265,-0.036371372640132904,0.5664075613021851,0.7074675559997559,-0.055225670337677,0.5360016226768494,0.7089367508888245,-0.0684666708111763,0.6783138513565063,0.6904773116111755,-0.024774564430117607,0.6269861459732056,0.7355049848556519,-0.0478644073009491,0.5917457938194275,0.7722263932228088,-0.06079983711242676,0.5662330985069275,0.7976061701774597,-0.06889589875936508,0.7064095139503479,0.7103698253631592,-0.036536235362291336,0.6575756072998047,0.7693295478820801,-0.06056854501366615,0.6573076844215393,0.812207818031311,-0.05992984399199486,0.6660138964653015,0.8381093144416809,-0.05567226931452751,0.7312825322151184,0.7421206831932068,-0.04945174232125282,0.6879193186759949,0.7760066986083984,-0.06813716888427734,0.673659086227417,0.8110357522964478,-0.06555243581533432,0.6715728044509888,0.8368015289306641,-0.059993233531713486,0.0,0.0,0.0,0.0,0.0,0.0,0.0,0.0,0.0,0.0,0.0,0.0,0.0,0.0,0.0,0.0,0.0,0.0,0.0,0.0,0.0,0.0,0.0,0.0,0.0,0.0,0.0,0.0,0.0,0.0,0.0,0.0,0.0,0.0,0.0,0.0,0.0,0.0,0.0,0.0,0.0,0.0,0.0,0.0,0.0,0.0,0.0,0.0,0.0,0.0,0.0,0.0,0.0,0.0,0.0,0.0,0.0,0.0,0.0,0.0,0.0,0.0,0.0
AGAIN,0.740257740020752,0.8418318629264832,-3.8449837802545517e-07,0.6877144575119019,0.8193918466567993,-0.006291297730058432,0.6438502669334412,0.792533278465271,-0.016447117552161217,0.610754668712616,0.7840819358825684,-0.0290643610060215,0.5813375115394592,0.7863852977752686,-0.04266858845949173,0.6499452590942383,0.690900981426239,-0.013657787814736366,0.5996198058128357,0.7031139135360718,-0.0360264889895916,0.5654991865158081,0.7074295282363892,-0.055125728249549866,0.535753607749939,0.7094396352767944,-0.0683530643582344,0.6771966814994812,0.6897450685501099,-0.024341974407434464,0.6257127523422241,0.7344924211502075,-0.04787985235452652,0.5900776386260986,0.7707501649856567,-0.061254166066646576,0.5640021562576294,0.7957412004470825,-0.06945973634719849,0.7057382464408875,0.7096553444862366,-0.036421336233615875,0.6565937399864197,0.7680312395095825,-0.06117339804768562,0.6554269194602966,0.8118941187858582,-0.06101027503609657,0.6631450057029724,0.8385092616081238,-0.056785840541124344,0.7308353185653687,0.7415390610694885,-0.04959562048316002,0.6871963739395142,0.7749706506729126,-0.06853295117616653,0.6721334457397461,0.8108881115913391,-0.06603354215621948,0.6690185070037842,0.8374225497245789,-0.06045796349644661,0.0,0.0,0.0,0.0,0.0,0.0,0.0,0.0,0.0,0.0,0.0,0.0,0.0,0.0,0.0,0.0,0.0,0.0,0.0,0.0,0.0,0.0,0.0,0.0,0.0,0.0,0.0,0.0,0.0,0.0,0.0,0.0,0.0,0.0,0.0,0.0,0.0,0.0,0.0,0.0,0.0,0.0,0.0,0.0,0.0,0.0,0.0,0.0,0.0,0.0,0.0,0.0,0.0,0.0,0.0,0.0,0.0,0.0,0.0,0.0,0.0,0.0,0.0
AGAIN,0.7376855611801147,0.8427720069885254,-3.6371071132634825e-07,0.6867893934249878,0.8185784220695496,-0.007324601989239454,0.6465716361999512,0.7902631759643555,-0.017691347748041153,0.6164530515670776,0.7792642116546631,-0.030420007184147835,0.5894059538841248,0.7774667143821716,-0.04390598461031914,0.6502950191497803,0.6906119585037231,-0.014656666666269302,0.5984282493591309,0.7010279893875122,-0.037527456879615784,0.5630220770835876,0.7033993005752563,-0.05661635473370552,0.5327259302139282,0.7033224105834961,-0.06970688700675964,0.6773049235343933,0.6886429786682129,-0.025002511218190193,0.6247495412826538,0.7315009236335754,-0.049397148191928864,0.5890849232673645,0.7656254768371582,-0.0628264844417572,0.5631959438323975,0.788911759853363,-0.0707806721329689,0.7054551243782043,0.7076510190963745,-0.03686812147498131,0.6552966237068176,0.7661865949630737,-0.062104009091854095,0.6548553109169006,0.8101117014884949,-0.06176316738128662,0.663579523563385,0.8365183472633362,-0.05719444900751114,0.730161726474762,0.7390292286872864,-0.05000641196966171,0.6862503290176392,0.7730079889297485,-0.0686764046549797,0.6714963912963867,0.8083707690238953,-0.06592246145009995,0.6689263582229614,0.8345020413398743,-0.060188110917806625,0.0,0.0,0.0,0.0,0.0,0.0,0.0,0.0,0.0,0.0,0.0,0.0,0.0,0.0,0.0,0.0,0.0,0.0,0.0,0.0,0.0,0.0,0.0,0.0,0.0,0.0,0.0,0.0,0.0,0.0,0.0,0.0,0.0,0.0,0.0,0.0,0.0,0.0,0.0,0.0,0.0,0.0,0.0,0.0,0.0,0.0,0.0,0.0,0.0,0.0,0.0,0.0,0.0,0.0,0.0,0.0,0.0,0.0,0.0,0.0,0.0,0.0,0.0
AGAIN,0.7407125234603882,0.8398521542549133,-3.753840189801849e-07,0.6888326406478882,0.8169941902160645,-0.006350884214043617,0.6461910009384155,0.7901720404624939,-0.016924777999520302,0.6144236922264099,0.7810821533203125,-0.029856430366635323,0.585639476776123,0.7816177010536194,-0.04382507503032684,0.6522026062011719,0.688940167427063,-0.0157523974776268,0.5993273258209229,0.7002308964729309,-0.038681235164403915,0.5638684034347534,0.7021622657775879,-0.05798511579632759,0.5334848165512085,0.7013446688652039,-0.0713595598936081,0.6795503497123718,0.6874874830245972,-0.026378856971859932,0.6266257166862488,0.7299260497093201,-0.05026008188724518,0.5907561182975769,0.7641941905021667,-0.06314485520124435,0.5651059150695801,0.7869589924812317,-0.071034274995327,0.707436203956604,0.7072375416755676,-0.03829693794250488,0.6567004323005676,0.7638499140739441,-0.06261295825242996,0.6560613512992859,0.8075863718986511,-0.06146134063601494,0.6649375557899475,0.8340232372283936,-0.0567924939095974,0.7316372394561768,0.7392932176589966,-0.05142340436577797,0.6879143118858337,0.7719016075134277,-0.07003797590732574,0.6726323366165161,0.8075049519538879,-0.06711874902248383,0.669681191444397,0.8338980078697205,-0.06134572625160217,0.0,0.0,0.0,0.0,0.0,0.0,0.0,0.0,0.0,0.0,0.0,0.0,0.0,0.0,0.0,0.0,0.0,0.0,0.0,0.0,0.0,0.0,0.0,0.0,0.0,0.0,0.0,0.0,0.0,0.0,0.0,0.0,0.0,0.0,0.0,0.0,0.0,0.0,0.0,0.0,0.0,0.0,0.0,0.0,0.0,0.0,0.0,0.0,0.0,0.0,0.0,0.0,0.0,0.0,0.0,0.0,0.0,0.0,0.0,0.0,0.0,0.0,0.0
AGAIN,0.7398354411125183,0.8407841920852661,-3.7803064856234414e-07,0.6876701712608337,0.8176606297492981,-0.006448766682296991,0.6447034478187561,0.7897269129753113,-0.016521815210580826,0.612619161605835,0.7793263792991638,-0.028913715854287148,0.5837520360946655,0.7794801592826843,-0.0422421358525753,0.6502028107643127,0.6878255605697632,-0.013995327986776829,0.598412036895752,0.7006344199180603,-0.036121416836977005,0.5636221766471863,0.7032760381698608,-0.055000271648168564,0.5339028835296631,0.7028216123580933,-0.0682147964835167,0.6774488687515259,0.686101496219635,-0.02454729937016964,0.6251707673072815,0.7295235395431519,-0.04808589443564415,0.5905473828315735,0.7639778256416321,-0.06101337447762489,0.5659062266349792,0.7874704003334045,-0.06891055405139923,0.7055916786193848,0.7055569291114807,-0.03651411831378937,0.6560868620872498,0.7623263597488403,-0.06101587787270546,0.6556568741798401,0.8057420253753662,-0.0604751855134964,0.6643385887145996,0.8321875929832458,-0.05622640997171402,0.730273962020874,0.7375999689102173,-0.04966922476887703,0.6864874362945557,0.7710542678833008,-0.06865842640399933,0.6706340909004211,0.8076035976409912,-0.0662526935338974,0.6666508316993713,0.8349411487579346,-0.060898877680301666,0.0,0.0,0.0,0.0,0.0,0.0,0.0,0.0,0.0,0.0,0.0,0.0,0.0,0.0,0.0,0.0,0.0,0.0,0.0,0.0,0.0,0.0,0.0,0.0,0.0,0.0,0.0,0.0,0.0,0.0,0.0,0.0,0.0,0.0,0.0,0.0,0.0,0.0,0.0,0.0,0.0,0.0,0.0,0.0,0.0,0.0,0.0,0.0,0.0,0.0,0.0,0.0,0.0,0.0,0.0,0.0,0.0,0.0,0.0,0.0,0.0,0.0,0.0
NEED,0.35596638917922974,0.7780531644821167,9.395372302378746e-08,0.4278583228588104,0.7437175512313843,0.010486310347914696,0.4628281593322754,0.6833391785621643,-0.0028468866366893053,0.49107998609542847,0.6343169212341309,-0.023757407441735268,0.4937502145767212,0.5920683145523071,-0.04337063431739807,0.40157631039619446,0.5618215203285217,-0.018934965133666992,0.40607306361198425,0.4796712398529053,-0.0471707358956337,0.44381505250930786,0.4697430431842804,-0.05565404146909714,0.4663027822971344,0.49656715989112854,-0.055528976023197174,0.37922000885009766,0.5730856657028198,-0.040786996483802795,0.4741118848323822,0.5675697922706604,-0.07141458988189697,0.4753391146659851,0.6321150064468384,-0.06696700304746628,0.45147591829299927,0.6485380530357361,-0.0556262731552124,0.3711368143558502,0.6092014312744141,-0.06282849609851837,0.4672093987464905,0.623711109161377,-0.09192847460508347,0.46225500106811523,0.6738590598106384,-0.07662702351808548,0.4330090284347534,0.6774251461029053,-0.06004159525036812,0.37234827876091003,0.6553297638893127,-0.08383066952228546,0.4524756371974945,0.6691521406173706,-0.09749114513397217,0.45058852434158325,0.7035009860992432,-0.08117758482694626,0.4247518479824066,0.708775520324707,-0.06583660840988159,0.0,0.0,0.0,0.0,0.0,0.0,0.0,0.0,0.0,0.0,0.0,0.0,0.0,0.0,0.0,0.0,0.0,0.0,0.0,0.0,0.0,0.0,0.0,0.0,0.0,0.0,0.0,0.0,0.0,0.0,0.0,0.0,0.0,0.0,0.0,0.0,0.0,0.0,0.0,0.0,0.0,0.0,0.0,0.0,0.0,0.0,0.0,0.0,0.0,0.0,0.0,0.0,0.0,0.0,0.0,0.0,0.0,0.0,0.0,0.0,0.0,0.0,0.0
NEED,0.33152735233306885,0.7397984266281128,-2.3887557176749397e-07,0.42171433568000793,0.7122462391853333,0.00816716905683279,0.4741753935813904,0.663518488407135,-0.0025302732829004526,0.5119941234588623,0.6355054974555969,-0.021600080654025078,0.535116970539093,0.6316576600074768,-0.038064755499362946,0.4550548791885376,0.5311764478683472,-0.006015706341713667,0.49401360750198364,0.4539995789527893,-0.04198194295167923,0.5307682752609253,0.48037189245224,-0.06090768799185753,0.5485081672668457,0.5257500410079956,-0.06745497137308121,0.4336462616920471,0.5366121530532837,-0.025715887546539307,0.5216289162635803,0.5846920013427734,-0.05611469969153404,0.5199071764945984,0.6470401883125305,-0.059972118586301804,0.49824219942092896,0.6564334630966187,-0.05759773775935173,0.4172303378582001,0.5706219673156738,-0.047592390328645706,0.49823498725891113,0.6454644799232483,-0.06983872503042221,0.4790637195110321,0.685987651348114,-0.06082663685083389,0.45065709948539734,0.6761054992675781,-0.051393263041973114,0.4062652885913849,0.6154207587242126,-0.07053299248218536,0.46605950593948364,0.6801966428756714,-0.07998543977737427,0.45195427536964417,0.7078185677528381,-0.0713629350066185,0.4286835789680481,0.6970623731613159,-0.06198158487677574,0.0,0.0,0.0,0.0,0.0,0.0,0.0,0.0,0.0,0.0,0.0,0.0,0.0,0.0,0.0,0.0,0.0,0.0,0.0,0.0,0.0,0.0,0.0,0.0,0.0,0.0,0.0,0.0,0.0,0.0,0.0,0.0,0.0,0.0,0.0,0.0,0.0,0.0,0.0,0.0,0.0,0.0,0.0,0.0,0.0,0.0,0.0,0.0,0.0,0.0,0.0,0.0,0.0,0.0,0.0,0.0,0.0,0.0,0.0,0.0,0.0,0.0,0.0
NEED,0.30640730261802673,0.7429652214050293,-7.862578144113286e-08,0.3869304955005646,0.7035989761352539,0.004659637808799744,0.4632974863052368,0.7041933536529541,-0.009777931496500969,0.5210815072059631,0.7561039328575134,-0.03385475277900696,0.5614055395126343,0.8175709843635559,-0.05895276367664337,0.4865337312221527,0.6185861229896545,-0.007919509895145893,0.5600123405456543,0.6346696019172668,-0.04145991802215576,0.5810197591781616,0.7014328837394714,-0.06439884006977081,0.5849654078483582,0.7534682750701904,-0.07720097154378891,0.45888909697532654,0.6225652098655701,-0.028545882552862167,0.5270721316337585,0.6837496757507324,-0.05947813391685486,0.543069064617157,0.7618881464004517,-0.07373493164777756,0.5428149700164795,0.8083040714263916,-0.08121319115161896,0.4250028431415558,0.6447128057479858,-0.05085039138793945,0.48820987343788147,0.7080714702606201,-0.07704712450504303,0.503277599811554,0.7730428576469421,-0.08160828053951263,0.5010430216789246,0.8077307939529419,-0.08019579946994781,0.3900822401046753,0.6763176918029785,-0.07362104207277298,0.4376338720321655,0.7352726459503174,-0.08644112199544907,0.4577745199203491,0.7792863845825195,-0.08351382613182068,0.46521100401878357,0.8067538738250732,-0.07873465865850449,0.0,0.0,0.0,0.0,0.0,0.0,0.0,0.0,0.0,0.0,0.0,0.0,0.0,0.0,0.0,0.0,0.0,0.0,0.0,0.0,0.0,0.0,0.0,0.0,0.0,0.0,0.0,0.0,0.0,0.0,0.0,0.0,0.0,0.0,0.0,0.0,0.0,0.0,0.0,0.0,0.0,0.0,0.0,0.0,0.0,0.0,0.0,0.0,0.0,0.0,0.0,0.0,0.0,0.0,0.0,0.0,0.0,0.0,0.0,0.0,0.0,0.0,0.0
NEED,0.41768231987953186,0.7642097473144531,8.32535604899931e-08,0.4842527508735657,0.7238922119140625,0.009344542399048805,0.5104037523269653,0.6583908200263977,-0.0011287229135632515,0.5296847820281982,0.6068397164344788,-0.017879337072372437,0.5304876565933228,0.5713375806808472,-0.033659428358078,0.436781644821167,0.5579990744590759,-0.017298610880970955,0.43673601746559143,0.48649126291275024,-0.041356876492500305,0.4687536656856537,0.4737085998058319,-0.04704646021127701,0.4902109205722809,0.49709179997444153,-0.045425254851579666,0.41922232508659363,0.5732165575027466,-0.03578304126858711,0.5061213374137878,0.5537190437316895,-0.061919886618852615,0.5130075812339783,0.6130625009536743,-0.055908236652612686,0.4913569390773773,0.6329120993614197,-0.04450437054038048,0.41676127910614014,0.6077498197555542,-0.054383449256420135,0.5067956447601318,0.6064209342002869,-0.08113046735525131,0.5054360628128052,0.6555077433586121,-0.06763125211000443,0.4793086051940918,0.6643787026405334,-0.052762869745492935,0.4225139617919922,0.6503216028213501,-0.07171417772769928,0.49711406230926514,0.6472543478012085,-0.08454418927431107,0.49872347712516785,0.6804952621459961,-0.06990998983383179,0.47762545943260193,0.6908075213432312,-0.05612438917160034,0.3651828169822693,0.7989328503608704,1.5906209682725603e-07,0.4409746527671814,0.7246224880218506,0.028960831463336945,0.4798310399055481,0.6565109491348267,0.029093796387314796,0.5151387453079224,0.6014879941940308,0.020771097391843796,0.5384224057197571,0.5749903917312622,0.012454538606107235,0.4421071708202362,0.5703489780426025,0.0015552823897451162,0.4482407867908478,0.4654131829738617,-0.0175708569586277,0.4730058014392853,0.4728392958641052,-0.02746613509953022,0.484578937292099,0.49475425481796265,-0.030302466824650764,0.4353221356868744,0.5787864923477173,-0.023402612656354904,0.5112307667732239,0.5539421439170837,-0.0439583845436573,0.5240092873573303,0.609948992729187,-0.04692041128873825,0.507308304309845,0.6442679166793823,-0.04437442868947983,0.4346585273742676,0.6106150150299072,-0.045461948961019516,0.5076993703842163,0.6050968766212463,-0.0582769438624382,0.5061054229736328,0.6532759070396423,-0.04522210359573364,0.4839911460876465,0.6722168326377869,-0.033012378960847855,0.43656033277511597,0.6492645740509033,-0.06576065719127655,0.49380868673324585,0.6490612626075745,-0.06939442455768585,0.4905085861682892,0.6837683320045471,-0.05435127764940262,0.4687085747718811,0.69939786195755,-0.04056651517748833
NEED,0.35613900423049927,0.7709954977035522,-2.1796535065732314e-07,0.4365260601043701,0.7344579696655273,0.013337909244000912,0.4895954430103302,0.6913802027702332,0.0021202596835792065,0.5323371887207031,0.6701509356498718,-0.017210401594638824,0.556557834148407,0.6556309461593628,-0.033912334591150284,0.47038763761520386,0.5613400340080261,-0.008307579904794693,0.5043019652366638,0.4914592504501343,-0.03157995641231537,0.5415374040603638,0.5127795934677124,-0.040712762624025345,0.5535687208175659,0.5601893067359924,-0.042553458362817764,0.454917311668396,0.5712199807167053,-0.029530039057135582,0.5356798768043518,0.6197322010993958,-0.04791241139173508,0.5241120457649231,0.6665525436401367,-0.0460970364511013,0.4979656934738159,0.6639954447746277,-0.043495502322912216,0.4431275427341461,0.6077724099159241,-0.050823941826820374,0.5191017389297485,0.682712733745575,-0.06250037252902985,0.4966711401939392,0.7130208611488342,-0.051667459309101105,0.4712127149105072,0.6993906497955322,-0.045861247926950455,0.4355488121509552,0.6557594537734985,-0.07257664203643799,0.49477043747901917,0.721442461013794,-0.07429639250040054,0.47895872592926025,0.7438018321990967,-0.06261100620031357,0.4567367732524872,0.7317640781402588,-0.0544964000582695,0.0,0.0,0.0,0.0,0.0,0.0,0.0,0.0,0.0,0.0,0.0,0.0,0.0,0.0,0.0,0.0,0.0,0.0,0.0,0.0,0.0,0.0,0.0,0.0,0.0,0.0,0.0,0.0,0.0,0.0,0.0,0.0,0.0,0.0,0.0,0.0,0.0,0.0,0.0,0.0,0.0,0.0,0.0,0.0,0.0,0.0,0.0,0.0,0.0,0.0,0.0,0.0,0.0,0.0,0.0,0.0,0.0,0.0,0.0,0.0,0.0,0.0,0.0
NEED,0.3478633761405945,0.7814277410507202,-2.3483293887238688e-07,0.41681408882141113,0.7291440963745117,0.01582917384803295,0.4852285385131836,0.7022542953491211,0.00984963122755289,0.5364494323730469,0.7180699110031128,-0.005260775797069073,0.5660849809646606,0.7400784492492676,-0.019686056300997734,0.5154816508293152,0.6376026272773743,-0.00286595756188035,0.5835602283477783,0.5962745547294617,-0.028028830885887146,0.6117416620254517,0.6303204894065857,-0.040982287377119064,0.60884028673172,0.6771466135978699,-0.04489441588521004,0.49801763892173767,0.6439940929412842,-0.0242016538977623,0.5756595134735107,0.7286739945411682,-0.04313792660832405,0.5673073530197144,0.7760095596313477,-0.04604588821530342,0.5466262102127075,0.7753010392189026,-0.046487051993608475,0.47643935680389404,0.6785616278648376,-0.04573424160480499,0.5362464189529419,0.7759724855422974,-0.056395530700683594,0.5178839564323425,0.7983014583587646,-0.050853751599788666,0.49840405583381653,0.7780547142028809,-0.047362811863422394,0.45524075627326965,0.7206979990005493,-0.0672888234257698,0.5000196099281311,0.8010671734809875,-0.06613750010728836,0.4873780310153961,0.8146877288818359,-0.05483976751565933,0.4709112048149109,0.7958275079727173,-0.04636141657829285,0.0,0.0,0.0,0.0,0.0,0.0,0.0,0.0,0.0,0.0,0.0,0.0,0.0,0.0,0.0,0.0,0.0,0.0,0.0,0.0,0.0,0.0,0.0,0.0,0.0,0.0,0.0,0.0,0.0,0.0,0.0,0.0,0.0,0.0,0.0,0.0,0.0,0.0,0.0,0.0,0.0,0.0,0.0,0.0,0.0,0.0,0.0,0.0,0.0,0.0,0.0,0.0,0.0,0.0,0.0,0.0,0.0,0.0,0.0,0.0,0.0,0.0,0.0
NEED,0.7228926420211792,0.824203610420227,-1.8445152250023966e-07,0.6886768937110901,0.8120481371879578,-0.01742478832602501,0.6554994583129883,0.7542615532875061,-0.030712483450770378,0.6598457098007202,0.6997936964035034,-0.04487619549036026,0.6860657334327698,0.6690948605537415,-0.057659607380628586,0.676864743232727,0.6373609900474548,-0.015170130878686905,0.6858925819396973,0.5699742436408997,-0.0443754643201828,0.6869537830352783,0.5352392196655273,-0.062295082956552505,0.6854329109191895,0.5246890187263489,-0.07194904237985611,0.7161452174186707,0.6433752179145813,-0.020402194932103157,0.7072570323944092,0.6345432996749878,-0.05423131212592125,0.6942378878593445,0.6992945075035095,-0.057649046182632446,0.6916200518608093,0.7291340231895447,-0.05192013829946518,0.7520347833633423,0.6681275963783264,-0.03001544624567032,0.7365657091140747,0.6771776080131531,-0.06353715062141418,0.718316912651062,0.739651083946228,-0.051723413169384,0.7132431268692017,0.7609920501708984,-0.035621583461761475,0.7851213216781616,0.7041733860969543,-0.041592761874198914,0.7691197395324707,0.7048537135124207,-0.06402651220560074,0.7470329403877258,0.7512241005897522,-0.05389143526554108,0.7352253794670105,0.7708483934402466,-0.040409013628959656,0.0,0.0,0.0,0.0,0.0,0.0,0.0,0.0,0.0,0.0,0.0,0.0,0.0,0.0,0.0,0.0,0.0,0.0,0.0,0.0,0.0,0.0,0.0,0.0,0.0,0.0,0.0,0.0,0.0,0.0,0.0,0.0,0.0,0.0,0.0,0.0,0.0,0.0,0.0,0.0,0.0,0.0,0.0,0.0,0.0,0.0,0.0,0.0,0.0,0.0,0.0,0.0,0.0,0.0,0.0,0.0,0.0,0.0,0.0,0.0,0.0,0.0,0.0
NEED,0.7301901578903198,0.8376521468162537,-2.5368851197526965e-07,0.686109185218811,0.8112891316413879,-0.014643161557614803,0.6564760804176331,0.7483584880828857,-0.02651442401111126,0.6628656983375549,0.6925124526023865,-0.040522500872612,0.6868394613265991,0.658343493938446,-0.05299803987145424,0.6786573529243469,0.6341413855552673,-0.010618247091770172,0.6896194219589233,0.560657262802124,-0.03798024356365204,0.6907006502151489,0.5293134450912476,-0.054326560348272324,0.6894739866256714,0.5235146284103394,-0.06228771433234215,0.7178927063941956,0.6401804685592651,-0.016972867771983147,0.7104406356811523,0.6349462866783142,-0.050996679812669754,0.6954265832901001,0.6970354318618774,-0.05644015967845917,0.6890526413917542,0.7324737310409546,-0.05131182447075844,0.7538290619850159,0.6645352244377136,-0.027224715799093246,0.7373655438423157,0.6831624507904053,-0.06154186278581619,0.718051552772522,0.7462652325630188,-0.053010717034339905,0.7097825407981873,0.7734545469284058,-0.03783831745386124,0.7865468263626099,0.6999728679656982,-0.03893781825900078,0.769415557384491,0.7064876556396484,-0.06013649329543114,0.7474440336227417,0.7542679309844971,-0.05024474114179611,0.7343707084655762,0.7776007652282715,-0.03621923178434372,0.0,0.0,0.0,0.0,0.0,0.0,0.0,0.0,0.0,0.0,0.0,0.0,0.0,0.0,0.0,0.0,0.0,0.0,0.0,0.0,0.0,0.0,0.0,0.0,0.0,0.0,0.0,0.0,0.0,0.0,0.0,0.0,0.0,0.0,0.0,0.0,0.0,0.0,0.0,0.0,0.0,0.0,0.0,0.0,0.0,0.0,0.0,0.0,0.0,0.0,0.0,0.0,0.0,0.0,0.0,0.0,0.0,0.0,0.0,0.0,0.0,0.0,0.0
NEED,0.7281200289726257,0.8436728119850159,-2.9583097216345777e-07,0.6849983334541321,0.8147557377815247,-0.013605944812297821,0.6551235914230347,0.7492676973342896,-0.02561281993985176,0.662855863571167,0.692531406879425,-0.04052521288394928,0.6875293254852295,0.6572747826576233,-0.05404851958155632,0.6806297898292542,0.6332511901855469,-0.009680768474936485,0.6946980357170105,0.5536280274391174,-0.038941603153944016,0.692827582359314,0.5240432024002075,-0.055718500167131424,0.6882510781288147,0.5216178297996521,-0.06334269791841507,0.7201938629150391,0.6431786417961121,-0.017429392784833908,0.7099555730819702,0.627000629901886,-0.05393201485276222,0.6935632824897766,0.6913601160049438,-0.06000993400812149,0.6873450875282288,0.7292877435684204,-0.05463121086359024,0.7560203671455383,0.6686145663261414,-0.029236245900392532,0.7386569976806641,0.6773026585578918,-0.06577388197183609,0.716971755027771,0.744109034538269,-0.05763193592429161,0.7072319984436035,0.7731968760490417,-0.04213607311248779,0.788832426071167,0.7037091851234436,-0.042262718081474304,0.769454300403595,0.7061865925788879,-0.06359297037124634,0.7462174296379089,0.7569040060043335,-0.053307000547647476,0.7336952090263367,0.7809444069862366,-0.0390140637755394,0.0,0.0,0.0,0.0,0.0,0.0,0.0,0.0,0.0,0.0,0.0,0.0,0.0,0.0,0.0,0.0,0.0,0.0,0.0,0.0,0.0,0.0,0.0,0.0,0.0,0.0,0.0,0.0,0.0,0.0,0.0,0.0,0.0,0.0,0.0,0.0,0.0,0.0,0.0,0.0,0.0,0.0,0.0,0.0,0.0,0.0,0.0,0.0,0.0,0.0,0.0,0.0,0.0,0.0,0.0,0.0,0.0,0.0,0.0,0.0,0.0,0.0,0.0
NEED,0.7662115693092346,0.788509726524353,-1.7420617837160535e-07,0.72596275806427,0.7123710513114929,0.017226438969373703,0.6827242970466614,0.6475719809532166,0.01709228940308094,0.6336312294006348,0.6218434572219849,0.010882038623094559,0.5976022481918335,0.612955629825592,0.006029239855706692,0.6942376494407654,0.5645254850387573,0.00889749825000763,0.6691632270812988,0.4802006781101227,-0.0001578206429257989,0.6304559707641602,0.47305211424827576,-0.0009660989744588733,0.6092517971992493,0.49070852994918823,-0.0005221622996032238,0.6866450905799866,0.5773161053657532,-0.005686601623892784,0.5981895923614502,0.5712515115737915,-0.015203761868178844,0.5917121171951294,0.6133312582969666,-0.011198191903531551,0.6167008280754089,0.6293848156929016,-0.00874641165137291,0.6759068965911865,0.608390212059021,-0.019878143444657326,0.5932018160820007,0.6198884844779968,-0.025403311476111412,0.6020475029945374,0.6563510894775391,-0.01541081815958023,0.6291018128395081,0.663320779800415,-0.010503486730158329,0.6631428003311157,0.6461384296417236,-0.033580947667360306,0.6018669009208679,0.6538234353065491,-0.03696436434984207,0.606963038444519,0.6860544085502625,-0.028684910386800766,0.627775251865387,0.6982443928718567,-0.022133413702249527,0.0,0.0,0.0,0.0,0.0,0.0,0.0,0.0,0.0,0.0,0.0,0.0,0.0,0.0,0.0,0.0,0.0,0.0,0.0,0.0,0.0,0.0,0.0,0.0,0.0,0.0,0.0,0.0,0.0,0.0,0.0,0.0,0.0,0.0,0.0,0.0,0.0,0.0,0.0,0.0,0.0,0.0,0.0,0.0,0.0,0.0,0.0,0.0,0.0,0.0,0.0,0.0,0.0,0.0,0.0,0.0,0.0,0.0,0.0,0.0,0.0,0.0,0.0
NEED,0.7428041696548462,0.7175313234329224,-5.294988909554377e-07,0.6863698959350586,0.6990764737129211,0.02160794474184513,0.6253476738929749,0.7082889080047607,0.02586880326271057,0.577208399772644,0.7206771373748779,0.024409931153059006,0.543599545955658,0.7202210426330566,0.022550981491804123,0.5853272676467896,0.7118796706199646,0.006905874703079462,0.5590702295303345,0.8104222416877747,-0.0008591844816692173,0.5857254266738892,0.8206554055213928,-0.0015107927611097693,0.6046395897865295,0.8010334968566895,-0.0006922236061654985,0.5950180292129517,0.7323135137557983,-0.010377366095781326,0.5703432559967041,0.8384285569190979,-0.014578254893422127,0.5999386310577393,0.8414071798324585,-0.00910726934671402,0.6157793998718262,0.8169686794281006,-0.006255745887756348,0.614098310470581,0.7592290043830872,-0.026547515764832497,0.5966861844062805,0.8559671640396118,-0.031202424317598343,0.6260663866996765,0.8555753827095032,-0.02005459927022457,0.6389232873916626,0.8316489458084106,-0.014063524082303047,0.6402185559272766,0.7892794013023376,-0.041041769087314606,0.617298424243927,0.8646873235702515,-0.04702380299568176,0.6424928307533264,0.8637967109680176,-0.03928257152438164,0.6584305763244629,0.8420802354812622,-0.032857559621334076,0.7935060262680054,0.7825645804405212,-1.0310840252714115e-06,0.7221564650535583,0.7626194357872009,0.014097987674176693,0.6597787737846375,0.7428702116012573,0.010091588832437992,0.6092001795768738,0.7474402189254761,-0.0010195067152380943,0.5737600326538086,0.7515562176704407,-0.014089874923229218,0.6642811298370361,0.6626194715499878,-0.005603745114058256,0.5930448174476624,0.6512517333030701,-0.028858987614512444,0.5525068044662476,0.6911486387252808,-0.04155098274350166,0.5302088260650635,0.7320273518562317,-0.046904176473617554,0.6841275691986084,0.6641572713851929,-0.023250792175531387,0.5892091393470764,0.7241376638412476,-0.04419970139861107,0.5672292709350586,0.7997812628746033,-0.047379907220602036,0.5759262442588806,0.842860758304596,-0.04862744361162186,0.7065597772598267,0.685119092464447,-0.041139744222164154,0.6112527251243591,0.7529439330101013,-0.06085346266627312,0.5971553325653076,0.8205548524856567,-0.055169377475976944,0.608195424079895,0.8563134074211121,-0.04983580484986305,0.7290982604026794,0.7150143980979919,-0.05785144120454788,0.650161862373352,0.7818273901939392,-0.07001429796218872,0.6263965368270874,0.8320344686508179,-0.0638493075966835,0.6245264410972595,0.8611518740653992,-0.057795993983745575
NEED,0.7835233807563782,0.7733773589134216,-4.1932150907086907e-07,0.7104347944259644,0.6996684074401855,0.018540598452091217,0.639464795589447,0.6967334151268005,0.02074761502444744,0.5841250419616699,0.7148757576942444,0.015375749208033085,0.5441792011260986,0.7282300591468811,0.00920785591006279,0.6111630797386169,0.6872588396072388,0.016845304518938065,0.5587536692619324,0.7459432482719421,0.008218484930694103,0.5529569983482361,0.7897082567214966,0.002541415626183152,0.5598578453063965,0.8135807514190674,-0.0016374033875763416,0.619994044303894,0.7130213379859924,-0.0005307722021825612,0.5682672262191772,0.8105614185333252,-0.008888393640518188,0.5725564956665039,0.8391520380973816,-0.01492471806704998,0.5855684280395508,0.8342852592468262,-0.022096745669841766,0.6376351714134216,0.747680127620697,-0.01744835264980793,0.591800332069397,0.8388495445251465,-0.026577018201351166,0.6028093099594116,0.8559877872467041,-0.027933161705732346,0.6202394366264343,0.844846248626709,-0.03110714629292488,0.6636041402816772,0.7827229499816895,-0.03313601016998291,0.6263439059257507,0.8479255437850952,-0.04221642389893532,0.6264473795890808,0.8648355603218079,-0.04256835952401161,0.6340284943580627,0.8629769682884216,-0.04272715374827385,0.0,0.0,0.0,0.0,0.0,0.0,0.0,0.0,0.0,0.0,0.0,0.0,0.0,0.0,0.0,0.0,0.0,0.0,0.0,0.0,0.0,0.0,0.0,0.0,0.0,0.0,0.0,0.0,0.0,0.0,0.0,0.0,0.0,0.0,0.0,0.0,0.0,0.0,0.0,0.0,0.0,0.0,0.0,0.0,0.0,0.0,0.0,0.0,0.0,0.0,0.0,0.0,0.0,0.0,0.0,0.0,0.0,0.0,0.0,0.0,0.0,0.0,0.0
NEED,0.7718489766120911,0.7331826686859131,-4.084668319137563e-07,0.6934874653816223,0.6893876194953918,0.02008739672601223,0.6221548914909363,0.7056148648262024,0.02193649858236313,0.5652575492858887,0.7236324548721313,0.016356652602553368,0.522443950176239,0.7235824465751648,0.01073945127427578,0.5847143530845642,0.7148716449737549,0.01657474786043167,0.5498018860816956,0.8128532767295837,0.003943791147321463,0.5715011954307556,0.8270946741104126,-0.0031199506483972073,0.5898588299751282,0.8129674792289734,-0.007044226862490177,0.5967523455619812,0.7346532940864563,-0.0018832758069038391,0.5676013827323914,0.8495463132858276,-0.014040700159966946,0.593894898891449,0.8454264402389526,-0.015336074866354465,0.6101874113082886,0.8158310055732727,-0.017146585509181023,0.6185653805732727,0.7600571513175964,-0.02038029208779335,0.5917859077453613,0.8663992881774902,-0.03172716498374939,0.6176075339317322,0.8595414757728577,-0.02576070837676525,0.6321836113929749,0.8283625245094299,-0.022838585078716278,0.6468641757965088,0.7855492234230042,-0.03769596666097641,0.6180259585380554,0.8696000576019287,-0.04826028645038605,0.636049211025238,0.8722394704818726,-0.0451817624270916,0.6494981646537781,0.8528984785079956,-0.04168481007218361,0.0,0.0,0.0,0.0,0.0,0.0,0.0,0.0,0.0,0.0,0.0,0.0,0.0,0.0,0.0,0.0,0.0,0.0,0.0,0.0,0.0,0.0,0.0,0.0,0.0,0.0,0.0,0.0,0.0,0.0,0.0,0.0,0.0,0.0,0.0,0.0,0.0,0.0,0.0,0.0,0.0,0.0,0.0,0.0,0.0,0.0,0.0,0.0,0.0,0.0,0.0,0.0,0.0,0.0,0.0,0.0,0.0,0.0,0.0,0.0,0.0,0.0,0.0
NEED,0.7557634115219116,0.7282799482345581,-5.396483402364538e-07,0.6874271035194397,0.6998269557952881,0.02233128249645233,0.6236492991447449,0.7093819975852966,0.02651922218501568,0.5698800086975098,0.7258257865905762,0.023718154057860374,0.529502272605896,0.723595142364502,0.02131926827132702,0.5829640626907349,0.7061430215835571,0.01440716627985239,0.5327654480934143,0.7634943723678589,0.004496107809245586,0.5565168857574463,0.7938597798347473,0.0012373480712994933,0.582446277141571,0.7947207093238831,-1.3614684576168656e-05,0.5911357998847961,0.7289015650749207,-0.002934593241661787,0.561126708984375,0.8341126441955566,-0.009748917073011398,0.591404139995575,0.8433519601821899,-0.005684347357600927,0.6083126664161682,0.8202597498893738,-0.004670883063226938,0.610345184803009,0.7584146857261658,-0.019999265670776367,0.5907710790634155,0.8581610918045044,-0.025513850152492523,0.6195855140686035,0.8603155612945557,-0.015101044438779354,0.6324542760848999,0.8360676765441895,-0.010760684497654438,0.6349034309387207,0.7882250547409058,-0.03559225797653198,0.6152727007865906,0.8674271106719971,-0.04076923057436943,0.6383004188537598,0.8695825338363647,-0.034090448170900345,0.6502822041511536,0.8492106199264526,-0.02931985631585121,0.0,0.0,0.0,0.0,0.0,0.0,0.0,0.0,0.0,0.0,0.0,0.0,0.0,0.0,0.0,0.0,0.0,0.0,0.0,0.0,0.0,0.0,0.0,0.0,0.0,0.0,0.0,0.0,0.0,0.0,0.0,0.0,0.0,0.0,0.0,0.0,0.0,0.0,0.0,0.0,0.0,0.0,0.0,0.0,0.0,0.0,0.0,0.0,0.0,0.0,0.0,0.0,0.0,0.0,0.0,0.0,0.0,0.0,0.0,0.0,0.0,0.0,0.0
NEED,0.7573052644729614,0.7231220602989197,-5.60757086986996e-07,0.6841864585876465,0.6979079842567444,0.02217566780745983,0.6183667182922363,0.7120044231414795,0.025716349482536316,0.5656704306602478,0.7283691167831421,0.02177814580500126,0.5265416502952576,0.7252388596534729,0.017894962802529335,0.5797944664955139,0.7140408754348755,0.017086811363697052,0.5463941097259521,0.8051137924194336,0.0035133282653987408,0.5727931261062622,0.8238483667373657,-0.004397364798933268,0.5930530428886414,0.8122876286506653,-0.008553419262170792,0.5897704362869263,0.734555721282959,-0.001408640993759036,0.5644198060035706,0.8454903960227966,-0.011971667408943176,0.593311607837677,0.8439390063285828,-0.011324379593133926,0.6064446568489075,0.8159441351890564,-0.0115875955671072,0.6096298098564148,0.7608228921890259,-0.0199264008551836,0.5898606777191162,0.8632364273071289,-0.029441095888614655,0.6179631352424622,0.85687255859375,-0.0210475604981184,0.6282758116722107,0.8273428678512573,-0.01655048504471779,0.6357744932174683,0.7888383269309998,-0.03709631785750389,0.6159921884536743,0.8702998161315918,-0.04463313892483711,0.6383979320526123,0.8688387870788574,-0.038664594292640686,0.650672435760498,0.8477628827095032,-0.03352919593453407,0.0,0.0,0.0,0.0,0.0,0.0,0.0,0.0,0.0,0.0,0.0,0.0,0.0,0.0,0.0,0.0,0.0,0.0,0.0,0.0,0.0,0.0,0.0,0.0,0.0,0.0,0.0,0.0,0.0,0.0,0.0,0.0,0.0,0.0,0.0,0.0,0.0,0.0,0.0,0.0,0.0,0.0,0.0,0.0,0.0,0.0,0.0,0.0,0.0,0.0,0.0,0.0,0.0,0.0,0.0,0.0,0.0,0.0,0.0,0.0,0.0,0.0,0.0
NEED,0.752813458442688,0.7241112589836121,-5.49587866771617e-07,0.6867192983627319,0.6998149156570435,0.02286146767437458,0.6243101358413696,0.7129613757133484,0.02762954868376255,0.573576807975769,0.7318410873413086,0.025212399661540985,0.5371271967887878,0.7311040163040161,0.022982938215136528,0.5809206366539001,0.7135071754455566,0.015698324888944626,0.5380675196647644,0.7812266945838928,0.0039247795939445496,0.5596981644630432,0.8053794503211975,-0.0011128673795610666,0.5813084840774536,0.8013630509376526,-0.0033588234800845385,0.5892646312713623,0.7350816130638123,-0.002927676308900118,0.5619492530822754,0.841565728187561,-0.012048070318996906,0.5918760299682617,0.8450950384140015,-0.008957356214523315,0.6069111227989197,0.8198285102844238,-0.007459270767867565,0.6090790033340454,0.761395275592804,-0.02146216109395027,0.5904552340507507,0.8631130456924438,-0.02996022254228592,0.6195313334465027,0.860537052154541,-0.019619237631559372,0.6300075650215149,0.8336086869239807,-0.01395201776176691,0.6355137228965759,0.7880618572235107,-0.03851483389735222,0.6145696640014648,0.8708283305168152,-0.046251293271780014,0.6383243799209595,0.8693443536758423,-0.0393458791077137,0.6506842970848083,0.8465449213981628,-0.03346385061740875,0.0,0.0,0.0,0.0,0.0,0.0,0.0,0.0,0.0,0.0,0.0,0.0,0.0,0.0,0.0,0.0,0.0,0.0,0.0,0.0,0.0,0.0,0.0,0.0,0.0,0.0,0.0,0.0,0.0,0.0,0.0,0.0,0.0,0.0,0.0,0.0,0.0,0.0,0.0,0.0,0.0,0.0,0.0,0.0,0.0,0.0,0.0,0.0,0.0,0.0,0.0,0.0,0.0,0.0,0.0,0.0,0.0,0.0,0.0,0.0,0.0,0.0,0.0
NEED,0.7530291080474854,0.7254793047904968,-5.612640165963967e-07,0.6862707734107971,0.7010212540626526,0.020280160009860992,0.621036171913147,0.7130475044250488,0.022925982251763344,0.5677409172058105,0.7287062406539917,0.01909063756465912,0.5283111929893494,0.7243221998214722,0.015781104564666748,0.5791926980018616,0.715990424156189,0.008778270334005356,0.5423155426979065,0.8046383261680603,-0.00391324982047081,0.571125864982605,0.8235440254211426,-0.008404873311519623,0.5932802557945251,0.8107313513755798,-0.010191509500145912,0.5898743867874146,0.7370248436927795,-0.009067365899682045,0.5617884397506714,0.8460105657577515,-0.019290082156658173,0.5913822650909424,0.8453373908996582,-0.01571214199066162,0.6048821806907654,0.8169633150100708,-0.013934220187366009,0.6106387376785278,0.7630398273468018,-0.026568787172436714,0.589503288269043,0.8647335767745972,-0.03581293299794197,0.6178334951400757,0.859481930732727,-0.024889985099434853,0.6276617050170898,0.8297905921936035,-0.018825713545084,0.6374369263648987,0.7904573678970337,-0.04272065311670303,0.6150956749916077,0.8724576234817505,-0.0509299673140049,0.6380467414855957,0.86995530128479,-0.04396963119506836,0.6508834958076477,0.8460605144500732,-0.03800588101148605,0.0,0.0,0.0,0.0,0.0,0.0,0.0,0.0,0.0,0.0,0.0,0.0,0.0,0.0,0.0,0.0,0.0,0.0,0.0,0.0,0.0,0.0,0.0,0.0,0.0,0.0,0.0,0.0,0.0,0.0,0.0,0.0,0.0,0.0,0.0,0.0,0.0,0.0,0.0,0.0,0.0,0.0,0.0,0.0,0.0,0.0,0.0,0.0,0.0,0.0,0.0,0.0,0.0,0.0,0.0,0.0,0.0,0.0,0.0,0.0,0.0,0.0,0.0
NEED,0.7533745169639587,0.7294660210609436,-5.489744125952711e-07,0.685280442237854,0.7039540410041809,0.022082597017288208,0.6212006211280823,0.7150810956954956,0.025372369214892387,0.5683243274688721,0.7300680875778198,0.021726462990045547,0.5288427472114563,0.7247977256774902,0.018364014104008675,0.5800679326057434,0.718372106552124,0.013900209218263626,0.545432984828949,0.8065956830978394,0.001758204190991819,0.573658287525177,0.8245035409927368,-0.003676238004118204,0.5962870121002197,0.8118447065353394,-0.006142895668745041,0.5893305540084839,0.739030122756958,-0.004400515928864479,0.5626713633537292,0.8472617864608765,-0.012878019362688065,0.591934323310852,0.8470816612243652,-0.010058910585939884,0.6061125993728638,0.8200791478157043,-0.009262515231966972,0.6087167859077454,0.7655792236328125,-0.02247866615653038,0.5907862186431885,0.8657771348953247,-0.029532840475440025,0.6188985109329224,0.861413300037384,-0.019230524078011513,0.6285944581031799,0.8333629965782166,-0.014259995892643929,0.6340571641921997,0.7942641377449036,-0.039222534745931625,0.6153029203414917,0.8753796219825745,-0.045480795204639435,0.6388220191001892,0.8726107478141785,-0.0385284386575222,0.6507478356361389,0.8497728109359741,-0.033072084188461304,0.0,0.0,0.0,0.0,0.0,0.0,0.0,0.0,0.0,0.0,0.0,0.0,0.0,0.0,0.0,0.0,0.0,0.0,0.0,0.0,0.0,0.0,0.0,0.0,0.0,0.0,0.0,0.0,0.0,0.0,0.0,0.0,0.0,0.0,0.0,0.0,0.0,0.0,0.0,0.0,0.0,0.0,0.0,0.0,0.0,0.0,0.0,0.0,0.0,0.0,0.0,0.0,0.0,0.0,0.0,0.0,0.0,0.0,0.0,0.0,0.0,0.0,0.0
NEED,0.7516847252845764,0.7308870553970337,-5.241959684099129e-07,0.6858545541763306,0.7065445184707642,0.017550718039274216,0.620738685131073,0.7162315845489502,0.019522028043866158,0.5669140815734863,0.7281541228294373,0.015581969171762466,0.5260016918182373,0.7229436635971069,0.0120096355676651,0.5809434056282043,0.7179163098335266,0.011433756910264492,0.5426017045974731,0.8007166981697083,-0.002573603531345725,0.5703821182250977,0.8228142261505127,-0.009718997403979301,0.5940773487091064,0.8133635520935059,-0.013017318211495876,0.590750515460968,0.7386304140090942,-0.004356668796390295,0.5608664751052856,0.8470059633255005,-0.014796325005590916,0.5902847051620483,0.849385142326355,-0.012937317602336407,0.6051669716835022,0.8230553865432739,-0.012236502021551132,0.6105470061302185,0.7647293210029602,-0.020446233451366425,0.5892441272735596,0.8655763268470764,-0.030080972239375114,0.6177984476089478,0.8624328970909119,-0.020197030156850815,0.6285728216171265,0.8346197605133057,-0.014447521418333054,0.635710597038269,0.7925060987472534,-0.03538783639669418,0.6133635640144348,0.8732833862304688,-0.04312007501721382,0.6370382308959961,0.8713284134864807,-0.036106787621974945,0.6493417024612427,0.8485270738601685,-0.030053576454520226,0.0,0.0,0.0,0.0,0.0,0.0,0.0,0.0,0.0,0.0,0.0,0.0,0.0,0.0,0.0,0.0,0.0,0.0,0.0,0.0,0.0,0.0,0.0,0.0,0.0,0.0,0.0,0.0,0.0,0.0,0.0,0.0,0.0,0.0,0.0,0.0,0.0,0.0,0.0,0.0,0.0,0.0,0.0,0.0,0.0,0.0,0.0,0.0,0.0,0.0,0.0,0.0,0.0,0.0,0.0,0.0,0.0,0.0,0.0,0.0,0.0,0.0,0.0
NEED,0.7749778628349304,0.7591137290000916,-2.6849315304389165e-07,0.7124804258346558,0.7104114294052124,0.028944840654730797,0.6507042646408081,0.6762105226516724,0.03493182733654976,0.6092952489852905,0.6481948494911194,0.03268561139702797,0.5812936425209045,0.6097638607025146,0.028811126947402954,0.6291646361351013,0.6254249811172485,0.013692812994122505,0.5783606767654419,0.5958244204521179,0.002986485604196787,0.5574107766151428,0.5812675356864929,9.473044337937608e-05,0.5461524128913879,0.5635621547698975,-0.0006961533217690885,0.6300496459007263,0.6432536840438843,-0.008894609287381172,0.5543370842933655,0.7008083462715149,-0.022560935467481613,0.5714346766471863,0.7347983121871948,-0.018704555928707123,0.5969718098640442,0.7360464930534363,-0.01252906583249569,0.6363170742988586,0.6774223446846008,-0.030114077031612396,0.572230339050293,0.7392678260803223,-0.04264690726995468,0.5965965986251831,0.7728736996650696,-0.03090076893568039,0.6208264827728271,0.7718700170516968,-0.019045483320951462,0.646204948425293,0.7200530171394348,-0.048982519656419754,0.5913552045822144,0.7633950114250183,-0.05584878474473953,0.6074109077453613,0.7888550758361816,-0.04654089733958244,0.6294010877609253,0.7884360551834106,-0.037451304495334625,0.0,0.0,0.0,0.0,0.0,0.0,0.0,0.0,0.0,0.0,0.0,0.0,0.0,0.0,0.0,0.0,0.0,0.0,0.0,0.0,0.0,0.0,0.0,0.0,0.0,0.0,0.0,0.0,0.0,0.0,0.0,0.0,0.0,0.0,0.0,0.0,0.0,0.0,0.0,0.0,0.0,0.0,0.0,0.0,0.0,0.0,0.0,0.0,0.0,0.0,0.0,0.0,0.0,0.0,0.0,0.0,0.0,0.0,0.0,0.0,0.0,0.0,0.0
NEED,0.7654926180839539,0.7839345932006836,-4.136936695431359e-07,0.7146588563919067,0.717930793762207,0.022579574957489967,0.6562378406524658,0.6746419668197632,0.026293475180864334,0.6062803864479065,0.6600688695907593,0.023095425218343735,0.5699852705001831,0.6456509828567505,0.020654579624533653,0.6509605646133423,0.601237416267395,0.008040116168558598,0.6058129668235779,0.5282877683639526,-0.011135675944387913,0.5729246139526367,0.5495302677154541,-0.015950998291373253,0.5631200671195984,0.5881326198577881,-0.014453274197876453,0.6531635522842407,0.6207771897315979,-0.011559889651834965,0.5645396113395691,0.6514807343482971,-0.0320286862552166,0.5714675188064575,0.7021510601043701,-0.026123743504285812,0.5963701009750366,0.7206018567085266,-0.0172477588057518,0.6569206714630127,0.658376932144165,-0.03132976219058037,0.5795861482620239,0.6985416412353516,-0.0511920303106308,0.594017505645752,0.7393044829368591,-0.037211816757917404,0.6190792918205261,0.7478345632553101,-0.022366276010870934,0.6608040928840637,0.7005854249000549,-0.04904359579086304,0.5955517888069153,0.7206966280937195,-0.060747355222702026,0.6029989719390869,0.7507936358451843,-0.050587136298418045,0.6243500709533691,0.7594456672668457,-0.0390893779695034,0.0,0.0,0.0,0.0,0.0,0.0,0.0,0.0,0.0,0.0,0.0,0.0,0.0,0.0,0.0,0.0,0.0,0.0,0.0,0.0,0.0,0.0,0.0,0.0,0.0,0.0,0.0,0.0,0.0,0.0,0.0,0.0,0.0,0.0,0.0,0.0,0.0,0.0,0.0,0.0,0.0,0.0,0.0,0.0,0.0,0.0,0.0,0.0,0.0,0.0,0.0,0.0,0.0,0.0,0.0,0.0,0.0,0.0,0.0,0.0,0.0,0.0,0.0
NEED,0.7079602479934692,0.7689736485481262,-2.1586964749076287e-07,0.6518247723579407,0.7475813627243042,0.001850514905527234,0.6178532838821411,0.7028281688690186,-0.005355456843972206,0.5921480059623718,0.6752616763114929,-0.015819616615772247,0.5787147879600525,0.6461819410324097,-0.025127097964286804,0.6533599495887756,0.5996885299682617,-0.013546074740588665,0.6543992757797241,0.5261021852493286,-0.032444730401039124,0.6261004209518433,0.5274986624717712,-0.036905284970998764,0.6087626218795776,0.5501901507377625,-0.03674616292119026,0.671551525592804,0.6126917004585266,-0.025199227035045624,0.5959490537643433,0.6174074411392212,-0.04601534828543663,0.585652232170105,0.6695489883422852,-0.041370078921318054,0.6017839312553406,0.6957700848579407,-0.033574022352695465,0.6832112669944763,0.6491305232048035,-0.03792950510978699,0.604495108127594,0.6674231886863708,-0.06239509582519531,0.6006897687911987,0.7089487314224243,-0.052084095776081085,0.6175100207328796,0.726980984210968,-0.038816262036561966,0.6885570287704468,0.692865252494812,-0.049968935549259186,0.6262729167938232,0.6974204778671265,-0.06928897649049759,0.6162068247795105,0.7234600186347961,-0.06378959864377975,0.6265192031860352,0.7410326600074768,-0.054086677730083466,0.7484826445579529,0.8165538907051086,-4.2592660065565724e-07,0.6698898673057556,0.7567809224128723,0.01964208483695984,0.6267313361167908,0.7009977698326111,0.017444603145122528,0.5987333655357361,0.6664915084838867,0.006999574135988951,0.5792665481567383,0.6357097625732422,-0.003125174902379513,0.6641084551811218,0.6009708642959595,0.004698901437222958,0.6454600095748901,0.5169425010681152,-0.01675545796751976,0.6183978319168091,0.5280881524085999,-0.025344353169202805,0.6100001931190491,0.561534583568573,-0.026835264638066292,0.677548885345459,0.6147657036781311,-0.015909725800156593,0.5953925251960754,0.6148174405097961,-0.035312674939632416,0.5851898789405823,0.6698843836784363,-0.03304443135857582,0.6035199761390686,0.7002353668212891,-0.028929665684700012,0.6873164176940918,0.6503766775131226,-0.0371168814599514,0.6036905646324158,0.6561265587806702,-0.05685345083475113,0.6000446677207947,0.7037981152534485,-0.045007139444351196,0.6211951375007629,0.7275341749191284,-0.0327628031373024,0.6927211880683899,0.6941911578178406,-0.05673703923821449,0.6245427131652832,0.6868759989738464,-0.06994815170764923,0.6138069033622742,0.7186566591262817,-0.06052834913134575,0.6275216937065125,0.7404946088790894,-0.04964320734143257
NEED,0.7630677819252014,0.8301210403442383,-4.2356285234745883e-07,0.690277099609375,0.7631734609603882,0.005136698950082064,0.6482725143432617,0.7019547820091248,-0.004908794071525335,0.6203594207763672,0.6647677421569824,-0.021066436544060707,0.6105411648750305,0.6337798237800598,-0.035109132528305054,0.7010330557823181,0.5985336303710938,-0.004969402682036161,0.7000061273574829,0.5086559057235718,-0.033005792647600174,0.6638697981834412,0.5154352784156799,-0.044796090573072433,0.6414006948471069,0.5518530607223511,-0.04802423343062401,0.7180933356285095,0.6167742013931274,-0.021476924419403076,0.6355457901954651,0.6092351078987122,-0.04832868278026581,0.6256328821182251,0.6643167734146118,-0.046211618930101395,0.6452826857566833,0.6855897903442383,-0.040207456797361374,0.7281285524368286,0.6542357206344604,-0.04040464013814926,0.6448319554328918,0.6558436155319214,-0.06705348193645477,0.6400688290596008,0.7002553939819336,-0.052195750176906586,0.6602570414543152,0.7132552862167358,-0.036387018859386444,0.7316871285438538,0.6982153654098511,-0.059331752359867096,0.6672163605690002,0.6877297759056091,-0.07687217742204666,0.6591269373893738,0.7170470356941223,-0.06497655808925629,0.6746799349784851,0.7341378331184387,-0.05096106976270676,0.0,0.0,0.0,0.0,0.0,0.0,0.0,0.0,0.0,0.0,0.0,0.0,0.0,0.0,0.0,0.0,0.0,0.0,0.0,0.0,0.0,0.0,0.0,0.0,0.0,0.0,0.0,0.0,0.0,0.0,0.0,0.0,0.0,0.0,0.0,0.0,0.0,0.0,0.0,0.0,0.0,0.0,0.0,0.0,0.0,0.0,0.0,0.0,0.0,0.0,0.0,0.0,0.0,0.0,0.0,0.0,0.0,0.0,0.0,0.0,0.0,0.0,0.0
NEED,0.7993202805519104,0.8277276158332825,-7.791744565111003e-07,0.7415390014648438,0.7603203654289246,0.016275355592370033,0.6870010495185852,0.7185596227645874,0.01300901547074318,0.6427552103996277,0.7020223736763,0.0007635342772118747,0.6091259121894836,0.6882073879241943,-0.012203803285956383,0.6784972548484802,0.6488205194473267,0.005867634434252977,0.6008121967315674,0.6081769466400146,-0.020253922790288925,0.5681548118591309,0.6348432898521423,-0.03492514416575432,0.5620163679122925,0.6670510768890381,-0.040708787739276886,0.6946755647659302,0.6608211398124695,-0.015127057209610939,0.6121450066566467,0.6658748388290405,-0.04071345925331116,0.5786270499229431,0.723198413848877,-0.045358724892139435,0.5788100361824036,0.7619667053222656,-0.04494151845574379,0.7138639688491821,0.6905218958854675,-0.03769068047404289,0.6359779834747314,0.697502613067627,-0.06126733124256134,0.6068892478942871,0.7523854374885559,-0.055686526000499725,0.6104215383529663,0.7864429950714111,-0.04759398102760315,0.733955442905426,0.7307087779045105,-0.05923263356089592,0.6641911864280701,0.7446500658988953,-0.07327505946159363,0.6345341205596924,0.7768481969833374,-0.06703393906354904,0.6325473785400391,0.797314465045929,-0.05904214084148407,0.0,0.0,0.0,0.0,0.0,0.0,0.0,0.0,0.0,0.0,0.0,0.0,0.0,0.0,0.0,0.0,0.0,0.0,0.0,0.0,0.0,0.0,0.0,0.0,0.0,0.0,0.0,0.0,0.0,0.0,0.0,0.0,0.0,0.0,0.0,0.0,0.0,0.0,0.0,0.0,0.0,0.0,0.0,0.0,0.0,0.0,0.0,0.0,0.0,0.0,0.0,0.0,0.0,0.0,0.0,0.0,0.0,0.0,0.0,0.0,0.0,0.0,0.0
WASHROOM,0.8311871290206909,0.7407686710357666,-7.15808880613622e-07,0.7599397897720337,0.660133421421051,-0.008890552446246147,0.7289716005325317,0.5499500632286072,-0.015241241082549095,0.7461401224136353,0.4531916081905365,-0.02777213789522648,0.7673380970954895,0.3762698173522949,-0.03753592446446419,0.7490374445915222,0.4876052141189575,0.016150716692209244,0.7119103074073792,0.40834107995033264,-0.026238135993480682,0.7182020545005798,0.45115065574645996,-0.05322561413049698,0.7319982051849365,0.5054943561553955,-0.06219066306948662,0.7960330247879028,0.488858699798584,0.0046442728489637375,0.7710603475570679,0.4045262038707733,-0.042661041021347046,0.7645989060401917,0.4733979105949402,-0.06025002524256706,0.7647874355316162,0.5444693565368652,-0.05766811966896057,0.8442471027374268,0.504265308380127,-0.01308281347155571,0.8140891790390015,0.45864516496658325,-0.06231321021914482,0.7941700220108032,0.5531449317932129,-0.05952303856611252,0.7860028147697449,0.6251825094223022,-0.04030900448560715,0.8914674520492554,0.5316581130027771,-0.03151649981737137,0.8606006503105164,0.4875486195087433,-0.06021720543503761,0.8368600606918335,0.5524981617927551,-0.05042019858956337,0.8258792161941528,0.6081647276878357,-0.0326334610581398,0.0,0.0,0.0,0.0,0.0,0.0,0.0,0.0,0.0,0.0,0.0,0.0,0.0,0.0,0.0,0.0,0.0,0.0,0.0,0.0,0.0,0.0,0.0,0.0,0.0,0.0,0.0,0.0,0.0,0.0,0.0,0.0,0.0,0.0,0.0,0.0,0.0,0.0,0.0,0.0,0.0,0.0,0.0,0.0,0.0,0.0,0.0,0.0,0.0,0.0,0.0,0.0,0.0,0.0,0.0,0.0,0.0,0.0,0.0,0.0,0.0,0.0,0.0
WASHROOM,0.8324864506721497,0.7351003885269165,-6.19785339495138e-07,0.7644382119178772,0.6602485179901123,-0.007176867686212063,0.7339743971824646,0.5549250841140747,-0.013527066446840763,0.7539486289024353,0.459454208612442,-0.026799935847520828,0.77730393409729,0.38096320629119873,-0.037490230053663254,0.7497053742408752,0.48675456643104553,0.022939613088965416,0.7158737182617188,0.4087817370891571,-0.019083503633737564,0.7202550768852234,0.45138370990753174,-0.04774009436368942,0.7320079207420349,0.5057947039604187,-0.05806899815797806,0.7964617609977722,0.4871949553489685,0.00998974870890379,0.7722293138504028,0.41134700179100037,-0.03479786217212677,0.767210066318512,0.48357394337654114,-0.05280622839927673,0.7683945894241333,0.5481278300285339,-0.051609594374895096,0.8445855379104614,0.502776026725769,-0.00988168828189373,0.8146775960922241,0.4572870135307312,-0.05467770993709564,0.7975249290466309,0.5517651438713074,-0.050074029713869095,0.7909610271453857,0.6173615455627441,-0.03170444071292877,0.8921238780021667,0.5306050777435303,-0.030723702162504196,0.8586108088493347,0.48847606778144836,-0.054280780255794525,0.8380540609359741,0.5555509328842163,-0.04204337298870087,0.831285834312439,0.6046414971351624,-0.024268953129649162,0.0,0.0,0.0,0.0,0.0,0.0,0.0,0.0,0.0,0.0,0.0,0.0,0.0,0.0,0.0,0.0,0.0,0.0,0.0,0.0,0.0,0.0,0.0,0.0,0.0,0.0,0.0,0.0,0.0,0.0,0.0,0.0,0.0,0.0,0.0,0.0,0.0,0.0,0.0,0.0,0.0,0.0,0.0,0.0,0.0,0.0,0.0,0.0,0.0,0.0,0.0,0.0,0.0,0.0,0.0,0.0,0.0,0.0,0.0,0.0,0.0,0.0,0.0
WASHROOM,0.6391535997390747,0.781583845615387,-4.663055790388171e-07,0.6105618476867676,0.756924569606781,-0.0020162654109299183,0.5950811505317688,0.6870562434196472,-0.0015662170480936766,0.5988069772720337,0.6307160258293152,-0.003993714693933725,0.6067800521850586,0.5877781510353088,-0.006051525939255953,0.6198891401290894,0.6346842646598816,0.010624066926538944,0.6079421043395996,0.5956379175186157,-0.0075325313955545425,0.5943328142166138,0.6058129668235779,-0.0178259015083313,0.5883622765541077,0.6242717504501343,-0.02127436175942421,0.6411792039871216,0.6380729675292969,0.004220789298415184,0.6126967668533325,0.609681248664856,-0.01641182042658329,0.6012206673622131,0.6557509303092957,-0.021274112164974213,0.6028194427490234,0.6938141584396362,-0.017698638141155243,0.6629109382629395,0.6516960859298706,-0.00536647904664278,0.6282740235328674,0.6374680399894714,-0.02796679548919201,0.6200143098831177,0.6916103959083557,-0.02386629208922386,0.6243984699249268,0.7286624908447266,-0.013527804985642433,0.6837401986122131,0.6733275651931763,-0.015134979039430618,0.6491379141807556,0.6627440452575684,-0.0292652640491724,0.6406944990158081,0.7007945775985718,-0.02479764074087143,0.6458894610404968,0.7269608974456787,-0.01674763858318329,0.0,0.0,0.0,0.0,0.0,0.0,0.0,0.0,0.0,0.0,0.0,0.0,0.0,0.0,0.0,0.0,0.0,0.0,0.0,0.0,0.0,0.0,0.0,0.0,0.0,0.0,0.0,0.0,0.0,0.0,0.0,0.0,0.0,0.0,0.0,0.0,0.0,0.0,0.0,0.0,0.0,0.0,0.0,0.0,0.0,0.0,0.0,0.0,0.0,0.0,0.0,0.0,0.0,0.0,0.0,0.0,0.0,0.0,0.0,0.0,0.0,0.0,0.0
WASHROOM,0.6686345934867859,0.8416622877120972,-6.748107921339397e-07,0.6388053894042969,0.81181800365448,-0.009703692980110645,0.6246617436408997,0.7525607943534851,-0.01589883677661419,0.6283397674560547,0.7017294764518738,-0.02337944135069847,0.635405421257019,0.6597928404808044,-0.027832860127091408,0.6485013365745544,0.6944824457168579,-0.0028605093248188496,0.6193273663520813,0.6610112190246582,-0.02770780399441719,0.6133370995521545,0.7108960151672363,-0.03939424455165863,0.6178098320960999,0.7498146891593933,-0.04237242043018341,0.6720753908157349,0.7001324892044067,-0.007006380707025528,0.6368123292922974,0.676685631275177,-0.030572710558772087,0.6318756341934204,0.7317550182342529,-0.03375967964529991,0.6385612487792969,0.7645163536071777,-0.029539138078689575,0.693877637386322,0.716994047164917,-0.014801213517785072,0.6558309197425842,0.7116117477416992,-0.03954843804240227,0.6523027420043945,0.7669719457626343,-0.0326705127954483,0.6595281362533569,0.7939977049827576,-0.021099628880620003,0.7128931283950806,0.7407436966896057,-0.023418297991156578,0.6766155958175659,0.7386691570281982,-0.03782281279563904,0.6704437732696533,0.7774237394332886,-0.03124224953353405,0.6772541403770447,0.7965990900993347,-0.021715736016631126,0.0,0.0,0.0,0.0,0.0,0.0,0.0,0.0,0.0,0.0,0.0,0.0,0.0,0.0,0.0,0.0,0.0,0.0,0.0,0.0,0.0,0.0,0.0,0.0,0.0,0.0,0.0,0.0,0.0,0.0,0.0,0.0,0.0,0.0,0.0,0.0,0.0,0.0,0.0,0.0,0.0,0.0,0.0,0.0,0.0,0.0,0.0,0.0,0.0,0.0,0.0,0.0,0.0,0.0,0.0,0.0,0.0,0.0,0.0,0.0,0.0,0.0,0.0
WASHROOM,0.580154299736023,0.9429237842559814,-6.25631344064459e-07,0.5257574319839478,0.8807790875434875,0.0014902983093634248,0.5039257407188416,0.8168886303901672,-0.0011008083820343018,0.4987366795539856,0.7634890079498291,-0.008268344216048717,0.5004037618637085,0.7183455228805542,-0.013514489866793156,0.5359050631523132,0.7464550733566284,0.015610304661095142,0.4961503744125366,0.734535276889801,-0.0058848662301898,0.48636746406555176,0.7783380746841431,-0.021862462162971497,0.49062469601631165,0.8141449093818665,-0.029252324253320694,0.5541853904724121,0.7499847412109375,0.006063160020858049,0.5002869963645935,0.7592610716819763,-0.01310289278626442,0.4953799843788147,0.8066309690475464,-0.020661674439907074,0.5028642416000366,0.8363141417503357,-0.02218540571630001,0.5695416927337646,0.7682077884674072,-0.0067086960189044476,0.5127640962600708,0.7891396880149841,-0.022731777280569077,0.515074610710144,0.8327858448028564,-0.018835976719856262,0.5264752507209778,0.8564029335975647,-0.01284881867468357,0.5789542198181152,0.7962943315505981,-0.02049855701625347,0.5317421555519104,0.8136681318283081,-0.027915870770812035,0.5339914560317993,0.8426342010498047,-0.022876489907503128,0.5460249781608582,0.8565493226051331,-0.016400551423430443,0.0,0.0,0.0,0.0,0.0,0.0,0.0,0.0,0.0,0.0,0.0,0.0,0.0,0.0,0.0,0.0,0.0,0.0,0.0,0.0,0.0,0.0,0.0,0.0,0.0,0.0,0.0,0.0,0.0,0.0,0.0,0.0,0.0,0.0,0.0,0.0,0.0,0.0,0.0,0.0,0.0,0.0,0.0,0.0,0.0,0.0,0.0,0.0,0.0,0.0,0.0,0.0,0.0,0.0,0.0,0.0,0.0,0.0,0.0,0.0,0.0,0.0,0.0
WASHROOM,0.6414927244186401,0.8498197197914124,-5.605101023320458e-07,0.6076009273529053,0.8245046138763428,-0.005498882848769426,0.5839082598686218,0.7578406929969788,-0.006734534166753292,0.5807608366012573,0.7025613784790039,-0.010187894105911255,0.578018307685852,0.6555178165435791,-0.012043120339512825,0.5996145009994507,0.7009146809577942,0.008508890867233276,0.5692398548126221,0.6871998310089111,-0.012359917163848877,0.5693176984786987,0.7293620109558105,-0.024659698829054832,0.5770100951194763,0.7637729644775391,-0.028249235823750496,0.622393786907196,0.7011770009994507,0.003654385916888714,0.5882115960121155,0.6871896982192993,-0.01563023217022419,0.5871461629867554,0.7364263534545898,-0.02065378800034523,0.5933634638786316,0.7717126607894897,-0.018168289214372635,0.6460805535316467,0.7104696035385132,-0.0048990510404109955,0.6117146015167236,0.7084264755249023,-0.025572987273335457,0.6117961406707764,0.7623506784439087,-0.020861433818936348,0.619364857673645,0.7954404950141907,-0.011001073755323887,0.6692019104957581,0.7272056937217712,-0.014149063266813755,0.6368540525436401,0.7247588038444519,-0.02605290152132511,0.6334202885627747,0.7644029855728149,-0.020213251933455467,0.6404465436935425,0.788345217704773,-0.011573240160942078,0.6499485969543457,0.8845912218093872,-3.7100124927746947e-07,0.596930980682373,0.8294941782951355,-7.050042040646076e-05,0.5722870826721191,0.7612537741661072,-7.753420504741371e-05,0.5700559616088867,0.6993366479873657,-0.005870729219168425,0.5747268199920654,0.6454953551292419,-0.010532703250646591,0.5883843302726746,0.7132155895233154,0.03101765364408493,0.5626156330108643,0.6945618391036987,0.009472491219639778,0.5585676431655884,0.7152900695800781,-0.0069429948925971985,0.5607780814170837,0.7345032095909119,-0.013637332245707512,0.6113649606704712,0.7084776759147644,0.02190519869327545,0.584267795085907,0.6814093589782715,-0.00357774063013494,0.5827903747558594,0.7254877090454102,-0.015048944391310215,0.5911734104156494,0.7633311152458191,-0.01384616456925869,0.6342452764511108,0.7141094207763672,0.008058765903115273,0.6053658127784729,0.7101032137870789,-0.017298417165875435,0.6072184443473816,0.7639143466949463,-0.015320749953389168,0.6180852055549622,0.7992679476737976,-0.004215033259242773,0.655511736869812,0.7287989854812622,-0.006608156021684408,0.627851665019989,0.7262146472930908,-0.018734997138381004,0.6282318234443665,0.765360414981842,-0.012203702703118324,0.6390608549118042,0.7869370579719543,-0.001744783716276288
WASHROOM,0.6514958739280701,0.8628783822059631,-4.7082102128115366e-07,0.6076835989952087,0.81629478931427,0.00010016195301432163,0.5855734348297119,0.7543365359306335,-0.002077169017866254,0.5833086371421814,0.699383020401001,-0.009032364934682846,0.586193859577179,0.6504443883895874,-0.014679985120892525,0.604755163192749,0.6996558904647827,0.018221423029899597,0.577318549156189,0.677141547203064,-0.0033559727016836405,0.5686757564544678,0.7100021839141846,-0.017387233674526215,0.5706344842910767,0.7380579710006714,-0.02249283716082573,0.6266202926635742,0.7001295685768127,0.009632553905248642,0.5942968726158142,0.6803751587867737,-0.012639408931136131,0.5903139114379883,0.7284573316574097,-0.019715838134288788,0.5980983972549438,0.7636944651603699,-0.017822466790676117,0.6487938165664673,0.7095948457717896,-0.002688613021746278,0.6135228276252747,0.7070785164833069,-0.025062913075089455,0.6129217743873596,0.7607021927833557,-0.02029944397509098,0.6224393248558044,0.7943858504295349,-0.009433501400053501,0.6700904965400696,0.7271724343299866,-0.015483478084206581,0.6376482248306274,0.7229510545730591,-0.02643921598792076,0.6345854997634888,0.7609257102012634,-0.019588027149438858,0.6420825123786926,0.783735990524292,-0.010032299906015396,0.0,0.0,0.0,0.0,0.0,0.0,0.0,0.0,0.0,0.0,0.0,0.0,0.0,0.0,0.0,0.0,0.0,0.0,0.0,0.0,0.0,0.0,0.0,0.0,0.0,0.0,0.0,0.0,0.0,0.0,0.0,0.0,0.0,0.0,0.0,0.0,0.0,0.0,0.0,0.0,0.0,0.0,0.0,0.0,0.0,0.0,0.0,0.0,0.0,0.0,0.0,0.0,0.0,0.0,0.0,0.0,0.0,0.0,0.0,0.0,0.0,0.0,0.0
WASHROOM,0.824905514717102,0.6527619957923889,-8.526392889507406e-07,0.7600353956222534,0.5531038045883179,-0.01892920210957527,0.735536515712738,0.39980295300483704,-0.025441450998187065,0.7521255612373352,0.27609682083129883,-0.038259558379650116,0.7706644535064697,0.17329436540603638,-0.04661129042506218,0.7573127150535583,0.3234702944755554,0.02425074577331543,0.716871976852417,0.2528570592403412,-0.0347994901239872,0.730344831943512,0.3161746561527252,-0.07247381657361984,0.7502939701080322,0.38418450951576233,-0.08516562730073929,0.8202666640281677,0.33126866817474365,0.012903078459203243,0.7954492568969727,0.24097371101379395,-0.054733313620090485,0.7909066081047058,0.34608447551727295,-0.079158253967762,0.7887572050094604,0.434763640165329,-0.07416609674692154,0.8842187523841858,0.35872212052345276,-0.008157625794410706,0.8582772016525269,0.3077374994754791,-0.07841618359088898,0.8341703414916992,0.4384821057319641,-0.07287145406007767,0.817229151725769,0.5255383253097534,-0.04368006810545921,0.9445568919181824,0.40285491943359375,-0.030599139630794525,0.9205387234687805,0.35145169496536255,-0.06975290924310684,0.8878524303436279,0.4370919466018677,-0.055124230682849884,0.8673663139343262,0.4963739514350891,-0.029377132654190063,0.0,0.0,0.0,0.0,0.0,0.0,0.0,0.0,0.0,0.0,0.0,0.0,0.0,0.0,0.0,0.0,0.0,0.0,0.0,0.0,0.0,0.0,0.0,0.0,0.0,0.0,0.0,0.0,0.0,0.0,0.0,0.0,0.0,0.0,0.0,0.0,0.0,0.0,0.0,0.0,0.0,0.0,0.0,0.0,0.0,0.0,0.0,0.0,0.0,0.0,0.0,0.0,0.0,0.0,0.0,0.0,0.0,0.0,0.0,0.0,0.0,0.0,0.0
WASHROOM,0.7690766453742981,0.7497158646583557,-9.927941846399335e-07,0.7263327836990356,0.6647024750709534,-0.010824674740433693,0.7129347920417786,0.5586975812911987,-0.0207417830824852,0.7254291772842407,0.4695453643798828,-0.03771715238690376,0.7444485425949097,0.3999300003051758,-0.05155741795897484,0.7452587485313416,0.4784344732761383,0.015558348037302494,0.7402455806732178,0.39346858859062195,-0.029792604967951775,0.7348809242248535,0.4434516429901123,-0.05829507112503052,0.7332842350006104,0.5033099055290222,-0.06845393031835556,0.7871829271316528,0.4960973858833313,0.0038048888090997934,0.7712019085884094,0.4289766848087311,-0.046617962419986725,0.7523269653320312,0.5128239989280701,-0.063227578997612,0.7443875074386597,0.5837497115135193,-0.06110457330942154,0.8289877772331238,0.5245028734207153,-0.01513220090419054,0.8056972622871399,0.49049633741378784,-0.06334348022937775,0.780232310295105,0.5834295749664307,-0.05707024037837982,0.7699745893478394,0.6463554501533508,-0.0376916341483593,0.8702589273452759,0.5634563565254211,-0.035296205431222916,0.8468802571296692,0.5275061130523682,-0.05667022988200188,0.8205366134643555,0.5886287093162537,-0.04325149208307266,0.8128353953361511,0.6309681534767151,-0.025567572563886642,0.0,0.0,0.0,0.0,0.0,0.0,0.0,0.0,0.0,0.0,0.0,0.0,0.0,0.0,0.0,0.0,0.0,0.0,0.0,0.0,0.0,0.0,0.0,0.0,0.0,0.0,0.0,0.0,0.0,0.0,0.0,0.0,0.0,0.0,0.0,0.0,0.0,0.0,0.0,0.0,0.0,0.0,0.0,0.0,0.0,0.0,0.0,0.0,0.0,0.0,0.0,0.0,0.0,0.0,0.0,0.0,0.0,0.0,0.0,0.0,0.0,0.0,0.0
WASHROOM,0.7507210373878479,0.7845637202262878,-7.646532367289183e-07,0.7096951603889465,0.6848592162132263,-0.007998906075954437,0.704763650894165,0.5775649547576904,-0.011101439595222473,0.7260037660598755,0.4939349293708801,-0.021433673799037933,0.7422463893890381,0.42189425230026245,-0.028723888099193573,0.7352696061134338,0.5121703743934631,0.03418906778097153,0.7245521545410156,0.4504903554916382,-0.006310167256742716,0.7187132835388184,0.49862051010131836,-0.03355270251631737,0.7197645902633667,0.5512877702713013,-0.042529746890068054,0.7751191854476929,0.5271268486976624,0.02357308566570282,0.76282799243927,0.4664798378944397,-0.020558804273605347,0.7446244955062866,0.5439603328704834,-0.03770139813423157,0.7367493510246277,0.6083043217658997,-0.03467512130737305,0.8146880269050598,0.5528400540351868,0.00504472479224205,0.7947065234184265,0.520798921585083,-0.03821748122572899,0.7678108215332031,0.6042472124099731,-0.03482792526483536,0.7560238242149353,0.6626672744750977,-0.01621578261256218,0.8517670035362244,0.5887822508811951,-0.014890762977302074,0.8312597870826721,0.5536511540412903,-0.0338883250951767,0.8041448593139648,0.6061636209487915,-0.022573310881853104,0.7922666668891907,0.64531409740448,-0.005242109298706055,0.0,0.0,0.0,0.0,0.0,0.0,0.0,0.0,0.0,0.0,0.0,0.0,0.0,0.0,0.0,0.0,0.0,0.0,0.0,0.0,0.0,0.0,0.0,0.0,0.0,0.0,0.0,0.0,0.0,0.0,0.0,0.0,0.0,0.0,0.0,0.0,0.0,0.0,0.0,0.0,0.0,0.0,0.0,0.0,0.0,0.0,0.0,0.0,0.0,0.0,0.0,0.0,0.0,0.0,0.0,0.0,0.0,0.0,0.0,0.0,0.0,0.0,0.0
WASHROOM,0.7628701329231262,0.6167283058166504,-3.1684612622484565e-07,0.7286099791526794,0.5602598190307617,-0.011679158546030521,0.7192718982696533,0.4725729823112488,-0.016745802015066147,0.7352060079574585,0.4041766822338104,-0.025023512542247772,0.7549799084663391,0.34724199771881104,-0.0317232608795166,0.73240065574646,0.4300824999809265,0.010053664445877075,0.7114201784133911,0.3817841410636902,-0.026555363088846207,0.7130118608474731,0.3968559205532074,-0.05100773274898529,0.7198607325553894,0.4279945194721222,-0.06027793511748314,0.7703130841255188,0.43854543566703796,0.002109391614794731,0.7642609477043152,0.3764604926109314,-0.04083236679434776,0.7527245283126831,0.42804837226867676,-0.056771233677864075,0.7451350688934326,0.4806617200374603,-0.05359288677573204,0.8085859417915344,0.4610719084739685,-0.011253545060753822,0.7969897389411926,0.431998074054718,-0.0558096207678318,0.7754257321357727,0.5037807822227478,-0.05337062105536461,0.7618496417999268,0.5530826449394226,-0.03524933382868767,0.8432876467704773,0.49459201097488403,-0.025163749232888222,0.8315958976745605,0.4613448977470398,-0.05048031732439995,0.8090811967849731,0.5093814134597778,-0.04112236201763153,0.7954229712486267,0.5442897081375122,-0.024485547095537186,0.7538589835166931,0.6910011768341064,-2.3863859155426326e-07,0.7194042801856995,0.576483428478241,-0.00128948746714741,0.714790403842926,0.48180660605430603,-0.0016559910727664828,0.7345534563064575,0.4064211845397949,-0.01001392025500536,0.7521300911903381,0.3411444127559662,-0.016352225095033646,0.7390822768211365,0.437319278717041,0.04199890419840813,0.7240105271339417,0.38589051365852356,0.012990102171897888,0.7194061875343323,0.3947402834892273,-0.009878483600914478,0.7206297516822815,0.4188687205314636,-0.01875203102827072,0.7743580341339111,0.44877833127975464,0.031290311366319656,0.7656592130661011,0.3913971185684204,-0.0045329499989748,0.7513890862464905,0.44638335704803467,-0.021995283663272858,0.7434077858924866,0.501736044883728,-0.021358860656619072,0.8098200559616089,0.4714369773864746,0.014302288182079792,0.7960283756256104,0.4358610510826111,-0.0211191363632679,0.7743982672691345,0.5011916160583496,-0.019300704821944237,0.7620279788970947,0.5553069710731506,-0.0035160728730261326,0.8439671397209167,0.5054837465286255,-0.003547178814187646,0.8317078351974487,0.46430665254592896,-0.019409911707043648,0.8095792531967163,0.5069978833198547,-0.009661378338932991,0.7976290583610535,0.5467059016227722,0.00574178621172905
WASHROOM,0.691490650177002,0.6102583408355713,-3.6117944546276703e-07,0.6600385308265686,0.5220752954483032,0.011583331972360611,0.6571515202522278,0.4429694712162018,0.01854991726577282,0.6573456525802612,0.3745530843734741,0.018532762303948402,0.6517550945281982,0.31960630416870117,0.018292643129825592,0.6935951709747314,0.394756019115448,0.03501138463616371,0.6688008904457092,0.3248087167739868,0.026690823957324028,0.6485121250152588,0.3125793933868408,0.021278195083141327,0.639555037021637,0.3144049644470215,0.020168224349617958,0.7053192257881165,0.39977556467056274,0.02241326868534088,0.6541874408721924,0.346900999546051,0.009845021180808544,0.6326892375946045,0.3811730742454529,0.004940548911690712,0.6286059021949768,0.4156132936477661,0.007443698588758707,0.71541428565979,0.4136500954627991,0.007504726760089397,0.6582859754562378,0.38457006216049194,-0.005832498427480459,0.6435095071792603,0.43601882457733154,-0.00317928334698081,0.6477232575416565,0.47360560297966003,0.004575796891003847,0.7252548336982727,0.43523725867271423,-0.007130709942430258,0.6754788756370544,0.40643781423568726,-0.013236134313046932,0.6594562530517578,0.44524186849594116,-0.006470565218478441,0.6619255542755127,0.47424185276031494,0.002592674922198057,0.0,0.0,0.0,0.0,0.0,0.0,0.0,0.0,0.0,0.0,0.0,0.0,0.0,0.0,0.0,0.0,0.0,0.0,0.0,0.0,0.0,0.0,0.0,0.0,0.0,0.0,0.0,0.0,0.0,0.0,0.0,0.0,0.0,0.0,0.0,0.0,0.0,0.0,0.0,0.0,0.0,0.0,0.0,0.0,0.0,0.0,0.0,0.0,0.0,0.0,0.0,0.0,0.0,0.0,0.0,0.0,0.0,0.0,0.0,0.0,0.0,0.0,0.0
WASHROOM,0.600875973701477,0.48292118310928345,-1.1689768086853292e-07,0.6463112831115723,0.4197535514831543,-0.006079526152461767,0.6393899321556091,0.34483399987220764,-0.008693789131939411,0.6119798421859741,0.2866748869419098,-0.00881852675229311,0.5958295464515686,0.24225379526615143,-0.007173154037445784,0.619533896446228,0.32954883575439453,-0.024177908897399902,0.6285793781280518,0.24820184707641602,-0.03744812309741974,0.6318359375,0.2676093280315399,-0.04112885519862175,0.6287063360214233,0.30150106549263,-0.04061661288142204,0.5811107158660889,0.34067097306251526,-0.022238703444600105,0.5831162333488464,0.27364519238471985,-0.026103872805833817,0.594367504119873,0.2926836907863617,-0.02016443945467472,0.5983990430831909,0.3188284635543823,-0.016770511865615845,0.5522322058677673,0.35846376419067383,-0.020345458760857582,0.5590101480484009,0.3024572432041168,-0.020488444715738297,0.5719066262245178,0.3177052140235901,-0.010460054501891136,0.5753564238548279,0.3414468467235565,-0.00559712341055274,0.5322326421737671,0.37712377309799194,-0.018698085099458694,0.5433682799339294,0.3321898579597473,-0.01729930005967617,0.5562975406646729,0.342891126871109,-0.009242286905646324,0.558570921421051,0.3608858585357666,-0.003778883023187518,0.6232345700263977,0.5394939184188843,2.689495488539251e-07,0.6691651940345764,0.43434974551200867,0.002481087576597929,0.6619914770126343,0.3447016477584839,0.004773661028593779,0.631820559501648,0.2843141555786133,0.006576601415872574,0.6061447262763977,0.2539920508861542,0.010872899554669857,0.6331043839454651,0.33326637744903564,0.007264027837663889,0.6393718719482422,0.2473626732826233,0.006326129660010338,0.646092414855957,0.26741182804107666,0.006061655934900045,0.646713376045227,0.2973088026046753,0.008601817302405834,0.5961942076683044,0.3418005704879761,0.009085468016564846,0.5982909202575684,0.2657443583011627,0.015154263004660606,0.6100749969482422,0.2751801013946533,0.01628647930920124,0.6140619516372681,0.29786354303359985,0.016368191689252853,0.5693628787994385,0.3600988984107971,0.011239483021199703,0.5729461312294006,0.2970466613769531,0.021086549386382103,0.5900239944458008,0.3068760633468628,0.025135613977909088,0.596819281578064,0.32996195554733276,0.02626570127904415,0.5502704381942749,0.382018506526947,0.013597218319773674,0.5571050047874451,0.3247791826725006,0.024952314794063568,0.5725351572036743,0.3296893537044525,0.03333539888262749,0.5789353251457214,0.34992992877960205,0.0390440933406353
WASHROOM,0.812995195388794,0.517835795879364,-3.7886945847276365e-07,0.7652997970581055,0.4755347967147827,-0.01521878782659769,0.7384107708930969,0.3938067853450775,-0.02047921158373356,0.7404943108558655,0.32121366262435913,-0.028260553255677223,0.7437930107116699,0.2595955431461334,-0.033245936036109924,0.7408403754234314,0.3490043878555298,0.008427146822214127,0.7107316255569458,0.30700135231018066,-0.027436314150691032,0.7275530695915222,0.3373911678791046,-0.05091772601008415,0.7474761009216309,0.37252259254455566,-0.059411030262708664,0.7777905464172363,0.3452353775501251,0.003599288873374462,0.7601112723350525,0.29375511407852173,-0.03565744310617447,0.7660754919052124,0.3478177785873413,-0.05014678090810776,0.7720026969909668,0.39685487747192383,-0.04816127195954323,0.8167189955711365,0.35361140966415405,-0.0072327302768826485,0.801528811454773,0.3244817554950714,-0.04791122302412987,0.7961589694023132,0.3971165418624878,-0.045686110854148865,0.7939218282699585,0.44718849658966064,-0.029953444376587868,0.8545376658439636,0.3709714114665985,-0.019374938681721687,0.8384489417076111,0.3444449007511139,-0.043300922960042953,0.8262823820114136,0.39418283104896545,-0.03661054000258446,0.8214678764343262,0.43003296852111816,-0.023014836013317108,0.0,0.0,0.0,0.0,0.0,0.0,0.0,0.0,0.0,0.0,0.0,0.0,0.0,0.0,0.0,0.0,0.0,0.0,0.0,0.0,0.0,0.0,0.0,0.0,0.0,0.0,0.0,0.0,0.0,0.0,0.0,0.0,0.0,0.0,0.0,0.0,0.0,0.0,0.0,0.0,0.0,0.0,0.0,0.0,0.0,0.0,0.0,0.0,0.0,0.0,0.0,0.0,0.0,0.0,0.0,0.0,0.0,0.0,0.0,0.0,0.0,0.0,0.0
WASHROOM,0.8133611083030701,0.5057029128074646,-2.453816136949172e-07,0.764551043510437,0.46390247344970703,-0.012163473293185234,0.7378478646278381,0.38167935609817505,-0.016090473160147667,0.7394767999649048,0.3089413046836853,-0.022921694442629814,0.7423626780509949,0.248912051320076,-0.027738014236092567,0.7389864325523376,0.3390769362449646,0.011168008670210838,0.7112708687782288,0.2953360378742218,-0.02132316865026951,0.7219498157501221,0.3055034577846527,-0.04300206899642944,0.740970253944397,0.331863135099411,-0.050709668546915054,0.7748353481292725,0.33454278111457825,0.004957644734531641,0.7606479525566101,0.27963054180145264,-0.03296072408556938,0.7624027132987976,0.32894566655158997,-0.04666345939040184,0.767383873462677,0.37896156311035156,-0.04359607771039009,0.8130177855491638,0.34251096844673157,-0.0069487267173826694,0.8017815351486206,0.31300848722457886,-0.04580751433968544,0.7956175208091736,0.38189247250556946,-0.0434315949678421,0.7939903736114502,0.43120190501213074,-0.027699289843440056,0.8500099182128906,0.3605140745639801,-0.019817620515823364,0.8361786007881165,0.3304864764213562,-0.04212495684623718,0.8264773488044739,0.37969765067100525,-0.03483492508530617,0.8234729170799255,0.4159824550151825,-0.021043546497821808,0.0,0.0,0.0,0.0,0.0,0.0,0.0,0.0,0.0,0.0,0.0,0.0,0.0,0.0,0.0,0.0,0.0,0.0,0.0,0.0,0.0,0.0,0.0,0.0,0.0,0.0,0.0,0.0,0.0,0.0,0.0,0.0,0.0,0.0,0.0,0.0,0.0,0.0,0.0,0.0,0.0,0.0,0.0,0.0,0.0,0.0,0.0,0.0,0.0,0.0,0.0,0.0,0.0,0.0,0.0,0.0,0.0,0.0,0.0,0.0,0.0,0.0,0.0
WASHROOM,0.8120698928833008,0.5150066614151001,-3.8011771152923757e-07,0.7661682367324829,0.4711272716522217,-0.010649651288986206,0.7426000833511353,0.38901931047439575,-0.016350701451301575,0.7500028014183044,0.3188551366329193,-0.02550688572227955,0.7559278011322021,0.2597315013408661,-0.0325414277613163,0.7453444004058838,0.33836427330970764,0.009170647710561752,0.7189392447471619,0.29575467109680176,-0.024781500920653343,0.7273571491241455,0.3185131549835205,-0.047455064952373505,0.7421704530715942,0.35077399015426636,-0.05569150298833847,0.7816980481147766,0.33601292967796326,0.0014028758741915226,0.766308605670929,0.28662359714508057,-0.03606005385518074,0.7675988674163818,0.34286579489707947,-0.04917243868112564,0.7722280025482178,0.39308443665504456,-0.046352654695510864,0.8194084763526917,0.3462052345275879,-0.011855848133563995,0.8063272833824158,0.32033103704452515,-0.04920952022075653,0.799182653427124,0.39314860105514526,-0.045734647661447525,0.7960697412490845,0.44249653816223145,-0.030268413946032524,0.8557623624801636,0.3659667372703552,-0.026087550446391106,0.8405005931854248,0.3415291905403137,-0.046621788293123245,0.8277327418327332,0.39309564232826233,-0.038242168724536896,0.8210779428482056,0.4287709593772888,-0.024371333420276642,0.0,0.0,0.0,0.0,0.0,0.0,0.0,0.0,0.0,0.0,0.0,0.0,0.0,0.0,0.0,0.0,0.0,0.0,0.0,0.0,0.0,0.0,0.0,0.0,0.0,0.0,0.0,0.0,0.0,0.0,0.0,0.0,0.0,0.0,0.0,0.0,0.0,0.0,0.0,0.0,0.0,0.0,0.0,0.0,0.0,0.0,0.0,0.0,0.0,0.0,0.0,0.0,0.0,0.0,0.0,0.0,0.0,0.0,0.0,0.0,0.0,0.0,0.0
WASHROOM,0.8281726837158203,0.5488558411598206,-4.648177593935543e-07,0.7931505441665649,0.49771642684936523,-0.010246672667562962,0.7837964296340942,0.4253219962120056,-0.018846560269594193,0.7985431551933289,0.36497291922569275,-0.03061334602534771,0.8125824332237244,0.3169746994972229,-0.039525993168354034,0.789661705493927,0.38928931951522827,0.002496042288839817,0.7806467413902283,0.33724072575569153,-0.03018365427851677,0.7908022403717041,0.37447670102119446,-0.051337581127882004,0.8010295033454895,0.4148510694503784,-0.05869964510202408,0.8213028907775879,0.39661669731140137,-0.004440664779394865,0.8245073556900024,0.33910027146339417,-0.03771822527050972,0.8230982422828674,0.38262516260147095,-0.049960944801568985,0.8210186958312988,0.4217269718647003,-0.04905812442302704,0.8521539568901062,0.41172611713409424,-0.015978146344423294,0.8513649702072144,0.3801300823688507,-0.04812338948249817,0.8391178846359253,0.43871811032295227,-0.04573630169034004,0.8307402729988098,0.478416383266449,-0.0336308553814888,0.8817741870880127,0.4326249957084656,-0.028268642723560333,0.8762458562850952,0.40135541558265686,-0.04298127815127373,0.8639068603515625,0.4424242675304413,-0.03376401215791702,0.8573663830757141,0.47273391485214233,-0.021506210789084435,0.0,0.0,0.0,0.0,0.0,0.0,0.0,0.0,0.0,0.0,0.0,0.0,0.0,0.0,0.0,0.0,0.0,0.0,0.0,0.0,0.0,0.0,0.0,0.0,0.0,0.0,0.0,0.0,0.0,0.0,0.0,0.0,0.0,0.0,0.0,0.0,0.0,0.0,0.0,0.0,0.0,0.0,0.0,0.0,0.0,0.0,0.0,0.0,0.0,0.0,0.0,0.0,0.0,0.0,0.0,0.0,0.0,0.0,0.0,0.0,0.0,0.0,0.0
WASHROOM,0.6476941108703613,0.5719058513641357,-6.140883783700701e-07,0.6150490045547485,0.5070592761039734,0.002848067320883274,0.6063832640647888,0.4391431510448456,0.002799018518999219,0.6128128170967102,0.3834841847419739,-0.0036882285494357347,0.621934711933136,0.3354208469390869,-0.009299441240727901,0.6356273889541626,0.3938579857349396,0.029026422649621964,0.6150177121162415,0.35407429933547974,0.005551219452172518,0.5990022420883179,0.3783162534236908,-0.011763181537389755,0.592309296131134,0.4097295105457306,-0.018725059926509857,0.6568940877914429,0.39851903915405273,0.018009968101978302,0.6274670362472534,0.36105507612228394,-0.006935124285519123,0.6136970520019531,0.4079420864582062,-0.01802678033709526,0.6128814816474915,0.4496190845966339,-0.01810568943619728,0.6787631511688232,0.41215750575065613,0.002756126457825303,0.6428289413452148,0.388943076133728,-0.021908268332481384,0.632957935333252,0.4432772099971771,-0.018967634066939354,0.6365078687667847,0.4832315444946289,-0.008557893335819244,0.6999319791793823,0.4344955086708069,-0.012952335178852081,0.6652257442474365,0.40987923741340637,-0.025524156168103218,0.6545439958572388,0.446882039308548,-0.01842924766242504,0.658420979976654,0.47597914934158325,-0.008069424889981747,0.0,0.0,0.0,0.0,0.0,0.0,0.0,0.0,0.0,0.0,0.0,0.0,0.0,0.0,0.0,0.0,0.0,0.0,0.0,0.0,0.0,0.0,0.0,0.0,0.0,0.0,0.0,0.0,0.0,0.0,0.0,0.0,0.0,0.0,0.0,0.0,0.0,0.0,0.0,0.0,0.0,0.0,0.0,0.0,0.0,0.0,0.0,0.0,0.0,0.0,0.0,0.0,0.0,0.0,0.0,0.0,0.0,0.0,0.0,0.0,0.0,0.0,0.0
WASHROOM,0.6383732557296753,0.5636187791824341,-5.515778411790961e-07,0.60732501745224,0.5107989311218262,0.0009418859845027328,0.595828652381897,0.44042065739631653,0.0009353518253192306,0.6002669930458069,0.3841594159603119,-0.0041884989477694035,0.606867790222168,0.33659225702285767,-0.00828560721129179,0.6295005679130554,0.3896240293979645,0.021614469587802887,0.6049484610557556,0.35668209195137024,-0.0006250679143704474,0.5881956219673157,0.38192281126976013,-0.014635280705988407,0.5830436944961548,0.4104968011379242,-0.019330089911818504,0.6515687108039856,0.3953797221183777,0.012136433273553848,0.6135250926017761,0.3649789094924927,-0.013421593233942986,0.599652111530304,0.4166051149368286,-0.021270224824547768,0.6012734770774841,0.45936641097068787,-0.01809488981962204,0.6722671985626221,0.4112117290496826,-0.0013322992017492652,0.6287071704864502,0.39980924129486084,-0.027450870722532272,0.6207574605941772,0.4565126299858093,-0.024106565862894058,0.6263136267662048,0.49498534202575684,-0.012485074810683727,0.6903060674667358,0.4352177679538727,-0.014994151890277863,0.6512268781661987,0.4196031987667084,-0.028716815635561943,0.6431776285171509,0.45617949962615967,-0.02286338433623314,0.6492848992347717,0.4817262291908264,-0.012894861400127411,0.0,0.0,0.0,0.0,0.0,0.0,0.0,0.0,0.0,0.0,0.0,0.0,0.0,0.0,0.0,0.0,0.0,0.0,0.0,0.0,0.0,0.0,0.0,0.0,0.0,0.0,0.0,0.0,0.0,0.0,0.0,0.0,0.0,0.0,0.0,0.0,0.0,0.0,0.0,0.0,0.0,0.0,0.0,0.0,0.0,0.0,0.0,0.0,0.0,0.0,0.0,0.0,0.0,0.0,0.0,0.0,0.0,0.0,0.0,0.0,0.0,0.0,0.0
WASHROOM,0.8356031179428101,0.5252705216407776,-2.2851065750728594e-07,0.7966960072517395,0.48040640354156494,-0.014908500015735626,0.7829803228378296,0.405119389295578,-0.01922331191599369,0.7935598492622375,0.34083956480026245,-0.02530217170715332,0.8026059865951538,0.2901195287704468,-0.029042251408100128,0.7827901244163513,0.3728155493736267,0.008668140508234501,0.7720744013786316,0.327473521232605,-0.021652067080140114,0.7850774526596069,0.34907615184783936,-0.04177342355251312,0.798988401889801,0.37899670004844666,-0.04872261360287666,0.816056489944458,0.3756060302257538,0.0055497088469564915,0.8204770684242249,0.3177281320095062,-0.027206208556890488,0.8197780251502991,0.35816070437431335,-0.039781320840120316,0.818307638168335,0.39729270339012146,-0.03729851171374321,0.8481748104095459,0.3878353536128998,-0.002848723903298378,0.8533881306648254,0.35369935631752014,-0.038117725402116776,0.8413366675376892,0.410230427980423,-0.036485254764556885,0.8340662717819214,0.44977396726608276,-0.022166496142745018,0.8792411088943481,0.4087333679199219,-0.012340079993009567,0.8793003559112549,0.3758658766746521,-0.03254568576812744,0.8668890595436096,0.4160338044166565,-0.025407539680600166,0.8607599139213562,0.44667690992355347,-0.012252146378159523,0.0,0.0,0.0,0.0,0.0,0.0,0.0,0.0,0.0,0.0,0.0,0.0,0.0,0.0,0.0,0.0,0.0,0.0,0.0,0.0,0.0,0.0,0.0,0.0,0.0,0.0,0.0,0.0,0.0,0.0,0.0,0.0,0.0,0.0,0.0,0.0,0.0,0.0,0.0,0.0,0.0,0.0,0.0,0.0,0.0,0.0,0.0,0.0,0.0,0.0,0.0,0.0,0.0,0.0,0.0,0.0,0.0,0.0,0.0,0.0,0.0,0.0,0.0
WASHROOM,0.8086246848106384,0.5134977102279663,-9.489667718298733e-08,0.7695719003677368,0.46498608589172363,-0.00882031861692667,0.7553775310516357,0.39260751008987427,-0.012120111845433712,0.7652080655097961,0.33166661858558655,-0.018873317167162895,0.773629903793335,0.28297117352485657,-0.02387170121073723,0.7545082569122314,0.36025041341781616,0.013686696998775005,0.7407787442207336,0.3181012272834778,-0.012369362637400627,0.753665566444397,0.33437371253967285,-0.030557146295905113,0.7670168876647949,0.35995611548423767,-0.03669419139623642,0.7858728170394897,0.36223727464675903,0.007908620871603489,0.783613383769989,0.30776798725128174,-0.021588124334812164,0.7834818959236145,0.3381407856941223,-0.0338422916829586,0.7834147214889526,0.37396717071533203,-0.032408248633146286,0.8179088830947876,0.37390026450157166,-0.002706886036321521,0.8150865435600281,0.33870720863342285,-0.03288010507822037,0.8037459254264832,0.39457201957702637,-0.03178086504340172,0.7973718643188477,0.43832361698150635,-0.01937740668654442,0.8485342860221863,0.39305925369262695,-0.014148429967463017,0.8426863551139832,0.35886186361312866,-0.029882632195949554,0.8312451243400574,0.3976920247077942,-0.022872736677527428,0.8266795873641968,0.43015578389167786,-0.010980550199747086,0.0,0.0,0.0,0.0,0.0,0.0,0.0,0.0,0.0,0.0,0.0,0.0,0.0,0.0,0.0,0.0,0.0,0.0,0.0,0.0,0.0,0.0,0.0,0.0,0.0,0.0,0.0,0.0,0.0,0.0,0.0,0.0,0.0,0.0,0.0,0.0,0.0,0.0,0.0,0.0,0.0,0.0,0.0,0.0,0.0,0.0,0.0,0.0,0.0,0.0,0.0,0.0,0.0,0.0,0.0,0.0,0.0,0.0,0.0,0.0,0.0,0.0,0.0
WASHROOM,0.8065907955169678,0.5125690698623657,-2.0560187863338797e-07,0.7676241993904114,0.4687899351119995,-0.010456530377268791,0.7523611783981323,0.3998650312423706,-0.015104995109140873,0.760391891002655,0.3399536609649658,-0.022366130724549294,0.7678461670875549,0.29204440116882324,-0.0274707842618227,0.7486753463745117,0.3662291467189789,0.00844920240342617,0.7347792387008667,0.3214572072029114,-0.02105456404387951,0.7493154406547546,0.34108591079711914,-0.04240277782082558,0.7644230127334595,0.37354210019111633,-0.05042341724038124,0.7798565626144409,0.36570149660110474,0.003014808986335993,0.7781527638435364,0.3118024170398712,-0.02825985476374626,0.7809542417526245,0.34849289059638977,-0.04153033718466759,0.7820171117782593,0.3912636339664459,-0.040951889008283615,0.8118061423301697,0.37543362379074097,-0.007138500921428204,0.8120463490486145,0.34177201986312866,-0.03773750737309456,0.8046536445617676,0.396243691444397,-0.035775039345026016,0.7987680435180664,0.43918898701667786,-0.02352195791900158,0.8426970839500427,0.39380568265914917,-0.0184374637901783,0.8404737114906311,0.3618042767047882,-0.035362351685762405,0.8305668234825134,0.4010446071624756,-0.028169842436909676,0.8244107365608215,0.43377113342285156,-0.016329307109117508,0.0,0.0,0.0,0.0,0.0,0.0,0.0,0.0,0.0,0.0,0.0,0.0,0.0,0.0,0.0,0.0,0.0,0.0,0.0,0.0,0.0,0.0,0.0,0.0,0.0,0.0,0.0,0.0,0.0,0.0,0.0,0.0,0.0,0.0,0.0,0.0,0.0,0.0,0.0,0.0,0.0,0.0,0.0,0.0,0.0,0.0,0.0,0.0,0.0,0.0,0.0,0.0,0.0,0.0,0.0,0.0,0.0,0.0,0.0,0.0,0.0,0.0,0.0
WASHROOM,0.6123565435409546,0.6681421995162964,-5.614566020994971e-07,0.570949137210846,0.6068755984306335,0.003188549308106303,0.5588439702987671,0.5351660847663879,0.0034555981401354074,0.5594772696495056,0.47609424591064453,-0.0026453626342117786,0.5682975053787231,0.42776742577552795,-0.007704947143793106,0.5971759557723999,0.47778964042663574,0.02729862555861473,0.5871779918670654,0.42411312460899353,0.006953545846045017,0.5729789137840271,0.4269910752773285,-0.006876606494188309,0.5682377815246582,0.44092750549316406,-0.013066592626273632,0.6164528727531433,0.48042213916778564,0.01605181023478508,0.571647584438324,0.44506901502609253,-0.009732194244861603,0.552284300327301,0.4929836392402649,-0.01849423535168171,0.5528685450553894,0.532584011554718,-0.016783926635980606,0.6348411440849304,0.49316251277923584,0.0008263613563030958,0.5836210250854492,0.4766656160354614,-0.025328435003757477,0.5760466456413269,0.5318257212638855,-0.021152883768081665,0.5851923823356628,0.568178653717041,-0.009812531992793083,0.6520283222198486,0.5156042575836182,-0.014837688766419888,0.6055973768234253,0.49928760528564453,-0.029614975675940514,0.5985841751098633,0.5381497144699097,-0.02361171692609787,0.6089064478874207,0.5643633604049683,-0.01373226847499609,0.0,0.0,0.0,0.0,0.0,0.0,0.0,0.0,0.0,0.0,0.0,0.0,0.0,0.0,0.0,0.0,0.0,0.0,0.0,0.0,0.0,0.0,0.0,0.0,0.0,0.0,0.0,0.0,0.0,0.0,0.0,0.0,0.0,0.0,0.0,0.0,0.0,0.0,0.0,0.0,0.0,0.0,0.0,0.0,0.0,0.0,0.0,0.0,0.0,0.0,0.0,0.0,0.0,0.0,0.0,0.0,0.0,0.0,0.0,0.0,0.0,0.0,0.0
WASHROOM,0.7475151419639587,0.5450673699378967,-4.2148218426518724e-07,0.7090762853622437,0.4914419651031494,-0.0017632328672334552,0.6934080123901367,0.4215046167373657,-0.0025755888782441616,0.7043348550796509,0.36192160844802856,-0.008570859208703041,0.7183941602706909,0.31369566917419434,-0.014088519848883152,0.7073041796684265,0.3902425467967987,0.01873050630092621,0.6856458187103271,0.343587726354599,-0.005822995211929083,0.6856236457824707,0.3591919541358948,-0.022634591907262802,0.6927380561828613,0.3889932930469513,-0.028368772938847542,0.7349112033843994,0.39045408368110657,0.009562449529767036,0.7200542688369751,0.3331424593925476,-0.018145132809877396,0.7144246697425842,0.37142184376716614,-0.03029567003250122,0.7149829268455505,0.4164525270462036,-0.02920493111014366,0.7653766870498657,0.3994995355606079,-0.0034113989677280188,0.749002993106842,0.36426419019699097,-0.033337827771902084,0.7404026389122009,0.42166373133659363,-0.03257567435503006,0.7397924661636353,0.4673359990119934,-0.02078154683113098,0.796511173248291,0.41779810190200806,-0.016500324010849,0.779399573802948,0.3781109154224396,-0.03348522260785103,0.7671271562576294,0.41759276390075684,-0.026259832084178925,0.7641331553459167,0.45411497354507446,-0.014269408769905567,0.0,0.0,0.0,0.0,0.0,0.0,0.0,0.0,0.0,0.0,0.0,0.0,0.0,0.0,0.0,0.0,0.0,0.0,0.0,0.0,0.0,0.0,0.0,0.0,0.0,0.0,0.0,0.0,0.0,0.0,0.0,0.0,0.0,0.0,0.0,0.0,0.0,0.0,0.0,0.0,0.0,0.0,0.0,0.0,0.0,0.0,0.0,0.0,0.0,0.0,0.0,0.0,0.0,0.0,0.0,0.0,0.0,0.0,0.0,0.0,0.0,0.0,0.0
